Unnamed: 0,game_name,app_id,review_text,review_length,hours_played,review_date,owners,developers,publishers,genres,platforms,categories,release_date,price
83,Counter-Strike: Global Offensive,730,yes very well my eye are gone after the flash bang,52,23.95,2026-03-01 22:35:30,"100,000,000 .. 200,000,000",['Valve'],['Valve'],"['Action', 'Free To Play']","['windows', 'linux']","['Multi-player', 'Cross-Platform Multiplayer', 'Steam Trading Cards', 'Steam Workshop', 'In-App Purchases', 'Adjustable Text Size', 'Camera Comfort', 'Color Alternatives', 'Custom Volume Controls', 'Playable without Timed Input', 'Stereo Sound', 'Surround Sound', 'Valve Anti-Cheat enabled', 'Stats', 'Remote Play on Phone', 'Remote Play on Tablet', 'Remote Play on TV', 'Steam Timeline']","Aug 21, 2012",
53,Counter-Strike: Global Offensive,730,a awesome a always but please bring the other arm race map like the moon etc,85,209.76666666666668,2026-03-01 23:39:12,"100,000,000 .. 200,000,000",['Valve'],['Valve'],"['Action', 'Free To Play']","['windows', 'linux']","['Multi-player', 'Cross-Platform Multiplayer', 'Steam Trading Cards', 'Steam Workshop', 'In-App Purchases', 'Adjustable Text Size', 'Camera Comfort', 'Color Alternatives', 'Custom Volume Controls', 'Playable without Timed Input', 'Stereo Sound', 'Surround Sound', 'Valve Anti-Cheat enabled', 'Stats', 'Remote Play on Phone', 'Remote Play on Tablet', 'Remote Play on TV', 'Steam Timeline']","Aug 21, 2012",
70,Counter-Strike: Global Offensive,730,toooooooo good,14,27.5,2026-03-01 23:00:25,"100,000,000 .. 200,000,000",['Valve'],['Valve'],"['Action', 'Free To Play']","['windows', 'linux']","['Multi-player', 'Cross-Platform Multiplayer', 'Steam Trading Cards', 'Steam Workshop', 'In-App Purchases', 'Adjustable Text Size', 'Camera Comfort', 'Color Alternatives', 'Custom Volume Controls', 'Playable without Timed Input', 'Stereo Sound', 'Surround Sound', 'Valve Anti-Cheat enabled', 'Stats', 'Remote Play on Phone', 'Remote Play on Tablet', 'Remote Play on TV', 'Steam Timeline']","Aug 21, 2012",
45,Counter-Strike: Global Offensive,730,counter strike is the best game in the world and the graphic are crazy and the gameplay,88,114.66666666666669,2026-03-02 00:02:24,"100,000,000 .. 200,000,000",['Valve'],['Valve'],"['Action', 'Free To Play']","['windows', 'linux']","['Multi-player', 'Cross-Platform Multiplayer', 'Steam Trading Cards', 'Steam Workshop', 'In-App Purchases', 'Adjustable Text Size', 'Camera Comfort', 'Color Alternatives', 'Custom Volume Controls', 'Playable without Timed Input', 'Stereo Sound', 'Surround Sound', 'Valve Anti-Cheat enabled', 'Stats', 'Remote Play on Phone', 'Remote Play on Tablet', 'Remote Play on TV', 'Steam Timeline']","Aug 21, 2012",
44,Counter-Strike: Global Offensive,730,game y volvo,19,855.2166666666667,2026-03-02 00:05:50,"100,000,000 .. 200,000,000",['Valve'],['Valve'],"['Action', 'Free To Play']","['windows', 'linux']","['Multi-player', 'Cross-Platform Multiplayer', 'Steam Trading Cards', 'Steam Workshop', 'In-App Purchases', 'Adjustable Text Size', 'Camera Comfort', 'Color Alternatives', 'Custom Volume Controls', 'Playable without Timed Input', 'Stereo Sound', 'Surround Sound', 'Valve Anti-Cheat enabled', 'Stats', 'Remote Play on Phone', 'Remote Play on Tablet', 'Remote Play on TV', 'Steam Timeline']","Aug 21, 2012",
39,Counter-Strike: Global Offensive,730,game getting farmed by cheater and their friend that are getting boosted cant you have some statistical model predict cheater predator case economy is also,192,1324.0,2026-03-02 00:23:03,"100,000,000 .. 200,000,000",['Valve'],['Valve'],"['Action', 'Free To Play']","['windows', 'linux']","['Multi-player', 'Cross-Platform Multiplayer', 'Steam Trading Cards', 'Steam Workshop', 'In-App Purchases', 'Adjustable Text Size', 'Camera Comfort', 'Color Alternatives', 'Custom Volume Controls', 'Playable without Timed Input', 'Stereo Sound', 'Surround Sound', 'Valve Anti-Cheat enabled', 'Stats', 'Remote Play on Phone', 'Remote Play on Tablet', 'Remote Play on TV', 'Steam Timeline']","Aug 21, 2012",
22,Counter-Strike: Global Offensive,730,over k in case to get i had to get a therapist after playing this game please do not play i have severe anxiety and schizophrenia,143,206.71666666666667,2026-03-02 00:50:45,"100,000,000 .. 200,000,000",['Valve'],['Valve'],"['Action', 'Free To Play']","['windows', 'linux']","['Multi-player', 'Cross-Platform Multiplayer', 'Steam Trading Cards', 'Steam Workshop', 'In-App Purchases', 'Adjustable Text Size', 'Camera Comfort', 'Color Alternatives', 'Custom Volume Controls', 'Playable without Timed Input', 'Stereo Sound', 'Surround Sound', 'Valve Anti-Cheat enabled', 'Stats', 'Remote Play on Phone', 'Remote Play on Tablet', 'Remote Play on TV', 'Steam Timeline']","Aug 21, 2012",
80,Counter-Strike: Global Offensive,730,love this game,15,49.88333333333333,2026-03-01 22:42:09,"100,000,000 .. 200,000,000",['Valve'],['Valve'],"['Action', 'Free To Play']","['windows', 'linux']","['Multi-player', 'Cross-Platform Multiplayer', 'Steam Trading Cards', 'Steam Workshop', 'In-App Purchases', 'Adjustable Text Size', 'Camera Comfort', 'Color Alternatives', 'Custom Volume Controls', 'Playable without Timed Input', 'Stereo Sound', 'Surround Sound', 'Valve Anti-Cheat enabled', 'Stats', 'Remote Play on Phone', 'Remote Play on Tablet', 'Remote Play on TV', 'Steam Timeline']","Aug 21, 2012",
10,Counter-Strike: Global Offensive,730,after year of not playing the last time i played it took some getting used to but when i got into it it basically didn t change that much a lot of little thing added to the positive and when i m not dealing with occasional cheater who were always on c and i have voice chat turned off i can play casual just for fun,306,52.9,2026-03-02 01:23:52,"100,000,000 .. 200,000,000",['Valve'],['Valve'],"['Action', 'Free To Play']","['windows', 'linux']","['Multi-player', 'Cross-Platform Multiplayer', 'Steam Trading Cards', 'Steam Workshop', 'In-App Purchases', 'Adjustable Text Size', 'Camera Comfort', 'Color Alternatives', 'Custom Volume Controls', 'Playable without Timed Input', 'Stereo Sound', 'Surround Sound', 'Valve Anti-Cheat enabled', 'Stats', 'Remote Play on Phone', 'Remote Play on Tablet', 'Remote Play on TV', 'Steam Timeline']","Aug 21, 2012",
0,Counter-Strike: Global Offensive,730,pookajaj bam bam,15,197.21666666666667,2026-03-02 01:55:35,"100,000,000 .. 200,000,000",['Valve'],['Valve'],"['Action', 'Free To Play']","['windows', 'linux']","['Multi-player', 'Cross-Platform Multiplayer', 'Steam Trading Cards', 'Steam Workshop', 'In-App Purchases', 'Adjustable Text Size', 'Camera Comfort', 'Color Alternatives', 'Custom Volume Controls', 'Playable without Timed Input', 'Stereo Sound', 'Surround Sound', 'Valve Anti-Cheat enabled', 'Stats', 'Remote Play on Phone', 'Remote Play on Tablet', 'Remote Play on TV', 'Steam Timeline']","Aug 21, 2012",
183,Apex Legends,1172470,new battlepass system killed this game,38,78.06666666666666,2024-07-16 18:10:45,"100,000,000 .. 200,000,000",['Respawn'],['Electronic Arts'],"['Action', 'Adventure', 'Free To Play']",['windows'],"['Multi-player', 'PvP', 'Online PvP', 'Co-op', 'Online Co-op', 'Steam Achievements', 'Full controller support', 'Steam Trading Cards', 'In-App Purchases', 'Chat Speech-to-text', 'Playable without Timed Input']","Nov 4, 2020",
153,Apex Legends,1172470,it alright i guess,20,1141.0333333333333,2024-10-20 04:34:54,"100,000,000 .. 200,000,000",['Respawn'],['Electronic Arts'],"['Action', 'Adventure', 'Free To Play']",['windows'],"['Multi-player', 'PvP', 'Online PvP', 'Co-op', 'Online Co-op', 'Steam Achievements', 'Full controller support', 'Steam Trading Cards', 'In-App Purchases', 'Chat Speech-to-text', 'Playable without Timed Input']","Nov 4, 2020",
170,Apex Legends,1172470,i had fun once upon a time but now it s just silly hacker cheater everywhere plus super expensive price for boring content uninstalled back to titanfall,165,330.26666666666665,2024-07-24 20:59:27,"100,000,000 .. 200,000,000",['Respawn'],['Electronic Arts'],"['Action', 'Adventure', 'Free To Play']",['windows'],"['Multi-player', 'PvP', 'Online PvP', 'Co-op', 'Online Co-op', 'Steam Achievements', 'Full controller support', 'Steam Trading Cards', 'In-App Purchases', 'Chat Speech-to-text', 'Playable without Timed Input']","Nov 4, 2020",
145,Apex Legends,1172470,overwatch is finally dead,35,220.11666666666667,2024-12-06 05:10:24,"100,000,000 .. 200,000,000",['Respawn'],['Electronic Arts'],"['Action', 'Adventure', 'Free To Play']",['windows'],"['Multi-player', 'PvP', 'Online PvP', 'Co-op', 'Online Co-op', 'Steam Achievements', 'Full controller support', 'Steam Trading Cards', 'In-App Purchases', 'Chat Speech-to-text', 'Playable without Timed Input']","Nov 4, 2020",
144,Apex Legends,1172470,solo queuing is absolutely painful and make me want to suck off a mm,70,1478.1666666666667,2024-12-13 10:17:35,"100,000,000 .. 200,000,000",['Respawn'],['Electronic Arts'],"['Action', 'Adventure', 'Free To Play']",['windows'],"['Multi-player', 'PvP', 'Online PvP', 'Co-op', 'Online Co-op', 'Steam Achievements', 'Full controller support', 'Steam Trading Cards', 'In-App Purchases', 'Chat Speech-to-text', 'Playable without Timed Input']","Nov 4, 2020",
139,Apex Legends,1172470,play apex stop playing for month log back in to a message saying i ve been banned permanently go to appeal ea upholds the ban even though i literally didn t do anything,179,66.2,2025-02-14 18:05:21,"100,000,000 .. 200,000,000",['Respawn'],['Electronic Arts'],"['Action', 'Adventure', 'Free To Play']",['windows'],"['Multi-player', 'PvP', 'Online PvP', 'Co-op', 'Online Co-op', 'Steam Achievements', 'Full controller support', 'Steam Trading Cards', 'In-App Purchases', 'Chat Speech-to-text', 'Playable without Timed Input']","Nov 4, 2020",
122,Apex Legends,1172470,good,10,2107.25,2025-07-08 15:03:47,"100,000,000 .. 200,000,000",['Respawn'],['Electronic Arts'],"['Action', 'Adventure', 'Free To Play']",['windows'],"['Multi-player', 'PvP', 'Online PvP', 'Co-op', 'Online Co-op', 'Steam Achievements', 'Full controller support', 'Steam Trading Cards', 'In-App Purchases', 'Chat Speech-to-text', 'Playable without Timed Input']","Nov 4, 2020",
180,Apex Legends,1172470,apex is dead rip,16,2747.516666666667,2024-07-17 07:37:26,"100,000,000 .. 200,000,000",['Respawn'],['Electronic Arts'],"['Action', 'Adventure', 'Free To Play']",['windows'],"['Multi-player', 'PvP', 'Online PvP', 'Co-op', 'Online Co-op', 'Steam Achievements', 'Full controller support', 'Steam Trading Cards', 'In-App Purchases', 'Chat Speech-to-text', 'Playable without Timed Input']","Nov 4, 2020",
110,Apex Legends,1172470,rank change suck you don t get to choose where you start on the map any more it even more rng b if you get the best loot spot on the map or you get a middle of no where start with building to loot between three people kill participation mean nothing now so kill in a battle royal don t help you in ranking up if you do find a team it turn into a chase sim or a running sim depending on if you are up against the team who play hour a day i want to shoot in my shooting game not play parkour cat and mouse it another season of the rat season so if you want master just hide till top five team you don t need to show any gun play skill tldr stop making normal player use this half baked alcs format in ranked we aren t pro player and shouldn t have to play like them this only started since pro team had an unspoken agreement to starting area on the map when the drop ship wa still a thing in pro play,936,11.033333333333331,2025-09-27 04:26:55,"100,000,000 .. 200,000,000",['Respawn'],['Electronic Arts'],"['Action', 'Adventure', 'Free To Play']",['windows'],"['Multi-player', 'PvP', 'Online PvP', 'Co-op', 'Online Co-op', 'Steam Achievements', 'Full controller support', 'Steam Trading Cards', 'In-App Purchases', 'Chat Speech-to-text', 'Playable without Timed Input']","Nov 4, 2020",
100,Apex Legends,1172470,lol,4,139.33333333333334,2026-03-01 12:00:19,"100,000,000 .. 200,000,000",['Respawn'],['Electronic Arts'],"['Action', 'Adventure', 'Free To Play']",['windows'],"['Multi-player', 'PvP', 'Online PvP', 'Co-op', 'Online Co-op', 'Steam Achievements', 'Full controller support', 'Steam Trading Cards', 'In-App Purchases', 'Chat Speech-to-text', 'Playable without Timed Input']","Nov 4, 2020",
283,PUBG: BATTLEGROUNDS,578080,one of the gamest game ever made gamers,41,498.1,2026-02-18 23:18:47,"100,000,000 .. 200,000,000",['PUBG Corporation'],"['KRAFTON, Inc.']","['Action', 'Adventure', 'Massively Multiplayer', 'Free To Play']",['windows'],"['Multi-player', 'PvP', 'Online PvP', 'Stats', 'Remote Play on Phone', 'Remote Play on Tablet']","Dec 21, 2017",
253,PUBG: BATTLEGROUNDS,578080,too much esp,12,559.2,2026-02-22 03:20:47,"100,000,000 .. 200,000,000",['PUBG Corporation'],"['KRAFTON, Inc.']","['Action', 'Adventure', 'Massively Multiplayer', 'Free To Play']",['windows'],"['Multi-player', 'PvP', 'Online PvP', 'Stats', 'Remote Play on Phone', 'Remote Play on Tablet']","Dec 21, 2017",
245,PUBG: BATTLEGROUNDS,578080,it fun just a lot of cheater,33,783.0166666666667,2026-02-22 23:29:41,"100,000,000 .. 200,000,000",['PUBG Corporation'],"['KRAFTON, Inc.']","['Action', 'Adventure', 'Massively Multiplayer', 'Free To Play']",['windows'],"['Multi-player', 'PvP', 'Online PvP', 'Stats', 'Remote Play on Phone', 'Remote Play on Tablet']","Dec 21, 2017",
244,PUBG: BATTLEGROUNDS,578080,best realism,12,698.6833333333333,2026-02-23 08:03:58,"100,000,000 .. 200,000,000",['PUBG Corporation'],"['KRAFTON, Inc.']","['Action', 'Adventure', 'Massively Multiplayer', 'Free To Play']",['windows'],"['Multi-player', 'PvP', 'Online PvP', 'Stats', 'Remote Play on Phone', 'Remote Play on Tablet']","Dec 21, 2017",
239,PUBG: BATTLEGROUNDS,578080,bubba g or fortnite bubba geeeeeeee,35,9.583333333333334,2026-02-23 12:30:13,"100,000,000 .. 200,000,000",['PUBG Corporation'],"['KRAFTON, Inc.']","['Action', 'Adventure', 'Massively Multiplayer', 'Free To Play']",['windows'],"['Multi-player', 'PvP', 'Online PvP', 'Stats', 'Remote Play on Phone', 'Remote Play on Tablet']","Dec 21, 2017",
222,PUBG: BATTLEGROUNDS,578080,initializing,12,182.41666666666663,2026-02-26 16:09:14,"100,000,000 .. 200,000,000",['PUBG Corporation'],"['KRAFTON, Inc.']","['Action', 'Adventure', 'Massively Multiplayer', 'Free To Play']",['windows'],"['Multi-player', 'PvP', 'Online PvP', 'Stats', 'Remote Play on Phone', 'Remote Play on Tablet']","Dec 21, 2017",
280,PUBG: BATTLEGROUNDS,578080,cool game,10,2207.3,2026-02-19 02:53:50,"100,000,000 .. 200,000,000",['PUBG Corporation'],"['KRAFTON, Inc.']","['Action', 'Adventure', 'Massively Multiplayer', 'Free To Play']",['windows'],"['Multi-player', 'PvP', 'Online PvP', 'Stats', 'Remote Play on Phone', 'Remote Play on Tablet']","Dec 21, 2017",
210,PUBG: BATTLEGROUNDS,578080,still a game with mechanic with cheater with slow asf movment and wayyyy to small fast zone for map size literally the game is all about getting into zone and nothing else shame wa so much fun when it first came out,251,348.56666666666666,2026-02-28 10:59:18,"100,000,000 .. 200,000,000",['PUBG Corporation'],"['KRAFTON, Inc.']","['Action', 'Adventure', 'Massively Multiplayer', 'Free To Play']",['windows'],"['Multi-player', 'PvP', 'Online PvP', 'Stats', 'Remote Play on Phone', 'Remote Play on Tablet']","Dec 21, 2017",
200,PUBG: BATTLEGROUNDS,578080,i wa casually banned for absolutelly no reason now i have a game ban in my history for playing game it not good dont play never play if you want a clean account,164,1.2666666666666666,2026-03-01 20:01:34,"100,000,000 .. 200,000,000",['PUBG Corporation'],"['KRAFTON, Inc.']","['Action', 'Adventure', 'Massively Multiplayer', 'Free To Play']",['windows'],"['Multi-player', 'PvP', 'Online PvP', 'Stats', 'Remote Play on Phone', 'Remote Play on Tablet']","Dec 21, 2017",
383,Palworld,1623730,always something to do good for those who enjoy adventure and building,71,73.16666666666667,2026-02-27 20:48:55,"50,000,000 .. 100,000,000",['Pocketpair'],['Pocketpair'],"['Action', 'Adventure', 'Indie', 'RPG', 'Early Access']",['windows'],"['Single-player', 'Multi-player', 'Co-op', 'Online Co-op', 'Cross-Platform Multiplayer', 'Steam Achievements', 'Full controller support', 'Steam Trading Cards', 'Steam Workshop', 'Steam Cloud', 'Family Sharing']","Jan 18, 2024",2999.0
353,Palworld,1623730,incredibly fun and great replayability i think that s how you spell that word,79,92.01666666666668,2026-02-28 14:33:41,"50,000,000 .. 100,000,000",['Pocketpair'],['Pocketpair'],"['Action', 'Adventure', 'Indie', 'RPG', 'Early Access']",['windows'],"['Single-player', 'Multi-player', 'Co-op', 'Online Co-op', 'Cross-Platform Multiplayer', 'Steam Achievements', 'Full controller support', 'Steam Trading Cards', 'Steam Workshop', 'Steam Cloud', 'Family Sharing']","Jan 18, 2024",2999.0
370,Palworld,1623730,always liked digimon,21,116.96666666666668,2026-02-28 03:13:39,"50,000,000 .. 100,000,000",['Pocketpair'],['Pocketpair'],"['Action', 'Adventure', 'Indie', 'RPG', 'Early Access']",['windows'],"['Single-player', 'Multi-player', 'Co-op', 'Online Co-op', 'Cross-Platform Multiplayer', 'Steam Achievements', 'Full controller support', 'Steam Trading Cards', 'Steam Workshop', 'Steam Cloud', 'Family Sharing']","Jan 18, 2024",2999.0
345,Palworld,1623730,it really fun and i like the aspect of the palmon,52,59.65,2026-02-28 19:17:13,"50,000,000 .. 100,000,000",['Pocketpair'],['Pocketpair'],"['Action', 'Adventure', 'Indie', 'RPG', 'Early Access']",['windows'],"['Single-player', 'Multi-player', 'Co-op', 'Online Co-op', 'Cross-Platform Multiplayer', 'Steam Achievements', 'Full controller support', 'Steam Trading Cards', 'Steam Workshop', 'Steam Cloud', 'Family Sharing']","Jan 18, 2024",2999.0
344,Palworld,1623730,game is bus,16,105.43333333333334,2026-02-28 20:38:21,"50,000,000 .. 100,000,000",['Pocketpair'],['Pocketpair'],"['Action', 'Adventure', 'Indie', 'RPG', 'Early Access']",['windows'],"['Single-player', 'Multi-player', 'Co-op', 'Online Co-op', 'Cross-Platform Multiplayer', 'Steam Achievements', 'Full controller support', 'Steam Trading Cards', 'Steam Workshop', 'Steam Cloud', 'Family Sharing']","Jan 18, 2024",2999.0
339,Palworld,1623730,it s a fun game play it with friend i just realized i spent hour on it when i bought it,94,109.01666666666668,2026-02-28 23:44:42,"50,000,000 .. 100,000,000",['Pocketpair'],['Pocketpair'],"['Action', 'Adventure', 'Indie', 'RPG', 'Early Access']",['windows'],"['Single-player', 'Multi-player', 'Co-op', 'Online Co-op', 'Cross-Platform Multiplayer', 'Steam Achievements', 'Full controller support', 'Steam Trading Cards', 'Steam Workshop', 'Steam Cloud', 'Family Sharing']","Jan 18, 2024",2999.0
322,Palworld,1623730,slavery and furries,19,65.73333333333333,2026-03-01 10:54:56,"50,000,000 .. 100,000,000",['Pocketpair'],['Pocketpair'],"['Action', 'Adventure', 'Indie', 'RPG', 'Early Access']",['windows'],"['Single-player', 'Multi-player', 'Co-op', 'Online Co-op', 'Cross-Platform Multiplayer', 'Steam Achievements', 'Full controller support', 'Steam Trading Cards', 'Steam Workshop', 'Steam Cloud', 'Family Sharing']","Jan 18, 2024",2999.0
380,Palworld,1623730,never played a pokmon game but i know this one is great,63,65.45,2026-02-27 21:51:09,"50,000,000 .. 100,000,000",['Pocketpair'],['Pocketpair'],"['Action', 'Adventure', 'Indie', 'RPG', 'Early Access']",['windows'],"['Single-player', 'Multi-player', 'Co-op', 'Online Co-op', 'Cross-Platform Multiplayer', 'Steam Achievements', 'Full controller support', 'Steam Trading Cards', 'Steam Workshop', 'Steam Cloud', 'Family Sharing']","Jan 18, 2024",2999.0
310,Palworld,1623730,ww game lowky had so much fun ahhh yeahhhh,42,26.8,2026-03-01 20:25:09,"50,000,000 .. 100,000,000",['Pocketpair'],['Pocketpair'],"['Action', 'Adventure', 'Indie', 'RPG', 'Early Access']",['windows'],"['Single-player', 'Multi-player', 'Co-op', 'Online Co-op', 'Cross-Platform Multiplayer', 'Steam Achievements', 'Full controller support', 'Steam Trading Cards', 'Steam Workshop', 'Steam Cloud', 'Family Sharing']","Jan 18, 2024",2999.0
300,Palworld,1623730,very much like legand of zelda breath of thw iwld enjoialble,60,3.1166666666666667,2026-03-02 01:41:01,"50,000,000 .. 100,000,000",['Pocketpair'],['Pocketpair'],"['Action', 'Adventure', 'Indie', 'RPG', 'Early Access']",['windows'],"['Single-player', 'Multi-player', 'Co-op', 'Online Co-op', 'Cross-Platform Multiplayer', 'Steam Achievements', 'Full controller support', 'Steam Trading Cards', 'Steam Workshop', 'Steam Cloud', 'Family Sharing']","Jan 18, 2024",2999.0
483,Team Fortress 2,440,i ve done notthing but teleporting bread for hour,54,630.5,2026-02-16 10:27:51,"50,000,000 .. 100,000,000",['Valve'],['Valve'],"['Action', 'Free To Play']","['windows', 'linux']","['Multi-player', 'Cross-Platform Multiplayer', 'Steam Achievements', 'Steam Trading Cards', 'Captions available', 'Steam Workshop', 'In-App Purchases', 'Camera Comfort', 'Color Alternatives', 'Custom Volume Controls', 'Stereo Sound', 'Surround Sound', 'Partial Controller Support', 'Valve Anti-Cheat enabled', 'Stats', 'Includes level editor', 'Commentary available', 'Remote Play on Phone', 'Remote Play on Tablet']","Oct 10, 2007",
453,Team Fortress 2,440,add sex,7,254.55,2026-02-22 07:08:04,"50,000,000 .. 100,000,000",['Valve'],['Valve'],"['Action', 'Free To Play']","['windows', 'linux']","['Multi-player', 'Cross-Platform Multiplayer', 'Steam Achievements', 'Steam Trading Cards', 'Captions available', 'Steam Workshop', 'In-App Purchases', 'Camera Comfort', 'Color Alternatives', 'Custom Volume Controls', 'Stereo Sound', 'Surround Sound', 'Partial Controller Support', 'Valve Anti-Cheat enabled', 'Stats', 'Includes level editor', 'Commentary available', 'Remote Play on Phone', 'Remote Play on Tablet']","Oct 10, 2007",
470,Team Fortress 2,440,pretty fun but if you want something you either gotta pray that you get what you want from the inbox or spend money,115,53.2,2026-02-19 06:30:12,"50,000,000 .. 100,000,000",['Valve'],['Valve'],"['Action', 'Free To Play']","['windows', 'linux']","['Multi-player', 'Cross-Platform Multiplayer', 'Steam Achievements', 'Steam Trading Cards', 'Captions available', 'Steam Workshop', 'In-App Purchases', 'Camera Comfort', 'Color Alternatives', 'Custom Volume Controls', 'Stereo Sound', 'Surround Sound', 'Partial Controller Support', 'Valve Anti-Cheat enabled', 'Stats', 'Includes level editor', 'Commentary available', 'Remote Play on Phone', 'Remote Play on Tablet']","Oct 10, 2007",
445,Team Fortress 2,440,this is a great game for pvp lover or if you just want to go against your friend in a private lobby the different class that you have to play to see what one you fit the most and can play best a make it even better not forgetting the different gun from cosmetic that could even enhance or decrease your style of playing i am yet to find the perfect me and i still am quite bad at the game but i still have fun every time i play the game,448,20.433333333333334,2026-02-24 00:37:40,"50,000,000 .. 100,000,000",['Valve'],['Valve'],"['Action', 'Free To Play']","['windows', 'linux']","['Multi-player', 'Cross-Platform Multiplayer', 'Steam Achievements', 'Steam Trading Cards', 'Captions available', 'Steam Workshop', 'In-App Purchases', 'Camera Comfort', 'Color Alternatives', 'Custom Volume Controls', 'Stereo Sound', 'Surround Sound', 'Partial Controller Support', 'Valve Anti-Cheat enabled', 'Stats', 'Includes level editor', 'Commentary available', 'Remote Play on Phone', 'Remote Play on Tablet']","Oct 10, 2007",
444,Team Fortress 2,440,the best hat since doug dimmadome and the bot are gone since i last checked,82,1182.05,2026-02-24 04:09:56,"50,000,000 .. 100,000,000",['Valve'],['Valve'],"['Action', 'Free To Play']","['windows', 'linux']","['Multi-player', 'Cross-Platform Multiplayer', 'Steam Achievements', 'Steam Trading Cards', 'Captions available', 'Steam Workshop', 'In-App Purchases', 'Camera Comfort', 'Color Alternatives', 'Custom Volume Controls', 'Stereo Sound', 'Surround Sound', 'Partial Controller Support', 'Valve Anti-Cheat enabled', 'Stats', 'Includes level editor', 'Commentary available', 'Remote Play on Phone', 'Remote Play on Tablet']","Oct 10, 2007",
439,Team Fortress 2,440,they took me abord there team fortress,40,338.76666666666665,2026-02-25 01:44:52,"50,000,000 .. 100,000,000",['Valve'],['Valve'],"['Action', 'Free To Play']","['windows', 'linux']","['Multi-player', 'Cross-Platform Multiplayer', 'Steam Achievements', 'Steam Trading Cards', 'Captions available', 'Steam Workshop', 'In-App Purchases', 'Camera Comfort', 'Color Alternatives', 'Custom Volume Controls', 'Stereo Sound', 'Surround Sound', 'Partial Controller Support', 'Valve Anti-Cheat enabled', 'Stats', 'Includes level editor', 'Commentary available', 'Remote Play on Phone', 'Remote Play on Tablet']","Oct 10, 2007",
422,Team Fortress 2,440,blue almost always win lol,28,2.3,2026-02-27 10:35:14,"50,000,000 .. 100,000,000",['Valve'],['Valve'],"['Action', 'Free To Play']","['windows', 'linux']","['Multi-player', 'Cross-Platform Multiplayer', 'Steam Achievements', 'Steam Trading Cards', 'Captions available', 'Steam Workshop', 'In-App Purchases', 'Camera Comfort', 'Color Alternatives', 'Custom Volume Controls', 'Stereo Sound', 'Surround Sound', 'Partial Controller Support', 'Valve Anti-Cheat enabled', 'Stats', 'Includes level editor', 'Commentary available', 'Remote Play on Phone', 'Remote Play on Tablet']","Oct 10, 2007",
480,Team Fortress 2,440,i like buff oiled mercs,23,61.73333333333333,2026-02-16 18:54:17,"50,000,000 .. 100,000,000",['Valve'],['Valve'],"['Action', 'Free To Play']","['windows', 'linux']","['Multi-player', 'Cross-Platform Multiplayer', 'Steam Achievements', 'Steam Trading Cards', 'Captions available', 'Steam Workshop', 'In-App Purchases', 'Camera Comfort', 'Color Alternatives', 'Custom Volume Controls', 'Stereo Sound', 'Surround Sound', 'Partial Controller Support', 'Valve Anti-Cheat enabled', 'Stats', 'Includes level editor', 'Commentary available', 'Remote Play on Phone', 'Remote Play on Tablet']","Oct 10, 2007",
410,Team Fortress 2,440,yes,3,11.0,2026-03-01 02:50:11,"50,000,000 .. 100,000,000",['Valve'],['Valve'],"['Action', 'Free To Play']","['windows', 'linux']","['Multi-player', 'Cross-Platform Multiplayer', 'Steam Achievements', 'Steam Trading Cards', 'Captions available', 'Steam Workshop', 'In-App Purchases', 'Camera Comfort', 'Color Alternatives', 'Custom Volume Controls', 'Stereo Sound', 'Surround Sound', 'Partial Controller Support', 'Valve Anti-Cheat enabled', 'Stats', 'Includes level editor', 'Commentary available', 'Remote Play on Phone', 'Remote Play on Tablet']","Oct 10, 2007",
400,Team Fortress 2,440,why do i hear soldier voice when i read off my acheivments love it outta,80,24.933333333333334,2026-03-01 22:45:34,"50,000,000 .. 100,000,000",['Valve'],['Valve'],"['Action', 'Free To Play']","['windows', 'linux']","['Multi-player', 'Cross-Platform Multiplayer', 'Steam Achievements', 'Steam Trading Cards', 'Captions available', 'Steam Workshop', 'In-App Purchases', 'Camera Comfort', 'Color Alternatives', 'Custom Volume Controls', 'Stereo Sound', 'Surround Sound', 'Partial Controller Support', 'Valve Anti-Cheat enabled', 'Stats', 'Includes level editor', 'Commentary available', 'Remote Play on Phone', 'Remote Play on Tablet']","Oct 10, 2007",
583,Call of Duty: Modern Warfare II,1938090,good game play,14,625.1833333333333,2026-02-27 05:13:42,"50,000,000 .. 100,000,000","['Treyarch', 'Raven Software', 'Beenox', 'High Moon Studios', 'Sledgehammer Games', 'Infinity Ward', 'Activision Shanghai', 'Demonware']",['Activision'],['Action'],['windows'],"['Single-player', 'Multi-player', 'PvP', 'Online PvP', 'Co-op', 'Online Co-op', 'Cross-Platform Multiplayer', 'Steam Achievements', 'Captions available', 'In-App Purchases', 'Adjustable Text Size', 'Camera Comfort', 'Color Alternatives', 'Custom Volume Controls', 'Playable without Timed Input', 'Stereo Sound', 'Subtitle Options', 'Surround Sound', 'Partial Controller Support', 'HDR available']","Oct 27, 2022",
553,Call of Duty: Modern Warfare II,1938090,yes,5,18.75,2026-02-28 10:36:26,"50,000,000 .. 100,000,000","['Treyarch', 'Raven Software', 'Beenox', 'High Moon Studios', 'Sledgehammer Games', 'Infinity Ward', 'Activision Shanghai', 'Demonware']",['Activision'],['Action'],['windows'],"['Single-player', 'Multi-player', 'PvP', 'Online PvP', 'Co-op', 'Online Co-op', 'Cross-Platform Multiplayer', 'Steam Achievements', 'Captions available', 'In-App Purchases', 'Adjustable Text Size', 'Camera Comfort', 'Color Alternatives', 'Custom Volume Controls', 'Playable without Timed Input', 'Stereo Sound', 'Subtitle Options', 'Surround Sound', 'Partial Controller Support', 'HDR available']","Oct 27, 2022",
570,Call of Duty: Modern Warfare II,1938090,black ops isn t half a bad a everyone make it out to be it cod the sbmm is horrendous but it alright,110,157.83333333333334,2026-02-27 20:29:10,"50,000,000 .. 100,000,000","['Treyarch', 'Raven Software', 'Beenox', 'High Moon Studios', 'Sledgehammer Games', 'Infinity Ward', 'Activision Shanghai', 'Demonware']",['Activision'],['Action'],['windows'],"['Single-player', 'Multi-player', 'PvP', 'Online PvP', 'Co-op', 'Online Co-op', 'Cross-Platform Multiplayer', 'Steam Achievements', 'Captions available', 'In-App Purchases', 'Adjustable Text Size', 'Camera Comfort', 'Color Alternatives', 'Custom Volume Controls', 'Playable without Timed Input', 'Stereo Sound', 'Subtitle Options', 'Surround Sound', 'Partial Controller Support', 'HDR available']","Oct 27, 2022",
545,Call of Duty: Modern Warfare II,1938090,pubg meet world war z it s a good time,41,315.51666666666665,2026-02-28 19:19:22,"50,000,000 .. 100,000,000","['Treyarch', 'Raven Software', 'Beenox', 'High Moon Studios', 'Sledgehammer Games', 'Infinity Ward', 'Activision Shanghai', 'Demonware']",['Activision'],['Action'],['windows'],"['Single-player', 'Multi-player', 'PvP', 'Online PvP', 'Co-op', 'Online Co-op', 'Cross-Platform Multiplayer', 'Steam Achievements', 'Captions available', 'In-App Purchases', 'Adjustable Text Size', 'Camera Comfort', 'Color Alternatives', 'Custom Volume Controls', 'Playable without Timed Input', 'Stereo Sound', 'Subtitle Options', 'Surround Sound', 'Partial Controller Support', 'HDR available']","Oct 27, 2022",
544,Call of Duty: Modern Warfare II,1938090,boooooo bo boooooooo,21,839.5,2026-02-28 19:24:14,"50,000,000 .. 100,000,000","['Treyarch', 'Raven Software', 'Beenox', 'High Moon Studios', 'Sledgehammer Games', 'Infinity Ward', 'Activision Shanghai', 'Demonware']",['Activision'],['Action'],['windows'],"['Single-player', 'Multi-player', 'PvP', 'Online PvP', 'Co-op', 'Online Co-op', 'Cross-Platform Multiplayer', 'Steam Achievements', 'Captions available', 'In-App Purchases', 'Adjustable Text Size', 'Camera Comfort', 'Color Alternatives', 'Custom Volume Controls', 'Playable without Timed Input', 'Stereo Sound', 'Subtitle Options', 'Surround Sound', 'Partial Controller Support', 'HDR available']","Oct 27, 2022",
539,Call of Duty: Modern Warfare II,1938090,the campaign is terrible what a massive waste of money i hope assume the multiplayer is good,95,65.05,2026-02-28 21:48:50,"50,000,000 .. 100,000,000","['Treyarch', 'Raven Software', 'Beenox', 'High Moon Studios', 'Sledgehammer Games', 'Infinity Ward', 'Activision Shanghai', 'Demonware']",['Activision'],['Action'],['windows'],"['Single-player', 'Multi-player', 'PvP', 'Online PvP', 'Co-op', 'Online Co-op', 'Cross-Platform Multiplayer', 'Steam Achievements', 'Captions available', 'In-App Purchases', 'Adjustable Text Size', 'Camera Comfort', 'Color Alternatives', 'Custom Volume Controls', 'Playable without Timed Input', 'Stereo Sound', 'Subtitle Options', 'Surround Sound', 'Partial Controller Support', 'HDR available']","Oct 27, 2022",
522,Call of Duty: Modern Warfare II,1938090,only warzone is good,22,66.58333333333333,2026-03-01 08:21:16,"50,000,000 .. 100,000,000","['Treyarch', 'Raven Software', 'Beenox', 'High Moon Studios', 'Sledgehammer Games', 'Infinity Ward', 'Activision Shanghai', 'Demonware']",['Activision'],['Action'],['windows'],"['Single-player', 'Multi-player', 'PvP', 'Online PvP', 'Co-op', 'Online Co-op', 'Cross-Platform Multiplayer', 'Steam Achievements', 'Captions available', 'In-App Purchases', 'Adjustable Text Size', 'Camera Comfort', 'Color Alternatives', 'Custom Volume Controls', 'Playable without Timed Input', 'Stereo Sound', 'Subtitle Options', 'Surround Sound', 'Partial Controller Support', 'HDR available']","Oct 27, 2022",
580,Call of Duty: Modern Warfare II,1938090,do not buy this game black ops is the worst game of the year no exception the matchmaking system in this game is and i will guarentee you playing this will be the worst gaming experience of your life,237,235.78333333333333,2026-02-27 09:31:54,"50,000,000 .. 100,000,000","['Treyarch', 'Raven Software', 'Beenox', 'High Moon Studios', 'Sledgehammer Games', 'Infinity Ward', 'Activision Shanghai', 'Demonware']",['Activision'],['Action'],['windows'],"['Single-player', 'Multi-player', 'PvP', 'Online PvP', 'Co-op', 'Online Co-op', 'Cross-Platform Multiplayer', 'Steam Achievements', 'Captions available', 'In-App Purchases', 'Adjustable Text Size', 'Camera Comfort', 'Color Alternatives', 'Custom Volume Controls', 'Playable without Timed Input', 'Stereo Sound', 'Subtitle Options', 'Surround Sound', 'Partial Controller Support', 'HDR available']","Oct 27, 2022",
510,Call of Duty: Modern Warfare II,1938090,game ever bought the game but cant even log in to play,65,63.4,2026-03-01 19:19:45,"50,000,000 .. 100,000,000","['Treyarch', 'Raven Software', 'Beenox', 'High Moon Studios', 'Sledgehammer Games', 'Infinity Ward', 'Activision Shanghai', 'Demonware']",['Activision'],['Action'],['windows'],"['Single-player', 'Multi-player', 'PvP', 'Online PvP', 'Co-op', 'Online Co-op', 'Cross-Platform Multiplayer', 'Steam Achievements', 'Captions available', 'In-App Purchases', 'Adjustable Text Size', 'Camera Comfort', 'Color Alternatives', 'Custom Volume Controls', 'Playable without Timed Input', 'Stereo Sound', 'Subtitle Options', 'Surround Sound', 'Partial Controller Support', 'HDR available']","Oct 27, 2022",
500,Call of Duty: Modern Warfare II,1938090,gay ball,11,16.55,2026-03-02 01:05:21,"50,000,000 .. 100,000,000","['Treyarch', 'Raven Software', 'Beenox', 'High Moon Studios', 'Sledgehammer Games', 'Infinity Ward', 'Activision Shanghai', 'Demonware']",['Activision'],['Action'],['windows'],"['Single-player', 'Multi-player', 'PvP', 'Online PvP', 'Co-op', 'Online Co-op', 'Cross-Platform Multiplayer', 'Steam Achievements', 'Captions available', 'In-App Purchases', 'Adjustable Text Size', 'Camera Comfort', 'Color Alternatives', 'Custom Volume Controls', 'Playable without Timed Input', 'Stereo Sound', 'Subtitle Options', 'Surround Sound', 'Partial Controller Support', 'HDR available']","Oct 27, 2022",
683,New World: Aeternum,1063730,from the moment you step into the vibrant world of aeternum youre immersed in a beautifully crafted environment filled with rich lore dynamic combat and endless exploration the open world pvp and faction war add a layer of excitement and tension making every encounter feel meaningful the crafting and gathering system are deep giving player ton of way to progress and personalize their experience whether you re building your character trading with others or embarking on epic pve quest there always something to keep you hooked aeternum feel alive and ever changing making it a must play for anyone looking for a fresh and engaging mmo experience,672,209.1,2026-02-10 20:39:30,"50,000,000 .. 100,000,000",['Amazon Game Studios'],['Amazon Game Studios'],"['Action', 'Adventure', 'Massively Multiplayer', 'RPG']",['windows'],"['Multi-player', 'MMO', 'PvP', 'Online PvP', 'Co-op', 'Online Co-op', 'Steam Achievements', 'In-App Purchases', 'Adjustable Text Size', 'Camera Comfort', 'Chat Speech-to-text', 'Chat Text-to-speech', 'Color Alternatives', 'Custom Volume Controls', 'Keyboard Only Option', 'Playable without Timed Input', 'Save Anytime', 'Stereo Sound', 'Subtitle Options', 'Surround Sound', 'Partial Controller Support']","Sep 28, 2021",
653,New World: Aeternum,1063730,is it too late to request a refund sad to see this game go but i feel the game wa poorly mismanaged which caused them to shut down,134,196.45,2026-02-19 01:28:26,"50,000,000 .. 100,000,000",['Amazon Game Studios'],['Amazon Game Studios'],"['Action', 'Adventure', 'Massively Multiplayer', 'RPG']",['windows'],"['Multi-player', 'MMO', 'PvP', 'Online PvP', 'Co-op', 'Online Co-op', 'Steam Achievements', 'In-App Purchases', 'Adjustable Text Size', 'Camera Comfort', 'Chat Speech-to-text', 'Chat Text-to-speech', 'Color Alternatives', 'Custom Volume Controls', 'Keyboard Only Option', 'Playable without Timed Input', 'Save Anytime', 'Stereo Sound', 'Subtitle Options', 'Surround Sound', 'Partial Controller Support']","Sep 28, 2021",
670,New World: Aeternum,1063730,another mmo join the graveyard i don t know when we ll get a truly great mmo like we did in the s,104,60.9,2026-02-14 14:49:12,"50,000,000 .. 100,000,000",['Amazon Game Studios'],['Amazon Game Studios'],"['Action', 'Adventure', 'Massively Multiplayer', 'RPG']",['windows'],"['Multi-player', 'MMO', 'PvP', 'Online PvP', 'Co-op', 'Online Co-op', 'Steam Achievements', 'In-App Purchases', 'Adjustable Text Size', 'Camera Comfort', 'Chat Speech-to-text', 'Chat Text-to-speech', 'Color Alternatives', 'Custom Volume Controls', 'Keyboard Only Option', 'Playable without Timed Input', 'Save Anytime', 'Stereo Sound', 'Subtitle Options', 'Surround Sound', 'Partial Controller Support']","Sep 28, 2021",
645,New World: Aeternum,1063730,rage,4,19.4,2026-02-22 03:45:01,"50,000,000 .. 100,000,000",['Amazon Game Studios'],['Amazon Game Studios'],"['Action', 'Adventure', 'Massively Multiplayer', 'RPG']",['windows'],"['Multi-player', 'MMO', 'PvP', 'Online PvP', 'Co-op', 'Online Co-op', 'Steam Achievements', 'In-App Purchases', 'Adjustable Text Size', 'Camera Comfort', 'Chat Speech-to-text', 'Chat Text-to-speech', 'Color Alternatives', 'Custom Volume Controls', 'Keyboard Only Option', 'Playable without Timed Input', 'Save Anytime', 'Stereo Sound', 'Subtitle Options', 'Surround Sound', 'Partial Controller Support']","Sep 28, 2021",
644,New World: Aeternum,1063730,great game with great potential killed by greed,51,86.86666666666666,2026-02-22 04:40:54,"50,000,000 .. 100,000,000",['Amazon Game Studios'],['Amazon Game Studios'],"['Action', 'Adventure', 'Massively Multiplayer', 'RPG']",['windows'],"['Multi-player', 'MMO', 'PvP', 'Online PvP', 'Co-op', 'Online Co-op', 'Steam Achievements', 'In-App Purchases', 'Adjustable Text Size', 'Camera Comfort', 'Chat Speech-to-text', 'Chat Text-to-speech', 'Color Alternatives', 'Custom Volume Controls', 'Keyboard Only Option', 'Playable without Timed Input', 'Save Anytime', 'Stereo Sound', 'Subtitle Options', 'Surround Sound', 'Partial Controller Support']","Sep 28, 2021",
639,New World: Aeternum,1063730,no buy game from amazon got it,33,182.0,2026-02-23 21:21:23,"50,000,000 .. 100,000,000",['Amazon Game Studios'],['Amazon Game Studios'],"['Action', 'Adventure', 'Massively Multiplayer', 'RPG']",['windows'],"['Multi-player', 'MMO', 'PvP', 'Online PvP', 'Co-op', 'Online Co-op', 'Steam Achievements', 'In-App Purchases', 'Adjustable Text Size', 'Camera Comfort', 'Chat Speech-to-text', 'Chat Text-to-speech', 'Color Alternatives', 'Custom Volume Controls', 'Keyboard Only Option', 'Playable without Timed Input', 'Save Anytime', 'Stereo Sound', 'Subtitle Options', 'Surround Sound', 'Partial Controller Support']","Sep 28, 2021",
622,New World: Aeternum,1063730,greatest mmo to exist btw,28,1626.0666666666666,2026-02-26 04:10:06,"50,000,000 .. 100,000,000",['Amazon Game Studios'],['Amazon Game Studios'],"['Action', 'Adventure', 'Massively Multiplayer', 'RPG']",['windows'],"['Multi-player', 'MMO', 'PvP', 'Online PvP', 'Co-op', 'Online Co-op', 'Steam Achievements', 'In-App Purchases', 'Adjustable Text Size', 'Camera Comfort', 'Chat Speech-to-text', 'Chat Text-to-speech', 'Color Alternatives', 'Custom Volume Controls', 'Keyboard Only Option', 'Playable without Timed Input', 'Save Anytime', 'Stereo Sound', 'Subtitle Options', 'Surround Sound', 'Partial Controller Support']","Sep 28, 2021",
680,New World: Aeternum,1063730,great game no other game like it many many sleepless night on this one started strong had quite a few rough spot but recovered nicely where ag resolved almost all of the problem maybe if y all didn t review bomb and burn it to the ground every update expansion etc here and on other site forum it would have had the solid player base that it deserved,375,801.35,2026-02-11 07:21:43,"50,000,000 .. 100,000,000",['Amazon Game Studios'],['Amazon Game Studios'],"['Action', 'Adventure', 'Massively Multiplayer', 'RPG']",['windows'],"['Multi-player', 'MMO', 'PvP', 'Online PvP', 'Co-op', 'Online Co-op', 'Steam Achievements', 'In-App Purchases', 'Adjustable Text Size', 'Camera Comfort', 'Chat Speech-to-text', 'Chat Text-to-speech', 'Color Alternatives', 'Custom Volume Controls', 'Keyboard Only Option', 'Playable without Timed Input', 'Save Anytime', 'Stereo Sound', 'Subtitle Options', 'Surround Sound', 'Partial Controller Support']","Sep 28, 2021",
610,New World: Aeternum,1063730,usd for this to shut down,33,0.2333333333333333,2026-02-28 14:43:57,"50,000,000 .. 100,000,000",['Amazon Game Studios'],['Amazon Game Studios'],"['Action', 'Adventure', 'Massively Multiplayer', 'RPG']",['windows'],"['Multi-player', 'MMO', 'PvP', 'Online PvP', 'Co-op', 'Online Co-op', 'Steam Achievements', 'In-App Purchases', 'Adjustable Text Size', 'Camera Comfort', 'Chat Speech-to-text', 'Chat Text-to-speech', 'Color Alternatives', 'Custom Volume Controls', 'Keyboard Only Option', 'Playable without Timed Input', 'Save Anytime', 'Stereo Sound', 'Subtitle Options', 'Surround Sound', 'Partial Controller Support']","Sep 28, 2021",
600,New World: Aeternum,1063730,wild for that you amazonians,28,195.05,2026-03-01 22:48:47,"50,000,000 .. 100,000,000",['Amazon Game Studios'],['Amazon Game Studios'],"['Action', 'Adventure', 'Massively Multiplayer', 'RPG']",['windows'],"['Multi-player', 'MMO', 'PvP', 'Online PvP', 'Co-op', 'Online Co-op', 'Steam Achievements', 'In-App Purchases', 'Adjustable Text Size', 'Camera Comfort', 'Chat Speech-to-text', 'Chat Text-to-speech', 'Color Alternatives', 'Custom Volume Controls', 'Keyboard Only Option', 'Playable without Timed Input', 'Save Anytime', 'Stereo Sound', 'Subtitle Options', 'Surround Sound', 'Partial Controller Support']","Sep 28, 2021",
783,Black Myth: Wukong,2358720,the besttttttttttttttttt gameeee,32,35.53333333333333,2026-02-27 17:11:55,"50,000,000 .. 100,000,000",['Game Science'],['Game Science'],"['Action', 'Adventure', 'RPG']",['windows'],"['Single-player', 'Steam Achievements', 'Full controller support', 'Steam Trading Cards', 'Playable without Timed Input', 'Stereo Sound', 'Surround Sound', 'Steam Cloud', 'Family Sharing']","Aug 19, 2024",5999.0
753,Black Myth: Wukong,2358720,great game,11,49.266666666666666,2026-02-28 19:04:34,"50,000,000 .. 100,000,000",['Game Science'],['Game Science'],"['Action', 'Adventure', 'RPG']",['windows'],"['Single-player', 'Steam Achievements', 'Full controller support', 'Steam Trading Cards', 'Playable without Timed Input', 'Stereo Sound', 'Surround Sound', 'Steam Cloud', 'Family Sharing']","Aug 19, 2024",5999.0
770,Black Myth: Wukong,2358720,good game,9,208.5,2026-02-28 05:07:01,"50,000,000 .. 100,000,000",['Game Science'],['Game Science'],"['Action', 'Adventure', 'RPG']",['windows'],"['Single-player', 'Steam Achievements', 'Full controller support', 'Steam Trading Cards', 'Playable without Timed Input', 'Stereo Sound', 'Surround Sound', 'Steam Cloud', 'Family Sharing']","Aug 19, 2024",5999.0
745,Black Myth: Wukong,2358720,wow just wow,14,63.43333333333333,2026-03-01 00:42:10,"50,000,000 .. 100,000,000",['Game Science'],['Game Science'],"['Action', 'Adventure', 'RPG']",['windows'],"['Single-player', 'Steam Achievements', 'Full controller support', 'Steam Trading Cards', 'Playable without Timed Input', 'Stereo Sound', 'Surround Sound', 'Steam Cloud', 'Family Sharing']","Aug 19, 2024",5999.0
744,Black Myth: Wukong,2358720,beautiful,9,21.616666666666667,2026-03-01 00:57:47,"50,000,000 .. 100,000,000",['Game Science'],['Game Science'],"['Action', 'Adventure', 'RPG']",['windows'],"['Single-player', 'Steam Achievements', 'Full controller support', 'Steam Trading Cards', 'Playable without Timed Input', 'Stereo Sound', 'Surround Sound', 'Steam Cloud', 'Family Sharing']","Aug 19, 2024",5999.0
739,Black Myth: Wukong,2358720,visually stunning and with such an attention to detail even the menu are a work of art combat is accessible and interesting and to avoid getting bored if you die a lot play with someone and pas the controller back and forth each bos is unique and the world is a great foray into animistic chinese eastern lore my only regret is not being a native speaker sometimes the translated subtitle are a head scratcher,424,39.06666666666667,2026-03-01 01:58:16,"50,000,000 .. 100,000,000",['Game Science'],['Game Science'],"['Action', 'Adventure', 'RPG']",['windows'],"['Single-player', 'Steam Achievements', 'Full controller support', 'Steam Trading Cards', 'Playable without Timed Input', 'Stereo Sound', 'Surround Sound', 'Steam Cloud', 'Family Sharing']","Aug 19, 2024",5999.0
722,Black Myth: Wukong,2358720,superb,6,18.883333333333333,2026-03-01 16:03:04,"50,000,000 .. 100,000,000",['Game Science'],['Game Science'],"['Action', 'Adventure', 'RPG']",['windows'],"['Single-player', 'Steam Achievements', 'Full controller support', 'Steam Trading Cards', 'Playable without Timed Input', 'Stereo Sound', 'Surround Sound', 'Steam Cloud', 'Family Sharing']","Aug 19, 2024",5999.0
780,Black Myth: Wukong,2358720,this game is challenging but rewarding,39,66.86666666666666,2026-02-27 18:01:00,"50,000,000 .. 100,000,000",['Game Science'],['Game Science'],"['Action', 'Adventure', 'RPG']",['windows'],"['Single-player', 'Steam Achievements', 'Full controller support', 'Steam Trading Cards', 'Playable without Timed Input', 'Stereo Sound', 'Surround Sound', 'Steam Cloud', 'Family Sharing']","Aug 19, 2024",5999.0
710,Black Myth: Wukong,2358720,for the record i have beaten isshin asina and eigong easily i have played this game for hr and i am still not finding this game fun parry system is bad u need to start a light combo in order to parry fight are long and tedious most of the time u rely on immobilizing enemy or summoning duplicate rather then dueling the enemy i am going to finish this game begrudingly coz i have purchased but it like eating a stale food i hope i can dissuade someone from purchasing this game,503,33.266666666666666,2026-03-01 21:05:18,"50,000,000 .. 100,000,000",['Game Science'],['Game Science'],"['Action', 'Adventure', 'RPG']",['windows'],"['Single-player', 'Steam Achievements', 'Full controller support', 'Steam Trading Cards', 'Playable without Timed Input', 'Stereo Sound', 'Surround Sound', 'Steam Cloud', 'Family Sharing']","Aug 19, 2024",5999.0
700,Black Myth: Wukong,2358720,monkey king,11,10.15,2026-03-02 01:40:30,"50,000,000 .. 100,000,000",['Game Science'],['Game Science'],"['Action', 'Adventure', 'RPG']",['windows'],"['Single-player', 'Steam Achievements', 'Full controller support', 'Steam Trading Cards', 'Playable without Timed Input', 'Stereo Sound', 'Surround Sound', 'Steam Cloud', 'Family Sharing']","Aug 19, 2024",5999.0
883,Grand Theft Auto V Legacy,271590,must say for these year of playing grand theft auto v best game i ever played even better than rdr story online old p online everything abt my childhood is in this piece of code masterpiece,197,93.35,2026-02-28 20:02:34,"50,000,000 .. 100,000,000",['Rockstar North'],['Rockstar Games'],"['Action', 'Adventure']",['windows'],"['Single-player', 'Multi-player', 'PvP', 'Online PvP', 'Co-op', 'Online Co-op', 'Steam Achievements', 'Full controller support', 'Remote Play on Phone', 'Remote Play on Tablet', 'Remote Play on TV']","Apr 13, 2015",
853,Grand Theft Auto V Legacy,271590,sexy game go for it,21,4.866666666666666,2026-03-01 08:17:15,"50,000,000 .. 100,000,000",['Rockstar North'],['Rockstar Games'],"['Action', 'Adventure']",['windows'],"['Single-player', 'Multi-player', 'PvP', 'Online PvP', 'Co-op', 'Online Co-op', 'Steam Achievements', 'Full controller support', 'Remote Play on Phone', 'Remote Play on Tablet', 'Remote Play on TV']","Apr 13, 2015",
870,Grand Theft Auto V Legacy,271590,of course i recommend this game it s interesting funny unpredictable and criminal so i recommend everyone enjoy playing it,129,128.65,2026-03-01 00:56:19,"50,000,000 .. 100,000,000",['Rockstar North'],['Rockstar Games'],"['Action', 'Adventure']",['windows'],"['Single-player', 'Multi-player', 'PvP', 'Online PvP', 'Co-op', 'Online Co-op', 'Steam Achievements', 'Full controller support', 'Remote Play on Phone', 'Remote Play on Tablet', 'Remote Play on TV']","Apr 13, 2015",
845,Grand Theft Auto V Legacy,271590,it a nice game story mode is like a movie and online is like a warzone i really recommend installing cause it honestly the best game i know if you do install mod in story mode trust me it can upgrade the game fully,218,222.13333333333333,2026-03-01 11:40:06,"50,000,000 .. 100,000,000",['Rockstar North'],['Rockstar Games'],"['Action', 'Adventure']",['windows'],"['Single-player', 'Multi-player', 'PvP', 'Online PvP', 'Co-op', 'Online Co-op', 'Steam Achievements', 'Full controller support', 'Remote Play on Phone', 'Remote Play on Tablet', 'Remote Play on TV']","Apr 13, 2015",
844,Grand Theft Auto V Legacy,271590,good game,9,241.13333333333333,2026-03-01 11:55:01,"50,000,000 .. 100,000,000",['Rockstar North'],['Rockstar Games'],"['Action', 'Adventure']",['windows'],"['Single-player', 'Multi-player', 'PvP', 'Online PvP', 'Co-op', 'Online Co-op', 'Steam Achievements', 'Full controller support', 'Remote Play on Phone', 'Remote Play on Tablet', 'Remote Play on TV']","Apr 13, 2015",
839,Grand Theft Auto V Legacy,271590,good,4,1102.5166666666669,2026-03-01 12:31:09,"50,000,000 .. 100,000,000",['Rockstar North'],['Rockstar Games'],"['Action', 'Adventure']",['windows'],"['Single-player', 'Multi-player', 'PvP', 'Online PvP', 'Co-op', 'Online Co-op', 'Steam Achievements', 'Full controller support', 'Remote Play on Phone', 'Remote Play on Tablet', 'Remote Play on TV']","Apr 13, 2015",
822,Grand Theft Auto V Legacy,271590,pretty swag,11,14.066666666666666,2026-03-01 18:51:48,"50,000,000 .. 100,000,000",['Rockstar North'],['Rockstar Games'],"['Action', 'Adventure']",['windows'],"['Single-player', 'Multi-player', 'PvP', 'Online PvP', 'Co-op', 'Online Co-op', 'Steam Achievements', 'Full controller support', 'Remote Play on Phone', 'Remote Play on Tablet', 'Remote Play on TV']","Apr 13, 2015",
880,Grand Theft Auto V Legacy,271590,love it,7,49.18333333333333,2026-02-28 20:31:45,"50,000,000 .. 100,000,000",['Rockstar North'],['Rockstar Games'],"['Action', 'Adventure']",['windows'],"['Single-player', 'Multi-player', 'PvP', 'Online PvP', 'Co-op', 'Online Co-op', 'Steam Achievements', 'Full controller support', 'Remote Play on Phone', 'Remote Play on Tablet', 'Remote Play on TV']","Apr 13, 2015",
810,Grand Theft Auto V Legacy,271590,it awesome,13,22.3,2026-03-01 21:58:49,"50,000,000 .. 100,000,000",['Rockstar North'],['Rockstar Games'],"['Action', 'Adventure']",['windows'],"['Single-player', 'Multi-player', 'PvP', 'Online PvP', 'Co-op', 'Online Co-op', 'Steam Achievements', 'Full controller support', 'Remote Play on Phone', 'Remote Play on Tablet', 'Remote Play on TV']","Apr 13, 2015",
800,Grand Theft Auto V Legacy,271590,good,4,377.03333333333336,2026-03-02 00:38:17,"50,000,000 .. 100,000,000",['Rockstar North'],['Rockstar Games'],"['Action', 'Adventure']",['windows'],"['Single-player', 'Multi-player', 'PvP', 'Online PvP', 'Co-op', 'Online Co-op', 'Steam Achievements', 'Full controller support', 'Remote Play on Phone', 'Remote Play on Tablet', 'Remote Play on TV']","Apr 13, 2015",
983,Left 4 Dead 2,550,one of the best way to have fun with others a perfect multiplayer experience,79,88.6,2026-02-28 12:26:08,"50,000,000 .. 100,000,000",['Valve'],['Valve'],['Action'],"['windows', 'linux']","['Single-player', 'Multi-player', 'PvP', 'Online PvP', 'Co-op', 'Online Co-op', 'Steam Achievements', 'Full controller support', 'Steam Trading Cards', 'Captions available', 'Steam Workshop', 'Camera Comfort', 'Color Alternatives', 'Custom Volume Controls', 'Adjustable Difficulty', 'Playable without Timed Input', 'Stereo Sound', 'Surround Sound', 'Steam Cloud', 'Valve Anti-Cheat enabled', 'Stats', 'Includes Source SDK', 'Commentary available', 'Remote Play on Phone', 'Remote Play on Tablet', 'Remote Play on TV', 'Remote Play Together', 'Family Sharing', 'Steam Timeline']","Nov 16, 2009",999.0
953,Left 4 Dead 2,550,fun zombie shooter,19,101.48333333333332,2026-03-01 03:49:05,"50,000,000 .. 100,000,000",['Valve'],['Valve'],['Action'],"['windows', 'linux']","['Single-player', 'Multi-player', 'PvP', 'Online PvP', 'Co-op', 'Online Co-op', 'Steam Achievements', 'Full controller support', 'Steam Trading Cards', 'Captions available', 'Steam Workshop', 'Camera Comfort', 'Color Alternatives', 'Custom Volume Controls', 'Adjustable Difficulty', 'Playable without Timed Input', 'Stereo Sound', 'Surround Sound', 'Steam Cloud', 'Valve Anti-Cheat enabled', 'Stats', 'Includes Source SDK', 'Commentary available', 'Remote Play on Phone', 'Remote Play on Tablet', 'Remote Play on TV', 'Remote Play Together', 'Family Sharing', 'Steam Timeline']","Nov 16, 2009",999.0
970,Left 4 Dead 2,550,game still hold up today grind is heavy,41,12.75,2026-02-28 21:15:43,"50,000,000 .. 100,000,000",['Valve'],['Valve'],['Action'],"['windows', 'linux']","['Single-player', 'Multi-player', 'PvP', 'Online PvP', 'Co-op', 'Online Co-op', 'Steam Achievements', 'Full controller support', 'Steam Trading Cards', 'Captions available', 'Steam Workshop', 'Camera Comfort', 'Color Alternatives', 'Custom Volume Controls', 'Adjustable Difficulty', 'Playable without Timed Input', 'Stereo Sound', 'Surround Sound', 'Steam Cloud', 'Valve Anti-Cheat enabled', 'Stats', 'Includes Source SDK', 'Commentary available', 'Remote Play on Phone', 'Remote Play on Tablet', 'Remote Play on TV', 'Remote Play Together', 'Family Sharing', 'Steam Timeline']","Nov 16, 2009",999.0
945,Left 4 Dead 2,550,this game never get old,25,7.0,2026-03-01 08:12:20,"50,000,000 .. 100,000,000",['Valve'],['Valve'],['Action'],"['windows', 'linux']","['Single-player', 'Multi-player', 'PvP', 'Online PvP', 'Co-op', 'Online Co-op', 'Steam Achievements', 'Full controller support', 'Steam Trading Cards', 'Captions available', 'Steam Workshop', 'Camera Comfort', 'Color Alternatives', 'Custom Volume Controls', 'Adjustable Difficulty', 'Playable without Timed Input', 'Stereo Sound', 'Surround Sound', 'Steam Cloud', 'Valve Anti-Cheat enabled', 'Stats', 'Includes Source SDK', 'Commentary available', 'Remote Play on Phone', 'Remote Play on Tablet', 'Remote Play on TV', 'Remote Play Together', 'Family Sharing', 'Steam Timeline']","Nov 16, 2009",999.0
944,Left 4 Dead 2,550,good,7,4.2,2026-03-01 08:22:08,"50,000,000 .. 100,000,000",['Valve'],['Valve'],['Action'],"['windows', 'linux']","['Single-player', 'Multi-player', 'PvP', 'Online PvP', 'Co-op', 'Online Co-op', 'Steam Achievements', 'Full controller support', 'Steam Trading Cards', 'Captions available', 'Steam Workshop', 'Camera Comfort', 'Color Alternatives', 'Custom Volume Controls', 'Adjustable Difficulty', 'Playable without Timed Input', 'Stereo Sound', 'Surround Sound', 'Steam Cloud', 'Valve Anti-Cheat enabled', 'Stats', 'Includes Source SDK', 'Commentary available', 'Remote Play on Phone', 'Remote Play on Tablet', 'Remote Play on TV', 'Remote Play Together', 'Family Sharing', 'Steam Timeline']","Nov 16, 2009",999.0
939,Left 4 Dead 2,550,classical,6,10.833333333333334,2026-03-01 09:41:38,"50,000,000 .. 100,000,000",['Valve'],['Valve'],['Action'],"['windows', 'linux']","['Single-player', 'Multi-player', 'PvP', 'Online PvP', 'Co-op', 'Online Co-op', 'Steam Achievements', 'Full controller support', 'Steam Trading Cards', 'Captions available', 'Steam Workshop', 'Camera Comfort', 'Color Alternatives', 'Custom Volume Controls', 'Adjustable Difficulty', 'Playable without Timed Input', 'Stereo Sound', 'Surround Sound', 'Steam Cloud', 'Valve Anti-Cheat enabled', 'Stats', 'Includes Source SDK', 'Commentary available', 'Remote Play on Phone', 'Remote Play on Tablet', 'Remote Play on TV', 'Remote Play Together', 'Family Sharing', 'Steam Timeline']","Nov 16, 2009",999.0
922,Left 4 Dead 2,550,epstein,7,8.533333333333333,2026-03-01 16:52:15,"50,000,000 .. 100,000,000",['Valve'],['Valve'],['Action'],"['windows', 'linux']","['Single-player', 'Multi-player', 'PvP', 'Online PvP', 'Co-op', 'Online Co-op', 'Steam Achievements', 'Full controller support', 'Steam Trading Cards', 'Captions available', 'Steam Workshop', 'Camera Comfort', 'Color Alternatives', 'Custom Volume Controls', 'Adjustable Difficulty', 'Playable without Timed Input', 'Stereo Sound', 'Surround Sound', 'Steam Cloud', 'Valve Anti-Cheat enabled', 'Stats', 'Includes Source SDK', 'Commentary available', 'Remote Play on Phone', 'Remote Play on Tablet', 'Remote Play on TV', 'Remote Play Together', 'Family Sharing', 'Steam Timeline']","Nov 16, 2009",999.0
980,Left 4 Dead 2,550,even after year since launch i still find myself craving to play still fun and challenging can be a bit glitchy when you have certain addons but extremely stable most of the time,185,143.41666666666666,2026-02-28 17:15:49,"50,000,000 .. 100,000,000",['Valve'],['Valve'],['Action'],"['windows', 'linux']","['Single-player', 'Multi-player', 'PvP', 'Online PvP', 'Co-op', 'Online Co-op', 'Steam Achievements', 'Full controller support', 'Steam Trading Cards', 'Captions available', 'Steam Workshop', 'Camera Comfort', 'Color Alternatives', 'Custom Volume Controls', 'Adjustable Difficulty', 'Playable without Timed Input', 'Stereo Sound', 'Surround Sound', 'Steam Cloud', 'Valve Anti-Cheat enabled', 'Stats', 'Includes Source SDK', 'Commentary available', 'Remote Play on Phone', 'Remote Play on Tablet', 'Remote Play on TV', 'Remote Play Together', 'Family Sharing', 'Steam Timeline']","Nov 16, 2009",999.0
910,Left 4 Dead 2,550,w and cool game,15,163.65,2026-03-01 21:02:42,"50,000,000 .. 100,000,000",['Valve'],['Valve'],['Action'],"['windows', 'linux']","['Single-player', 'Multi-player', 'PvP', 'Online PvP', 'Co-op', 'Online Co-op', 'Steam Achievements', 'Full controller support', 'Steam Trading Cards', 'Captions available', 'Steam Workshop', 'Camera Comfort', 'Color Alternatives', 'Custom Volume Controls', 'Adjustable Difficulty', 'Playable without Timed Input', 'Stereo Sound', 'Surround Sound', 'Steam Cloud', 'Valve Anti-Cheat enabled', 'Stats', 'Includes Source SDK', 'Commentary available', 'Remote Play on Phone', 'Remote Play on Tablet', 'Remote Play on TV', 'Remote Play Together', 'Family Sharing', 'Steam Timeline']","Nov 16, 2009",999.0
900,Left 4 Dead 2,550,gergrtwegewrgrgrewg,20,1009.65,2026-03-02 01:46:00,"50,000,000 .. 100,000,000",['Valve'],['Valve'],['Action'],"['windows', 'linux']","['Single-player', 'Multi-player', 'PvP', 'Online PvP', 'Co-op', 'Online Co-op', 'Steam Achievements', 'Full controller support', 'Steam Trading Cards', 'Captions available', 'Steam Workshop', 'Camera Comfort', 'Color Alternatives', 'Custom Volume Controls', 'Adjustable Difficulty', 'Playable without Timed Input', 'Stereo Sound', 'Surround Sound', 'Steam Cloud', 'Valve Anti-Cheat enabled', 'Stats', 'Includes Source SDK', 'Commentary available', 'Remote Play on Phone', 'Remote Play on Tablet', 'Remote Play on TV', 'Remote Play Together', 'Family Sharing', 'Steam Timeline']","Nov 16, 2009",999.0
1083,Unturned,304930,i wish there wa a mutiplare,28,65.98333333333333,2023-02-26 23:08:41,"50,000,000 .. 100,000,000",['Smartly Dressed Games'],['Smartly Dressed Games'],"['Action', 'Adventure', 'Casual', 'Indie', 'Free To Play']","['windows', 'mac', 'linux']","['Single-player', 'Multi-player', 'PvP', 'Online PvP', 'LAN PvP', 'Co-op', 'Online Co-op', 'LAN Co-op', 'Steam Achievements', 'Steam Trading Cards', 'Steam Workshop', 'In-App Purchases', 'Camera Comfort', 'Custom Volume Controls', 'Adjustable Difficulty', 'Playable without Timed Input', 'Stereo Sound', 'Steam Cloud', 'Valve Anti-Cheat enabled', 'Stats', 'Includes level editor', 'Remote Play on Tablet']","Jul 7, 2017",
1053,Unturned,304930,this is the best zombie game ever created,41,54.71666666666667,2023-11-30 15:34:32,"50,000,000 .. 100,000,000",['Smartly Dressed Games'],['Smartly Dressed Games'],"['Action', 'Adventure', 'Casual', 'Indie', 'Free To Play']","['windows', 'mac', 'linux']","['Single-player', 'Multi-player', 'PvP', 'Online PvP', 'LAN PvP', 'Co-op', 'Online Co-op', 'LAN Co-op', 'Steam Achievements', 'Steam Trading Cards', 'Steam Workshop', 'In-App Purchases', 'Camera Comfort', 'Custom Volume Controls', 'Adjustable Difficulty', 'Playable without Timed Input', 'Stereo Sound', 'Steam Cloud', 'Valve Anti-Cheat enabled', 'Stats', 'Includes level editor', 'Remote Play on Tablet']","Jul 7, 2017",
1070,Unturned,304930,baller game,11,507.1833333333333,2023-06-19 15:14:50,"50,000,000 .. 100,000,000",['Smartly Dressed Games'],['Smartly Dressed Games'],"['Action', 'Adventure', 'Casual', 'Indie', 'Free To Play']","['windows', 'mac', 'linux']","['Single-player', 'Multi-player', 'PvP', 'Online PvP', 'LAN PvP', 'Co-op', 'Online Co-op', 'LAN Co-op', 'Steam Achievements', 'Steam Trading Cards', 'Steam Workshop', 'In-App Purchases', 'Camera Comfort', 'Custom Volume Controls', 'Adjustable Difficulty', 'Playable without Timed Input', 'Stereo Sound', 'Steam Cloud', 'Valve Anti-Cheat enabled', 'Stats', 'Includes level editor', 'Remote Play on Tablet']","Jul 7, 2017",
1045,Unturned,304930,yum yum yum in my tum tum tum,29,650.5,2024-01-10 06:35:18,"50,000,000 .. 100,000,000",['Smartly Dressed Games'],['Smartly Dressed Games'],"['Action', 'Adventure', 'Casual', 'Indie', 'Free To Play']","['windows', 'mac', 'linux']","['Single-player', 'Multi-player', 'PvP', 'Online PvP', 'LAN PvP', 'Co-op', 'Online Co-op', 'LAN Co-op', 'Steam Achievements', 'Steam Trading Cards', 'Steam Workshop', 'In-App Purchases', 'Camera Comfort', 'Custom Volume Controls', 'Adjustable Difficulty', 'Playable without Timed Input', 'Stereo Sound', 'Steam Cloud', 'Valve Anti-Cheat enabled', 'Stats', 'Includes level editor', 'Remote Play on Tablet']","Jul 7, 2017",
1044,Unturned,304930,review update fun w people and in a server where it a ffa pvp yet you meet people that are friendly a you fight off the terror of the server thanks to diego atago and a few others for the fun time and war against the chinese kid called kidding funny how in the end he got banned for cheating and it wa a journey watching the server turn from a scarce no man land to an union of people who work together for loot whilst fighting off the evil people if you get raided just give up stop wasting time,516,103.21666666666668,2024-01-23 00:57:54,"50,000,000 .. 100,000,000",['Smartly Dressed Games'],['Smartly Dressed Games'],"['Action', 'Adventure', 'Casual', 'Indie', 'Free To Play']","['windows', 'mac', 'linux']","['Single-player', 'Multi-player', 'PvP', 'Online PvP', 'LAN PvP', 'Co-op', 'Online Co-op', 'LAN Co-op', 'Steam Achievements', 'Steam Trading Cards', 'Steam Workshop', 'In-App Purchases', 'Camera Comfort', 'Custom Volume Controls', 'Adjustable Difficulty', 'Playable without Timed Input', 'Stereo Sound', 'Steam Cloud', 'Valve Anti-Cheat enabled', 'Stats', 'Includes level editor', 'Remote Play on Tablet']","Jul 7, 2017",
1039,Unturned,304930,hi,2,41.766666666666666,2024-04-25 05:31:50,"50,000,000 .. 100,000,000",['Smartly Dressed Games'],['Smartly Dressed Games'],"['Action', 'Adventure', 'Casual', 'Indie', 'Free To Play']","['windows', 'mac', 'linux']","['Single-player', 'Multi-player', 'PvP', 'Online PvP', 'LAN PvP', 'Co-op', 'Online Co-op', 'LAN Co-op', 'Steam Achievements', 'Steam Trading Cards', 'Steam Workshop', 'In-App Purchases', 'Camera Comfort', 'Custom Volume Controls', 'Adjustable Difficulty', 'Playable without Timed Input', 'Stereo Sound', 'Steam Cloud', 'Valve Anti-Cheat enabled', 'Stats', 'Includes level editor', 'Remote Play on Tablet']","Jul 7, 2017",
1022,Unturned,304930,x easier than dayz,20,147.5,2024-11-30 11:39:23,"50,000,000 .. 100,000,000",['Smartly Dressed Games'],['Smartly Dressed Games'],"['Action', 'Adventure', 'Casual', 'Indie', 'Free To Play']","['windows', 'mac', 'linux']","['Single-player', 'Multi-player', 'PvP', 'Online PvP', 'LAN PvP', 'Co-op', 'Online Co-op', 'LAN Co-op', 'Steam Achievements', 'Steam Trading Cards', 'Steam Workshop', 'In-App Purchases', 'Camera Comfort', 'Custom Volume Controls', 'Adjustable Difficulty', 'Playable without Timed Input', 'Stereo Sound', 'Steam Cloud', 'Valve Anti-Cheat enabled', 'Stats', 'Includes level editor', 'Remote Play on Tablet']","Jul 7, 2017",
1080,Unturned,304930,ok,3,44.15,2023-03-19 12:51:17,"50,000,000 .. 100,000,000",['Smartly Dressed Games'],['Smartly Dressed Games'],"['Action', 'Adventure', 'Casual', 'Indie', 'Free To Play']","['windows', 'mac', 'linux']","['Single-player', 'Multi-player', 'PvP', 'Online PvP', 'LAN PvP', 'Co-op', 'Online Co-op', 'LAN Co-op', 'Steam Achievements', 'Steam Trading Cards', 'Steam Workshop', 'In-App Purchases', 'Camera Comfort', 'Custom Volume Controls', 'Adjustable Difficulty', 'Playable without Timed Input', 'Stereo Sound', 'Steam Cloud', 'Valve Anti-Cheat enabled', 'Stats', 'Includes level editor', 'Remote Play on Tablet']","Jul 7, 2017",
1010,Unturned,304930,you should try sometime it is fun,33,34.9,2025-04-16 03:05:46,"50,000,000 .. 100,000,000",['Smartly Dressed Games'],['Smartly Dressed Games'],"['Action', 'Adventure', 'Casual', 'Indie', 'Free To Play']","['windows', 'mac', 'linux']","['Single-player', 'Multi-player', 'PvP', 'Online PvP', 'LAN PvP', 'Co-op', 'Online Co-op', 'LAN Co-op', 'Steam Achievements', 'Steam Trading Cards', 'Steam Workshop', 'In-App Purchases', 'Camera Comfort', 'Custom Volume Controls', 'Adjustable Difficulty', 'Playable without Timed Input', 'Stereo Sound', 'Steam Cloud', 'Valve Anti-Cheat enabled', 'Stats', 'Includes level editor', 'Remote Play on Tablet']","Jul 7, 2017",
1000,Unturned,304930,unturned wa more than just a game for me i started playing it back in the beta day when it wa simple clean and full of charm the blocky graphic had personality the survival gameplay wa fun and the game felt special you could play for hour without getting bored especially with friend it didnt need realism to be good it wa simply fun up until around unturned wa an amazing game the community felt more united server were full and update added content without ruining the core of the game for me it wa the game of my childhood full of great memory late night on classic map and moment that really mattered sadly after that period thing started to go downhill bad update unnecessary change and questionable decision slowly pushed old player away the community became more toxic and the game lost it original direction even if the developer nelson may have had good intention in my opinion the game wa ruined by update that no longer respected what made unturned special unturned will always have a place in my heart but not for what it is today for what it used to be a simple beautiful game that defined a part of my childhood and created memory ill never forget,1240,1205.2333333333331,2026-01-12 02:43:20,"50,000,000 .. 100,000,000",['Smartly Dressed Games'],['Smartly Dressed Games'],"['Action', 'Adventure', 'Casual', 'Indie', 'Free To Play']","['windows', 'mac', 'linux']","['Single-player', 'Multi-player', 'PvP', 'Online PvP', 'LAN PvP', 'Co-op', 'Online Co-op', 'LAN Co-op', 'Steam Achievements', 'Steam Trading Cards', 'Steam Workshop', 'In-App Purchases', 'Camera Comfort', 'Custom Volume Controls', 'Adjustable Difficulty', 'Playable without Timed Input', 'Stereo Sound', 'Steam Cloud', 'Valve Anti-Cheat enabled', 'Stats', 'Includes level editor', 'Remote Play on Tablet']","Jul 7, 2017",
1183,Lost Ark,1599340,this is a great game too bad people have left and are not coming back i still play it though but im stuck due to no group,125,997.95,2025-11-27 06:01:07,"50,000,000 .. 100,000,000",['Smilegate RPG'],['Amazon Game Studios'],"['Action', 'Adventure', 'Massively Multiplayer', 'RPG', 'Free To Play']",['windows'],"['Single-player', 'Multi-player', 'MMO', 'PvP', 'Online PvP', 'Co-op', 'Online Co-op', 'Steam Achievements', 'In-App Purchases', 'Adjustable Text Size', 'Camera Comfort', 'Color Alternatives', 'Custom Volume Controls', 'Keyboard Only Option', 'Playable without Timed Input', 'Save Anytime', 'Partial Controller Support']","Feb 11, 2022",
1153,Lost Ark,1599340,not my type of mmorpg but the combat and the world were good the core mechanic felt outdated,102,99.16666666666669,2025-12-27 21:50:44,"50,000,000 .. 100,000,000",['Smilegate RPG'],['Amazon Game Studios'],"['Action', 'Adventure', 'Massively Multiplayer', 'RPG', 'Free To Play']",['windows'],"['Single-player', 'Multi-player', 'MMO', 'PvP', 'Online PvP', 'Co-op', 'Online Co-op', 'Steam Achievements', 'In-App Purchases', 'Adjustable Text Size', 'Camera Comfort', 'Color Alternatives', 'Custom Volume Controls', 'Keyboard Only Option', 'Playable without Timed Input', 'Save Anytime', 'Partial Controller Support']","Feb 11, 2022",
1170,Lost Ark,1599340,best combat in an mmo,21,5508.666666666667,2025-12-16 15:49:10,"50,000,000 .. 100,000,000",['Smilegate RPG'],['Amazon Game Studios'],"['Action', 'Adventure', 'Massively Multiplayer', 'RPG', 'Free To Play']",['windows'],"['Single-player', 'Multi-player', 'MMO', 'PvP', 'Online PvP', 'Co-op', 'Online Co-op', 'Steam Achievements', 'In-App Purchases', 'Adjustable Text Size', 'Camera Comfort', 'Color Alternatives', 'Custom Volume Controls', 'Keyboard Only Option', 'Playable without Timed Input', 'Save Anytime', 'Partial Controller Support']","Feb 11, 2022",
1144,Lost Ark,1599340,i feel so much better after quitting the game,45,8695.383333333333,2026-01-07 00:25:13,"50,000,000 .. 100,000,000",['Smilegate RPG'],['Amazon Game Studios'],"['Action', 'Adventure', 'Massively Multiplayer', 'RPG', 'Free To Play']",['windows'],"['Single-player', 'Multi-player', 'MMO', 'PvP', 'Online PvP', 'Co-op', 'Online Co-op', 'Steam Achievements', 'In-App Purchases', 'Adjustable Text Size', 'Camera Comfort', 'Color Alternatives', 'Custom Volume Controls', 'Keyboard Only Option', 'Playable without Timed Input', 'Save Anytime', 'Partial Controller Support']","Feb 11, 2022",
1139,Lost Ark,1599340,still get upset when i think about this game just ruined with menu currency system bloat and a ridiculous cash shop everyone knew this would be the case and it would die in the west and low and behold,211,619.0833333333334,2026-01-14 20:51:21,"50,000,000 .. 100,000,000",['Smilegate RPG'],['Amazon Game Studios'],"['Action', 'Adventure', 'Massively Multiplayer', 'RPG', 'Free To Play']",['windows'],"['Single-player', 'Multi-player', 'MMO', 'PvP', 'Online PvP', 'Co-op', 'Online Co-op', 'Steam Achievements', 'In-App Purchases', 'Adjustable Text Size', 'Camera Comfort', 'Color Alternatives', 'Custom Volume Controls', 'Keyboard Only Option', 'Playable without Timed Input', 'Save Anytime', 'Partial Controller Support']","Feb 11, 2022",
1122,Lost Ark,1599340,not solo friendly changed half the game so returning player like myself are completely lost with no help dont recomend unless you have never played this game before and are starting from hope you like an endless and painful grind,236,363.28333333333336,2026-02-04 02:46:16,"50,000,000 .. 100,000,000",['Smilegate RPG'],['Amazon Game Studios'],"['Action', 'Adventure', 'Massively Multiplayer', 'RPG', 'Free To Play']",['windows'],"['Single-player', 'Multi-player', 'MMO', 'PvP', 'Online PvP', 'Co-op', 'Online Co-op', 'Steam Achievements', 'In-App Purchases', 'Adjustable Text Size', 'Camera Comfort', 'Color Alternatives', 'Custom Volume Controls', 'Keyboard Only Option', 'Playable without Timed Input', 'Save Anytime', 'Partial Controller Support']","Feb 11, 2022",
1180,Lost Ark,1599340,gotcha pay to win garbage,25,412.3666666666667,2025-11-30 06:14:53,"50,000,000 .. 100,000,000",['Smilegate RPG'],['Amazon Game Studios'],"['Action', 'Adventure', 'Massively Multiplayer', 'RPG', 'Free To Play']",['windows'],"['Single-player', 'Multi-player', 'MMO', 'PvP', 'Online PvP', 'Co-op', 'Online Co-op', 'Steam Achievements', 'In-App Purchases', 'Adjustable Text Size', 'Camera Comfort', 'Color Alternatives', 'Custom Volume Controls', 'Keyboard Only Option', 'Playable without Timed Input', 'Save Anytime', 'Partial Controller Support']","Feb 11, 2022",
1110,Lost Ark,1599340,great game overall but it is made to make money not for people to enjoy it that s why it will never becomes a big a wow ha been and is,139,399.6333333333333,2026-02-15 21:48:56,"50,000,000 .. 100,000,000",['Smilegate RPG'],['Amazon Game Studios'],"['Action', 'Adventure', 'Massively Multiplayer', 'RPG', 'Free To Play']",['windows'],"['Single-player', 'Multi-player', 'MMO', 'PvP', 'Online PvP', 'Co-op', 'Online Co-op', 'Steam Achievements', 'In-App Purchases', 'Adjustable Text Size', 'Camera Comfort', 'Color Alternatives', 'Custom Volume Controls', 'Keyboard Only Option', 'Playable without Timed Input', 'Save Anytime', 'Partial Controller Support']","Feb 11, 2022",
1100,Lost Ark,1599340,i sank hour into lost ark over three year a lot of those hour is afk while multi task working from home the combat is a literal the most fluid responsive and skill expressive action combat ever shipped in an mmo every other system exists to gatekeep it to earn gold you raid you can only do a few raid each week per character there is no farming to make gold you make alt to do more raid to make more gold to raid with pug you need title to earn title you need gold gear engraving gem high enough that party leader actually accept you to become a party leader yourself you must have title gear engraving and gem good enough for player to want to join you for the social proof then you also need to be able to lead the raid by running the sidereals the loop is engineered to pressure pay to win from the in game shop rmt site always stay one step ahead of ban so most player i played with swiped that way credit card swiping the cash shop is possible but hilariously inefficient i watched player drop k only to see every single purchase handed out in a new player pas six month later fp route maintain six alt run every single raid on all of them funnel of resource into one main miss a single week and your character fall behind the ilvl curve group won t accept you and the cycle reset i mained pistoleer when it wa universally called a troll spec built a partnered youtube channel around raid night and pistoleer gameplay the eventual buff felt like vindication toward the end before i quit playing the deeper problem is systemic burnout by design novelty first philosophy cutscenes and long animation you cannot skip after the first time month patch lag community scream developer listen exactly one year later fomo layered on fomo cash shop title gate for pug new content dropped exclusively on holiday when normal human are with family every design decision scream make it fresh for the first playthrough make it painful for the th replayability wa never the goal retention through grind wa take lost ark combat drop it into a league of legend story arch universe that reward replayability remove all pw vector and you would have the greatest mmorpg ever made what we actually have is a korean grind factory with god tier raid and the single best combat engine in the genre deliberately crippled by monetization title politics and anti replayability system every decision they make feel out of touch and make you wonder if anyone designing the game actually play the game also the story and script are done by ai combat everything else designed to make you quit so they can sell you the solution,2792,10200.016666666666,2026-03-01 23:45:16,"50,000,000 .. 100,000,000",['Smilegate RPG'],['Amazon Game Studios'],"['Action', 'Adventure', 'Massively Multiplayer', 'RPG', 'Free To Play']",['windows'],"['Single-player', 'Multi-player', 'MMO', 'PvP', 'Online PvP', 'Co-op', 'Online Co-op', 'Steam Achievements', 'In-App Purchases', 'Adjustable Text Size', 'Camera Comfort', 'Color Alternatives', 'Custom Volume Controls', 'Keyboard Only Option', 'Playable without Timed Input', 'Save Anytime', 'Partial Controller Support']","Feb 11, 2022",
1283,War Thunder,236390,it is a good looking game and amazing sound it will pull you in like a siren and then dispatch you take your money and eat your family the game play is horrendous the match making pitiful and the seal clubbing is near a war crime the stick jockey that play the first tier battle ratting and wipe out your whole team who just figured out how to press w to move forward a i play isn t bad but it is long grueling and repetitive,442,126.28333333333332,2024-02-21 03:26:14,"20,000,000 .. 50,000,000",['Gaijin Entertainment'],['Gaijin Network Ltd'],"['Action', 'Massively Multiplayer', 'Simulation', 'Free To Play']","['windows', 'mac', 'linux']","['Single-player', 'Multi-player', 'MMO', 'PvP', 'Online PvP', 'Co-op', 'Online Co-op', 'Cross-Platform Multiplayer', 'Steam Achievements', 'Full controller support', 'VR Supported', 'Steam Trading Cards', 'In-App Purchases', 'Adjustable Text Size', 'Camera Comfort', 'Color Alternatives', 'Custom Volume Controls', 'Playable without Timed Input', 'Stereo Sound', 'Surround Sound', 'Remote Play on Phone', 'Remote Play on Tablet']","Aug 15, 2013",
1253,War Thunder,236390,i love the concept of this game however a of late the server are horrible i don t know what is going on with it but the ability to play the game is terrible the game is fun the concept are fun the history behind the vehicle is fun and make researching them even more interesting however if the game itself cannot be played because of bad server connection or whatever the reasoning is then it s not worth it i really do wish gaijin would invest some of the money they are making from this game on some more reliable server so it doesn t cut in the middle of a battle,586,2170.3166666666666,2024-12-15 04:49:32,"20,000,000 .. 50,000,000",['Gaijin Entertainment'],['Gaijin Network Ltd'],"['Action', 'Massively Multiplayer', 'Simulation', 'Free To Play']","['windows', 'mac', 'linux']","['Single-player', 'Multi-player', 'MMO', 'PvP', 'Online PvP', 'Co-op', 'Online Co-op', 'Cross-Platform Multiplayer', 'Steam Achievements', 'Full controller support', 'VR Supported', 'Steam Trading Cards', 'In-App Purchases', 'Adjustable Text Size', 'Camera Comfort', 'Color Alternatives', 'Custom Volume Controls', 'Playable without Timed Input', 'Stereo Sound', 'Surround Sound', 'Remote Play on Phone', 'Remote Play on Tablet']","Aug 15, 2013",
1270,War Thunder,236390,bloated and confusing layout,28,14.65,2024-05-25 23:05:15,"20,000,000 .. 50,000,000",['Gaijin Entertainment'],['Gaijin Network Ltd'],"['Action', 'Massively Multiplayer', 'Simulation', 'Free To Play']","['windows', 'mac', 'linux']","['Single-player', 'Multi-player', 'MMO', 'PvP', 'Online PvP', 'Co-op', 'Online Co-op', 'Cross-Platform Multiplayer', 'Steam Achievements', 'Full controller support', 'VR Supported', 'Steam Trading Cards', 'In-App Purchases', 'Adjustable Text Size', 'Camera Comfort', 'Color Alternatives', 'Custom Volume Controls', 'Playable without Timed Input', 'Stereo Sound', 'Surround Sound', 'Remote Play on Phone', 'Remote Play on Tablet']","Aug 15, 2013",
1245,War Thunder,236390,fp game for a couple of hour xd jokerge,33,3992.683333333333,2025-02-03 14:01:48,"20,000,000 .. 50,000,000",['Gaijin Entertainment'],['Gaijin Network Ltd'],"['Action', 'Massively Multiplayer', 'Simulation', 'Free To Play']","['windows', 'mac', 'linux']","['Single-player', 'Multi-player', 'MMO', 'PvP', 'Online PvP', 'Co-op', 'Online Co-op', 'Cross-Platform Multiplayer', 'Steam Achievements', 'Full controller support', 'VR Supported', 'Steam Trading Cards', 'In-App Purchases', 'Adjustable Text Size', 'Camera Comfort', 'Color Alternatives', 'Custom Volume Controls', 'Playable without Timed Input', 'Stereo Sound', 'Surround Sound', 'Remote Play on Phone', 'Remote Play on Tablet']","Aug 15, 2013",
1244,War Thunder,236390,vary skill based with a vary high learning carve gind is worse than world of tank,82,91.76666666666668,2025-02-08 23:35:20,"20,000,000 .. 50,000,000",['Gaijin Entertainment'],['Gaijin Network Ltd'],"['Action', 'Massively Multiplayer', 'Simulation', 'Free To Play']","['windows', 'mac', 'linux']","['Single-player', 'Multi-player', 'MMO', 'PvP', 'Online PvP', 'Co-op', 'Online Co-op', 'Cross-Platform Multiplayer', 'Steam Achievements', 'Full controller support', 'VR Supported', 'Steam Trading Cards', 'In-App Purchases', 'Adjustable Text Size', 'Camera Comfort', 'Color Alternatives', 'Custom Volume Controls', 'Playable without Timed Input', 'Stereo Sound', 'Surround Sound', 'Remote Play on Phone', 'Remote Play on Tablet']","Aug 15, 2013",
1239,War Thunder,236390,dont do it it s a trap,24,468.78333333333336,2025-04-20 02:45:52,"20,000,000 .. 50,000,000",['Gaijin Entertainment'],['Gaijin Network Ltd'],"['Action', 'Massively Multiplayer', 'Simulation', 'Free To Play']","['windows', 'mac', 'linux']","['Single-player', 'Multi-player', 'MMO', 'PvP', 'Online PvP', 'Co-op', 'Online Co-op', 'Cross-Platform Multiplayer', 'Steam Achievements', 'Full controller support', 'VR Supported', 'Steam Trading Cards', 'In-App Purchases', 'Adjustable Text Size', 'Camera Comfort', 'Color Alternatives', 'Custom Volume Controls', 'Playable without Timed Input', 'Stereo Sound', 'Surround Sound', 'Remote Play on Phone', 'Remote Play on Tablet']","Aug 15, 2013",
1222,War Thunder,236390,bush death,12,10.066666666666666,2025-08-11 10:56:23,"20,000,000 .. 50,000,000",['Gaijin Entertainment'],['Gaijin Network Ltd'],"['Action', 'Massively Multiplayer', 'Simulation', 'Free To Play']","['windows', 'mac', 'linux']","['Single-player', 'Multi-player', 'MMO', 'PvP', 'Online PvP', 'Co-op', 'Online Co-op', 'Cross-Platform Multiplayer', 'Steam Achievements', 'Full controller support', 'VR Supported', 'Steam Trading Cards', 'In-App Purchases', 'Adjustable Text Size', 'Camera Comfort', 'Color Alternatives', 'Custom Volume Controls', 'Playable without Timed Input', 'Stereo Sound', 'Surround Sound', 'Remote Play on Phone', 'Remote Play on Tablet']","Aug 15, 2013",
1280,War Thunder,236390,this game is free to play but very pay to win there is no option for ground force only every ground battle is subjected to fighter and bomber destroying ground force with no risk to the pilot of the plane plane death do not affect the spawn life of player die in a plane but still have same number of respawns prior to death very low reward for shooting down aircraft compared to the difficulty in doing so i have over aircraft kill with spaa tank and tank destroyer more than enemy kill and am at level this game could be so much more however the developer seem reluctant to listen to player review if you like to be killed by aircraft that you dont know are in the combat zone or destroyed by premium vehicle bought for real wold money matched up against overpowered enemy nerfed if you dont renew a premium account suddenly not able to damage other vehicle that usually are destroyable by your vehicle any form of complaint are defended by just get better there are other ground force game on the way without aircraft or buy to win option a soon a one emerges i wont be playing war thunder untill then im hooked take my advise do not play war thunder,1215,6800.733333333334,2024-03-13 15:21:28,"20,000,000 .. 50,000,000",['Gaijin Entertainment'],['Gaijin Network Ltd'],"['Action', 'Massively Multiplayer', 'Simulation', 'Free To Play']","['windows', 'mac', 'linux']","['Single-player', 'Multi-player', 'MMO', 'PvP', 'Online PvP', 'Co-op', 'Online Co-op', 'Cross-Platform Multiplayer', 'Steam Achievements', 'Full controller support', 'VR Supported', 'Steam Trading Cards', 'In-App Purchases', 'Adjustable Text Size', 'Camera Comfort', 'Color Alternatives', 'Custom Volume Controls', 'Playable without Timed Input', 'Stereo Sound', 'Surround Sound', 'Remote Play on Phone', 'Remote Play on Tablet']","Aug 15, 2013",
1210,War Thunder,236390,ok,2,39.18333333333333,2025-12-14 06:10:32,"20,000,000 .. 50,000,000",['Gaijin Entertainment'],['Gaijin Network Ltd'],"['Action', 'Massively Multiplayer', 'Simulation', 'Free To Play']","['windows', 'mac', 'linux']","['Single-player', 'Multi-player', 'MMO', 'PvP', 'Online PvP', 'Co-op', 'Online Co-op', 'Cross-Platform Multiplayer', 'Steam Achievements', 'Full controller support', 'VR Supported', 'Steam Trading Cards', 'In-App Purchases', 'Adjustable Text Size', 'Camera Comfort', 'Color Alternatives', 'Custom Volume Controls', 'Playable without Timed Input', 'Stereo Sound', 'Surround Sound', 'Remote Play on Phone', 'Remote Play on Tablet']","Aug 15, 2013",
1200,War Thunder,236390,i love tank game ultra realistic,37,101.7,2026-02-27 04:09:49,"20,000,000 .. 50,000,000",['Gaijin Entertainment'],['Gaijin Network Ltd'],"['Action', 'Massively Multiplayer', 'Simulation', 'Free To Play']","['windows', 'mac', 'linux']","['Single-player', 'Multi-player', 'MMO', 'PvP', 'Online PvP', 'Co-op', 'Online Co-op', 'Cross-Platform Multiplayer', 'Steam Achievements', 'Full controller support', 'VR Supported', 'Steam Trading Cards', 'In-App Purchases', 'Adjustable Text Size', 'Camera Comfort', 'Color Alternatives', 'Custom Volume Controls', 'Playable without Timed Input', 'Stereo Sound', 'Surround Sound', 'Remote Play on Phone', 'Remote Play on Tablet']","Aug 15, 2013",
1383,Monster Hunter Wilds,2246340,best dopamine hit simulator would hunt again,51,107.13333333333334,2026-02-28 17:05:41,"20,000,000 .. 50,000,000","['CAPCOM Co., Ltd.']","['CAPCOM Co., Ltd.']","['Action', 'Adventure', 'RPG']",['windows'],"['Single-player', 'Multi-player', 'Co-op', 'Online Co-op', 'Cross-Platform Multiplayer', 'Steam Achievements', 'Full controller support', 'Steam Trading Cards', 'Adjustable Text Size', 'Camera Comfort', 'Color Alternatives', 'Custom Volume Controls', 'Keyboard Only Option', 'Stereo Sound', 'Subtitle Options', 'Surround Sound', 'Steam Cloud', 'HDR available', 'Family Sharing']","Feb 27, 2025",6999.0
1353,Monster Hunter Wilds,2246340,ive been playing monster hunter wild since release and honestly it been a ride at launch the game wa gorgeous but super demanding my old rig with an rtx could barely push fps i ended up upgrading my pc just to enjoy it properly and im glad i did because the visuals are stunning the early game felt pretty easy and compared to monster hunter world the weapon and armor skill seemed limited but i figured that wa just because it wa the start of the game what really blew me away wa the aesthetic every map is beautiful and the customization option are insane you can tweak your hunter your seikrets camp even npc it make the world feel alive and personal fast forward a year and the game ha improved a ton performance is way better id say smoother than launch and the gameplay ha gotten harder thanks to new monster and event hunt feel more intense now and i love that challenge the best part is how the devs are clearly listening to feedback theyve been refining the game nonstop and it show credit where credit due capcom nailed the update now im just hyped for the upcoming dlc if it keep up the same level of polish and improvement this game could easily surpass world in the long run,1273,376.25,2026-03-01 03:49:44,"20,000,000 .. 50,000,000","['CAPCOM Co., Ltd.']","['CAPCOM Co., Ltd.']","['Action', 'Adventure', 'RPG']",['windows'],"['Single-player', 'Multi-player', 'Co-op', 'Online Co-op', 'Cross-Platform Multiplayer', 'Steam Achievements', 'Full controller support', 'Steam Trading Cards', 'Adjustable Text Size', 'Camera Comfort', 'Color Alternatives', 'Custom Volume Controls', 'Keyboard Only Option', 'Stereo Sound', 'Subtitle Options', 'Surround Sound', 'Steam Cloud', 'HDR available', 'Family Sharing']","Feb 27, 2025",6999.0
1370,Monster Hunter Wilds,2246340,c,2,74.63333333333334,2026-02-28 20:53:45,"20,000,000 .. 50,000,000","['CAPCOM Co., Ltd.']","['CAPCOM Co., Ltd.']","['Action', 'Adventure', 'RPG']",['windows'],"['Single-player', 'Multi-player', 'Co-op', 'Online Co-op', 'Cross-Platform Multiplayer', 'Steam Achievements', 'Full controller support', 'Steam Trading Cards', 'Adjustable Text Size', 'Camera Comfort', 'Color Alternatives', 'Custom Volume Controls', 'Keyboard Only Option', 'Stereo Sound', 'Subtitle Options', 'Surround Sound', 'Steam Cloud', 'HDR available', 'Family Sharing']","Feb 27, 2025",6999.0
1345,Monster Hunter Wilds,2246340,one year later here what i have to say game is really good even better if you play with friend give it a try,119,602.6166666666667,2026-03-01 05:59:28,"20,000,000 .. 50,000,000","['CAPCOM Co., Ltd.']","['CAPCOM Co., Ltd.']","['Action', 'Adventure', 'RPG']",['windows'],"['Single-player', 'Multi-player', 'Co-op', 'Online Co-op', 'Cross-Platform Multiplayer', 'Steam Achievements', 'Full controller support', 'Steam Trading Cards', 'Adjustable Text Size', 'Camera Comfort', 'Color Alternatives', 'Custom Volume Controls', 'Keyboard Only Option', 'Stereo Sound', 'Subtitle Options', 'Surround Sound', 'Steam Cloud', 'HDR available', 'Family Sharing']","Feb 27, 2025",6999.0
1344,Monster Hunter Wilds,2246340,this game ha been awesome since the start great story and gameplay i know alot of people complained about the stability of the game lucky i never had problem cause of how powerful my pc is but recently they have done some really good optos lately and the game run way better now for alot of people now to,310,203.78333333333333,2026-03-01 06:24:32,"20,000,000 .. 50,000,000","['CAPCOM Co., Ltd.']","['CAPCOM Co., Ltd.']","['Action', 'Adventure', 'RPG']",['windows'],"['Single-player', 'Multi-player', 'Co-op', 'Online Co-op', 'Cross-Platform Multiplayer', 'Steam Achievements', 'Full controller support', 'Steam Trading Cards', 'Adjustable Text Size', 'Camera Comfort', 'Color Alternatives', 'Custom Volume Controls', 'Keyboard Only Option', 'Stereo Sound', 'Subtitle Options', 'Surround Sound', 'Steam Cloud', 'HDR available', 'Family Sharing']","Feb 27, 2025",6999.0
1339,Monster Hunter Wilds,2246340,greatsword hit good greatsword parry better,47,43.86666666666667,2026-03-01 08:33:12,"20,000,000 .. 50,000,000","['CAPCOM Co., Ltd.']","['CAPCOM Co., Ltd.']","['Action', 'Adventure', 'RPG']",['windows'],"['Single-player', 'Multi-player', 'Co-op', 'Online Co-op', 'Cross-Platform Multiplayer', 'Steam Achievements', 'Full controller support', 'Steam Trading Cards', 'Adjustable Text Size', 'Camera Comfort', 'Color Alternatives', 'Custom Volume Controls', 'Keyboard Only Option', 'Stereo Sound', 'Subtitle Options', 'Surround Sound', 'Steam Cloud', 'HDR available', 'Family Sharing']","Feb 27, 2025",6999.0
1322,Monster Hunter Wilds,2246340,wild what do i even say about wild anymore a somebody who love these game so much thanks to all the hard time they ve helped me through i can not recommend this game it s optimization is terrible and that s coming from somebody with a decently powerful pc for the life of me i couldn t think of a genuine reason to play this game in it s current state even a a completely biased fan of these game i can not enjoy this one even on day where it run better it still feel boring and empty when playing it i see the potential but the execution feel terrible i love the new monster and the og one they brought back in update i love what they re trying to do with the game but i can t recommend it because of how much they failed with everything else would rate it higher but that would have just been due to my extreme bias towards woman which this game ha a lot of i really hope they fix everything so i can love this game like i loved all the others,983,69.95,2026-03-01 14:01:00,"20,000,000 .. 50,000,000","['CAPCOM Co., Ltd.']","['CAPCOM Co., Ltd.']","['Action', 'Adventure', 'RPG']",['windows'],"['Single-player', 'Multi-player', 'Co-op', 'Online Co-op', 'Cross-Platform Multiplayer', 'Steam Achievements', 'Full controller support', 'Steam Trading Cards', 'Adjustable Text Size', 'Camera Comfort', 'Color Alternatives', 'Custom Volume Controls', 'Keyboard Only Option', 'Stereo Sound', 'Subtitle Options', 'Surround Sound', 'Steam Cloud', 'HDR available', 'Family Sharing']","Feb 27, 2025",6999.0
1380,Monster Hunter Wilds,2246340,the game is not a fun a the previous title and used to have optimization issue for over a year turn out capcom would rather focus on p player than player in general so they kinda kicked the pc issue under the rug and gave u no real attention that being said after ended and their sale fkin plummeted they finally realized that maaaaybe helping out pc player might give them some more revenue and income and because of that ignorance and greed i will downvote the game and keep it downvoted,519,275.56666666666666,2026-02-28 18:34:13,"20,000,000 .. 50,000,000","['CAPCOM Co., Ltd.']","['CAPCOM Co., Ltd.']","['Action', 'Adventure', 'RPG']",['windows'],"['Single-player', 'Multi-player', 'Co-op', 'Online Co-op', 'Cross-Platform Multiplayer', 'Steam Achievements', 'Full controller support', 'Steam Trading Cards', 'Adjustable Text Size', 'Camera Comfort', 'Color Alternatives', 'Custom Volume Controls', 'Keyboard Only Option', 'Stereo Sound', 'Subtitle Options', 'Surround Sound', 'Steam Cloud', 'HDR available', 'Family Sharing']","Feb 27, 2025",6999.0
1310,Monster Hunter Wilds,2246340,they cooked with this,21,4.166666666666667,2026-03-01 19:01:31,"20,000,000 .. 50,000,000","['CAPCOM Co., Ltd.']","['CAPCOM Co., Ltd.']","['Action', 'Adventure', 'RPG']",['windows'],"['Single-player', 'Multi-player', 'Co-op', 'Online Co-op', 'Cross-Platform Multiplayer', 'Steam Achievements', 'Full controller support', 'Steam Trading Cards', 'Adjustable Text Size', 'Camera Comfort', 'Color Alternatives', 'Custom Volume Controls', 'Keyboard Only Option', 'Stereo Sound', 'Subtitle Options', 'Surround Sound', 'Steam Cloud', 'HDR available', 'Family Sharing']","Feb 27, 2025",6999.0
1300,Monster Hunter Wilds,2246340,hoping for more performance update,36,21.15,2026-03-02 01:01:59,"20,000,000 .. 50,000,000","['CAPCOM Co., Ltd.']","['CAPCOM Co., Ltd.']","['Action', 'Adventure', 'RPG']",['windows'],"['Single-player', 'Multi-player', 'Co-op', 'Online Co-op', 'Cross-Platform Multiplayer', 'Steam Achievements', 'Full controller support', 'Steam Trading Cards', 'Adjustable Text Size', 'Camera Comfort', 'Color Alternatives', 'Custom Volume Controls', 'Keyboard Only Option', 'Stereo Sound', 'Subtitle Options', 'Surround Sound', 'Steam Cloud', 'HDR available', 'Family Sharing']","Feb 27, 2025",6999.0
1483,HELLDIVERS 2,553850,for superearth,16,104.03333333333332,2026-03-01 18:42:16,"20,000,000 .. 50,000,000",['Arrowhead Game Studios'],['PlayStation Publishing LLC'],['Action'],['windows'],"['Multi-player', 'Co-op', 'Online Co-op', 'Steam Achievements', 'In-App Purchases', 'Adjustable Text Size', 'Camera Comfort', 'Chat Speech-to-text', 'Chat Text-to-speech', 'Color Alternatives', 'Custom Volume Controls', 'Adjustable Difficulty', 'Narrated Game Menus', 'Playable without Timed Input', 'Stereo Sound', 'Subtitle Options', 'Surround Sound', 'Partial Controller Support', 'Family Sharing']","Feb 8, 2024",3999.0
1453,HELLDIVERS 2,553850,game is fun mainly if you have friend solo is kinda tough,61,24.98333333333333,2026-03-01 20:45:37,"20,000,000 .. 50,000,000",['Arrowhead Game Studios'],['PlayStation Publishing LLC'],['Action'],['windows'],"['Multi-player', 'Co-op', 'Online Co-op', 'Steam Achievements', 'In-App Purchases', 'Adjustable Text Size', 'Camera Comfort', 'Chat Speech-to-text', 'Chat Text-to-speech', 'Color Alternatives', 'Custom Volume Controls', 'Adjustable Difficulty', 'Narrated Game Menus', 'Playable without Timed Input', 'Stereo Sound', 'Subtitle Options', 'Surround Sound', 'Partial Controller Support', 'Family Sharing']","Feb 8, 2024",3999.0
1470,HELLDIVERS 2,553850,liber tea ami right guy,24,38.1,2026-03-01 19:38:56,"20,000,000 .. 50,000,000",['Arrowhead Game Studios'],['PlayStation Publishing LLC'],['Action'],['windows'],"['Multi-player', 'Co-op', 'Online Co-op', 'Steam Achievements', 'In-App Purchases', 'Adjustable Text Size', 'Camera Comfort', 'Chat Speech-to-text', 'Chat Text-to-speech', 'Color Alternatives', 'Custom Volume Controls', 'Adjustable Difficulty', 'Narrated Game Menus', 'Playable without Timed Input', 'Stereo Sound', 'Subtitle Options', 'Surround Sound', 'Partial Controller Support', 'Family Sharing']","Feb 8, 2024",3999.0
1445,HELLDIVERS 2,553850,i fire a bazooka on a clearly open area degress to the sky and get killed by it the missile doesn t even fly just explode on my hand but of course this is just one the problem it s the one that made me quit,219,82.73333333333333,2026-03-01 21:16:58,"20,000,000 .. 50,000,000",['Arrowhead Game Studios'],['PlayStation Publishing LLC'],['Action'],['windows'],"['Multi-player', 'Co-op', 'Online Co-op', 'Steam Achievements', 'In-App Purchases', 'Adjustable Text Size', 'Camera Comfort', 'Chat Speech-to-text', 'Chat Text-to-speech', 'Color Alternatives', 'Custom Volume Controls', 'Adjustable Difficulty', 'Narrated Game Menus', 'Playable without Timed Input', 'Stereo Sound', 'Subtitle Options', 'Surround Sound', 'Partial Controller Support', 'Family Sharing']","Feb 8, 2024",3999.0
1444,HELLDIVERS 2,553850,for super earth,15,16.766666666666666,2026-03-01 21:17:46,"20,000,000 .. 50,000,000",['Arrowhead Game Studios'],['PlayStation Publishing LLC'],['Action'],['windows'],"['Multi-player', 'Co-op', 'Online Co-op', 'Steam Achievements', 'In-App Purchases', 'Adjustable Text Size', 'Camera Comfort', 'Chat Speech-to-text', 'Chat Text-to-speech', 'Color Alternatives', 'Custom Volume Controls', 'Adjustable Difficulty', 'Narrated Game Menus', 'Playable without Timed Input', 'Stereo Sound', 'Subtitle Options', 'Surround Sound', 'Partial Controller Support', 'Family Sharing']","Feb 8, 2024",3999.0
1439,HELLDIVERS 2,553850,i dont know how they make me want to spread sweet democracy everywhere in this game so much,91,62.1,2026-03-01 21:28:25,"20,000,000 .. 50,000,000",['Arrowhead Game Studios'],['PlayStation Publishing LLC'],['Action'],['windows'],"['Multi-player', 'Co-op', 'Online Co-op', 'Steam Achievements', 'In-App Purchases', 'Adjustable Text Size', 'Camera Comfort', 'Chat Speech-to-text', 'Chat Text-to-speech', 'Color Alternatives', 'Custom Volume Controls', 'Adjustable Difficulty', 'Narrated Game Menus', 'Playable without Timed Input', 'Stereo Sound', 'Subtitle Options', 'Surround Sound', 'Partial Controller Support', 'Family Sharing']","Feb 8, 2024",3999.0
1422,HELLDIVERS 2,553850,cyberstan traumatized me,24,71.53333333333333,2026-03-01 22:36:25,"20,000,000 .. 50,000,000",['Arrowhead Game Studios'],['PlayStation Publishing LLC'],['Action'],['windows'],"['Multi-player', 'Co-op', 'Online Co-op', 'Steam Achievements', 'In-App Purchases', 'Adjustable Text Size', 'Camera Comfort', 'Chat Speech-to-text', 'Chat Text-to-speech', 'Color Alternatives', 'Custom Volume Controls', 'Adjustable Difficulty', 'Narrated Game Menus', 'Playable without Timed Input', 'Stereo Sound', 'Subtitle Options', 'Surround Sound', 'Partial Controller Support', 'Family Sharing']","Feb 8, 2024",3999.0
1480,HELLDIVERS 2,553850,democracy,10,58.583333333333336,2026-03-01 18:57:29,"20,000,000 .. 50,000,000",['Arrowhead Game Studios'],['PlayStation Publishing LLC'],['Action'],['windows'],"['Multi-player', 'Co-op', 'Online Co-op', 'Steam Achievements', 'In-App Purchases', 'Adjustable Text Size', 'Camera Comfort', 'Chat Speech-to-text', 'Chat Text-to-speech', 'Color Alternatives', 'Custom Volume Controls', 'Adjustable Difficulty', 'Narrated Game Menus', 'Playable without Timed Input', 'Stereo Sound', 'Subtitle Options', 'Surround Sound', 'Partial Controller Support', 'Family Sharing']","Feb 8, 2024",3999.0
1410,HELLDIVERS 2,553850,they deceived u into buying a horde shooter that actually wa a grunt fantasy would recomend,99,444.6166666666667,2026-03-01 23:40:48,"20,000,000 .. 50,000,000",['Arrowhead Game Studios'],['PlayStation Publishing LLC'],['Action'],['windows'],"['Multi-player', 'Co-op', 'Online Co-op', 'Steam Achievements', 'In-App Purchases', 'Adjustable Text Size', 'Camera Comfort', 'Chat Speech-to-text', 'Chat Text-to-speech', 'Color Alternatives', 'Custom Volume Controls', 'Adjustable Difficulty', 'Narrated Game Menus', 'Playable without Timed Input', 'Stereo Sound', 'Subtitle Options', 'Surround Sound', 'Partial Controller Support', 'Family Sharing']","Feb 8, 2024",3999.0
1400,HELLDIVERS 2,553850,killing clankers is so much fun,32,128.0,2026-03-02 01:40:39,"20,000,000 .. 50,000,000",['Arrowhead Game Studios'],['PlayStation Publishing LLC'],['Action'],['windows'],"['Multi-player', 'Co-op', 'Online Co-op', 'Steam Achievements', 'In-App Purchases', 'Adjustable Text Size', 'Camera Comfort', 'Chat Speech-to-text', 'Chat Text-to-speech', 'Color Alternatives', 'Custom Volume Controls', 'Adjustable Difficulty', 'Narrated Game Menus', 'Playable without Timed Input', 'Stereo Sound', 'Subtitle Options', 'Surround Sound', 'Partial Controller Support', 'Family Sharing']","Feb 8, 2024",3999.0
1583,Warframe,230410,i definitely like this game while there are point that you might have issue with the community is at least nice enough that a bunch of people can get together on a whim to finish a quest,191,3099.2833333333333,2022-01-17 23:32:20,"20,000,000 .. 50,000,000",['Digital Extremes'],['Digital Extremes'],"['Action', 'RPG', 'Free To Play']",['windows'],"['Single-player', 'Multi-player', 'Co-op', 'Online Co-op', 'Cross-Platform Multiplayer', 'Steam Achievements', 'Full controller support', 'Steam Trading Cards', 'Steam Workshop', 'In-App Purchases', 'Camera Comfort', 'Color Alternatives', 'Custom Volume Controls', 'Playable without Timed Input', 'Stereo Sound', 'Surround Sound', 'Remote Play on Phone', 'Remote Play on Tablet', 'Remote Play on TV', 'HDR available']","Mar 25, 2013",
1570,Warframe,230410,very fun,8,257.9166666666667,2022-09-23 13:58:51,"20,000,000 .. 50,000,000",['Digital Extremes'],['Digital Extremes'],"['Action', 'RPG', 'Free To Play']",['windows'],"['Single-player', 'Multi-player', 'Co-op', 'Online Co-op', 'Cross-Platform Multiplayer', 'Steam Achievements', 'Full controller support', 'Steam Trading Cards', 'Steam Workshop', 'In-App Purchases', 'Camera Comfort', 'Color Alternatives', 'Custom Volume Controls', 'Playable without Timed Input', 'Stereo Sound', 'Surround Sound', 'Remote Play on Phone', 'Remote Play on Tablet', 'Remote Play on TV', 'HDR available']","Mar 25, 2013",
1545,Warframe,230410,it still shock me that this is free to play combat and character customization is enjoyable and the community is very nice and welcoming to new player that being said it can be hard to follow the story of the game when you start off and game play can be very repetitive depending what set of mission you have to play overall still fun to play but you ll have to devote a lot of time to get into the story a well a develop the build you want,452,715.5166666666667,2024-03-13 19:51:54,"20,000,000 .. 50,000,000",['Digital Extremes'],['Digital Extremes'],"['Action', 'RPG', 'Free To Play']",['windows'],"['Single-player', 'Multi-player', 'Co-op', 'Online Co-op', 'Cross-Platform Multiplayer', 'Steam Achievements', 'Full controller support', 'Steam Trading Cards', 'Steam Workshop', 'In-App Purchases', 'Camera Comfort', 'Color Alternatives', 'Custom Volume Controls', 'Playable without Timed Input', 'Stereo Sound', 'Surround Sound', 'Remote Play on Phone', 'Remote Play on Tablet', 'Remote Play on TV', 'HDR available']","Mar 25, 2013",
1544,Warframe,230410,addictive and keep coming back even after burnout,49,1715.1333333333334,2024-03-27 13:49:39,"20,000,000 .. 50,000,000",['Digital Extremes'],['Digital Extremes'],"['Action', 'RPG', 'Free To Play']",['windows'],"['Single-player', 'Multi-player', 'Co-op', 'Online Co-op', 'Cross-Platform Multiplayer', 'Steam Achievements', 'Full controller support', 'Steam Trading Cards', 'Steam Workshop', 'In-App Purchases', 'Camera Comfort', 'Color Alternatives', 'Custom Volume Controls', 'Playable without Timed Input', 'Stereo Sound', 'Surround Sound', 'Remote Play on Phone', 'Remote Play on Tablet', 'Remote Play on TV', 'HDR available']","Mar 25, 2013",
1539,Warframe,230410,great game high action and a lot of content my tip is do not rush to get the the end game you will enjoy the journey,120,369.8833333333333,2024-07-05 16:38:26,"20,000,000 .. 50,000,000",['Digital Extremes'],['Digital Extremes'],"['Action', 'RPG', 'Free To Play']",['windows'],"['Single-player', 'Multi-player', 'Co-op', 'Online Co-op', 'Cross-Platform Multiplayer', 'Steam Achievements', 'Full controller support', 'Steam Trading Cards', 'Steam Workshop', 'In-App Purchases', 'Camera Comfort', 'Color Alternatives', 'Custom Volume Controls', 'Playable without Timed Input', 'Stereo Sound', 'Surround Sound', 'Remote Play on Phone', 'Remote Play on Tablet', 'Remote Play on TV', 'HDR available']","Mar 25, 2013",
1522,Warframe,230410,better destiny,14,1553.5,2025-02-11 12:25:07,"20,000,000 .. 50,000,000",['Digital Extremes'],['Digital Extremes'],"['Action', 'RPG', 'Free To Play']",['windows'],"['Single-player', 'Multi-player', 'Co-op', 'Online Co-op', 'Cross-Platform Multiplayer', 'Steam Achievements', 'Full controller support', 'Steam Trading Cards', 'Steam Workshop', 'In-App Purchases', 'Camera Comfort', 'Color Alternatives', 'Custom Volume Controls', 'Playable without Timed Input', 'Stereo Sound', 'Surround Sound', 'Remote Play on Phone', 'Remote Play on Tablet', 'Remote Play on TV', 'HDR available']","Mar 25, 2013",
1580,Warframe,230410,great game ive loved it for year and im happy to start again,61,1724.55,2022-05-22 11:54:09,"20,000,000 .. 50,000,000",['Digital Extremes'],['Digital Extremes'],"['Action', 'RPG', 'Free To Play']",['windows'],"['Single-player', 'Multi-player', 'Co-op', 'Online Co-op', 'Cross-Platform Multiplayer', 'Steam Achievements', 'Full controller support', 'Steam Trading Cards', 'Steam Workshop', 'In-App Purchases', 'Camera Comfort', 'Color Alternatives', 'Custom Volume Controls', 'Playable without Timed Input', 'Stereo Sound', 'Surround Sound', 'Remote Play on Phone', 'Remote Play on Tablet', 'Remote Play on TV', 'HDR available']","Mar 25, 2013",
1510,Warframe,230410,peak,4,401.8,2025-08-30 21:36:28,"20,000,000 .. 50,000,000",['Digital Extremes'],['Digital Extremes'],"['Action', 'RPG', 'Free To Play']",['windows'],"['Single-player', 'Multi-player', 'Co-op', 'Online Co-op', 'Cross-Platform Multiplayer', 'Steam Achievements', 'Full controller support', 'Steam Trading Cards', 'Steam Workshop', 'In-App Purchases', 'Camera Comfort', 'Color Alternatives', 'Custom Volume Controls', 'Playable without Timed Input', 'Stereo Sound', 'Surround Sound', 'Remote Play on Phone', 'Remote Play on Tablet', 'Remote Play on TV', 'HDR available']","Mar 25, 2013",
1500,Warframe,230410,it good,10,3396.55,2026-02-07 09:24:02,"20,000,000 .. 50,000,000",['Digital Extremes'],['Digital Extremes'],"['Action', 'RPG', 'Free To Play']",['windows'],"['Single-player', 'Multi-player', 'Co-op', 'Online Co-op', 'Cross-Platform Multiplayer', 'Steam Achievements', 'Full controller support', 'Steam Trading Cards', 'Steam Workshop', 'In-App Purchases', 'Camera Comfort', 'Color Alternatives', 'Custom Volume Controls', 'Playable without Timed Input', 'Stereo Sound', 'Surround Sound', 'Remote Play on Phone', 'Remote Play on Tablet', 'Remote Play on TV', 'HDR available']","Mar 25, 2013",
1683,ELDEN RING,1245620,best game ever,14,226.55,2026-03-01 03:53:02,"20,000,000 .. 50,000,000","['FromSoftware, Inc.']","['FromSoftware, Inc.', 'Bandai Namco Entertainment']","['Action', 'RPG']",['windows'],"['Single-player', 'Multi-player', 'PvP', 'Online PvP', 'Co-op', 'Online Co-op', 'Steam Achievements', 'Full controller support', 'Steam Trading Cards', 'Camera Comfort', 'Custom Volume Controls', 'Playable without Timed Input', 'Save Anytime', 'Stereo Sound', 'Surround Sound', 'Steam Cloud', 'Family Sharing']","Feb 24, 2022",5999.0
1653,ELDEN RING,1245620,keeping bloodborne locked away at fps on p is crime how can you talk about how much you wanna do with bloodborne but shut a remake down,140,126.33333333333331,2026-03-01 11:39:23,"20,000,000 .. 50,000,000","['FromSoftware, Inc.']","['FromSoftware, Inc.', 'Bandai Namco Entertainment']","['Action', 'RPG']",['windows'],"['Single-player', 'Multi-player', 'PvP', 'Online PvP', 'Co-op', 'Online Co-op', 'Steam Achievements', 'Full controller support', 'Steam Trading Cards', 'Camera Comfort', 'Custom Volume Controls', 'Playable without Timed Input', 'Save Anytime', 'Stereo Sound', 'Surround Sound', 'Steam Cloud', 'Family Sharing']","Feb 24, 2022",5999.0
1670,ELDEN RING,1245620,art,4,56.0,2026-03-01 07:40:26,"20,000,000 .. 50,000,000","['FromSoftware, Inc.']","['FromSoftware, Inc.', 'Bandai Namco Entertainment']","['Action', 'RPG']",['windows'],"['Single-player', 'Multi-player', 'PvP', 'Online PvP', 'Co-op', 'Online Co-op', 'Steam Achievements', 'Full controller support', 'Steam Trading Cards', 'Camera Comfort', 'Custom Volume Controls', 'Playable without Timed Input', 'Save Anytime', 'Stereo Sound', 'Surround Sound', 'Steam Cloud', 'Family Sharing']","Feb 24, 2022",5999.0
1645,ELDEN RING,1245620,great story and great game overall maybe an s tier,54,40.31666666666667,2026-03-01 15:03:10,"20,000,000 .. 50,000,000","['FromSoftware, Inc.']","['FromSoftware, Inc.', 'Bandai Namco Entertainment']","['Action', 'RPG']",['windows'],"['Single-player', 'Multi-player', 'PvP', 'Online PvP', 'Co-op', 'Online Co-op', 'Steam Achievements', 'Full controller support', 'Steam Trading Cards', 'Camera Comfort', 'Custom Volume Controls', 'Playable without Timed Input', 'Save Anytime', 'Stereo Sound', 'Surround Sound', 'Steam Cloud', 'Family Sharing']","Feb 24, 2022",5999.0
1644,ELDEN RING,1245620,amazing game,13,321.43333333333334,2026-03-01 15:03:57,"20,000,000 .. 50,000,000","['FromSoftware, Inc.']","['FromSoftware, Inc.', 'Bandai Namco Entertainment']","['Action', 'RPG']",['windows'],"['Single-player', 'Multi-player', 'PvP', 'Online PvP', 'Co-op', 'Online Co-op', 'Steam Achievements', 'Full controller support', 'Steam Trading Cards', 'Camera Comfort', 'Custom Volume Controls', 'Playable without Timed Input', 'Save Anytime', 'Stereo Sound', 'Surround Sound', 'Steam Cloud', 'Family Sharing']","Feb 24, 2022",5999.0
1639,ELDEN RING,1245620,undoubtedly one of the best game ever made,43,104.78333333333332,2026-03-01 16:32:15,"20,000,000 .. 50,000,000","['FromSoftware, Inc.']","['FromSoftware, Inc.', 'Bandai Namco Entertainment']","['Action', 'RPG']",['windows'],"['Single-player', 'Multi-player', 'PvP', 'Online PvP', 'Co-op', 'Online Co-op', 'Steam Achievements', 'Full controller support', 'Steam Trading Cards', 'Camera Comfort', 'Custom Volume Controls', 'Playable without Timed Input', 'Save Anytime', 'Stereo Sound', 'Surround Sound', 'Steam Cloud', 'Family Sharing']","Feb 24, 2022",5999.0
1622,ELDEN RING,1245620,fun but hard to learn at first,32,31.1,2026-03-01 20:20:30,"20,000,000 .. 50,000,000","['FromSoftware, Inc.']","['FromSoftware, Inc.', 'Bandai Namco Entertainment']","['Action', 'RPG']",['windows'],"['Single-player', 'Multi-player', 'PvP', 'Online PvP', 'Co-op', 'Online Co-op', 'Steam Achievements', 'Full controller support', 'Steam Trading Cards', 'Camera Comfort', 'Custom Volume Controls', 'Playable without Timed Input', 'Save Anytime', 'Stereo Sound', 'Surround Sound', 'Steam Cloud', 'Family Sharing']","Feb 24, 2022",5999.0
1680,ELDEN RING,1245620,fun,3,83.23333333333333,2026-03-01 04:15:18,"20,000,000 .. 50,000,000","['FromSoftware, Inc.']","['FromSoftware, Inc.', 'Bandai Namco Entertainment']","['Action', 'RPG']",['windows'],"['Single-player', 'Multi-player', 'PvP', 'Online PvP', 'Co-op', 'Online Co-op', 'Steam Achievements', 'Full controller support', 'Steam Trading Cards', 'Camera Comfort', 'Custom Volume Controls', 'Playable without Timed Input', 'Save Anytime', 'Stereo Sound', 'Surround Sound', 'Steam Cloud', 'Family Sharing']","Feb 24, 2022",5999.0
1610,ELDEN RING,1245620,if you want to get lost for hour on end and get molly whopped by huge eldritch horror by all mean play this game just remember that the red maiden demand you to get gud,179,7.7,2026-03-01 22:49:17,"20,000,000 .. 50,000,000","['FromSoftware, Inc.']","['FromSoftware, Inc.', 'Bandai Namco Entertainment']","['Action', 'RPG']",['windows'],"['Single-player', 'Multi-player', 'PvP', 'Online PvP', 'Co-op', 'Online Co-op', 'Steam Achievements', 'Full controller support', 'Steam Trading Cards', 'Camera Comfort', 'Custom Volume Controls', 'Playable without Timed Input', 'Save Anytime', 'Stereo Sound', 'Surround Sound', 'Steam Cloud', 'Family Sharing']","Feb 24, 2022",5999.0
1600,ELDEN RING,1245620,literally one of the best game i ve ever played the bos fight are epic and you really have to be strategical there are infinite way on how to play and is completely open world the quest have no marker so you really have to pay attention and figure thing out seeing people s blood stain and ghost are such a cool feature,333,72.56666666666666,2026-03-02 01:14:18,"20,000,000 .. 50,000,000","['FromSoftware, Inc.']","['FromSoftware, Inc.', 'Bandai Namco Entertainment']","['Action', 'RPG']",['windows'],"['Single-player', 'Multi-player', 'PvP', 'Online PvP', 'Co-op', 'Online Co-op', 'Steam Achievements', 'Full controller support', 'Steam Trading Cards', 'Camera Comfort', 'Custom Volume Controls', 'Playable without Timed Input', 'Save Anytime', 'Stereo Sound', 'Surround Sound', 'Steam Cloud', 'Family Sharing']","Feb 24, 2022",5999.0
1783,Terraria,105600,this game is peak,17,5.716666666666667,2026-03-01 16:08:53,"20,000,000 .. 50,000,000",['Re-Logic'],['Re-Logic'],"['Action', 'Adventure', 'Indie', 'RPG']","['windows', 'mac', 'linux']","['Single-player', 'Multi-player', 'PvP', 'Online PvP', 'Co-op', 'Online Co-op', 'Steam Achievements', 'Full controller support', 'Steam Trading Cards', 'Steam Cloud', 'Remote Play on Phone', 'Remote Play on Tablet', 'Remote Play on TV', 'Family Sharing']","May 16, 2011",999.0
1753,Terraria,105600,cool,7,278.7,2026-03-01 19:36:34,"20,000,000 .. 50,000,000",['Re-Logic'],['Re-Logic'],"['Action', 'Adventure', 'Indie', 'RPG']","['windows', 'mac', 'linux']","['Single-player', 'Multi-player', 'PvP', 'Online PvP', 'Co-op', 'Online Co-op', 'Steam Achievements', 'Full controller support', 'Steam Trading Cards', 'Steam Cloud', 'Remote Play on Phone', 'Remote Play on Tablet', 'Remote Play on TV', 'Family Sharing']","May 16, 2011",999.0
1770,Terraria,105600,very fun if you like old style d game and minecraft mechanic can be difficult to learn but it still super fun and everybody is mostly friendly,151,6.116666666666666,2026-03-01 17:42:36,"20,000,000 .. 50,000,000",['Re-Logic'],['Re-Logic'],"['Action', 'Adventure', 'Indie', 'RPG']","['windows', 'mac', 'linux']","['Single-player', 'Multi-player', 'PvP', 'Online PvP', 'Co-op', 'Online Co-op', 'Steam Achievements', 'Full controller support', 'Steam Trading Cards', 'Steam Cloud', 'Remote Play on Phone', 'Remote Play on Tablet', 'Remote Play on TV', 'Family Sharing']","May 16, 2011",999.0
1745,Terraria,105600,it great,9,249.8333333333333,2026-03-01 20:11:41,"20,000,000 .. 50,000,000",['Re-Logic'],['Re-Logic'],"['Action', 'Adventure', 'Indie', 'RPG']","['windows', 'mac', 'linux']","['Single-player', 'Multi-player', 'PvP', 'Online PvP', 'Co-op', 'Online Co-op', 'Steam Achievements', 'Full controller support', 'Steam Trading Cards', 'Steam Cloud', 'Remote Play on Phone', 'Remote Play on Tablet', 'Remote Play on TV', 'Family Sharing']","May 16, 2011",999.0
1744,Terraria,105600,amazing game there just so much content i get that the beginning is hard to understand but you wont regret sticking to it,123,107.18333333333334,2026-03-01 20:13:15,"20,000,000 .. 50,000,000",['Re-Logic'],['Re-Logic'],"['Action', 'Adventure', 'Indie', 'RPG']","['windows', 'mac', 'linux']","['Single-player', 'Multi-player', 'PvP', 'Online PvP', 'Co-op', 'Online Co-op', 'Steam Achievements', 'Full controller support', 'Steam Trading Cards', 'Steam Cloud', 'Remote Play on Phone', 'Remote Play on Tablet', 'Remote Play on TV', 'Family Sharing']","May 16, 2011",999.0
1739,Terraria,105600,oh my t so good and fun i goon to it,39,17.25,2026-03-01 21:05:47,"20,000,000 .. 50,000,000",['Re-Logic'],['Re-Logic'],"['Action', 'Adventure', 'Indie', 'RPG']","['windows', 'mac', 'linux']","['Single-player', 'Multi-player', 'PvP', 'Online PvP', 'Co-op', 'Online Co-op', 'Steam Achievements', 'Full controller support', 'Steam Trading Cards', 'Steam Cloud', 'Remote Play on Phone', 'Remote Play on Tablet', 'Remote Play on TV', 'Family Sharing']","May 16, 2011",999.0
1722,Terraria,105600,this game is not like minecraft,31,321.05,2026-03-01 22:31:21,"20,000,000 .. 50,000,000",['Re-Logic'],['Re-Logic'],"['Action', 'Adventure', 'Indie', 'RPG']","['windows', 'mac', 'linux']","['Single-player', 'Multi-player', 'PvP', 'Online PvP', 'Co-op', 'Online Co-op', 'Steam Achievements', 'Full controller support', 'Steam Trading Cards', 'Steam Cloud', 'Remote Play on Phone', 'Remote Play on Tablet', 'Remote Play on TV', 'Family Sharing']","May 16, 2011",999.0
1780,Terraria,105600,awesome,7,5.066666666666666,2026-03-01 16:44:18,"20,000,000 .. 50,000,000",['Re-Logic'],['Re-Logic'],"['Action', 'Adventure', 'Indie', 'RPG']","['windows', 'mac', 'linux']","['Single-player', 'Multi-player', 'PvP', 'Online PvP', 'Co-op', 'Online Co-op', 'Steam Achievements', 'Full controller support', 'Steam Trading Cards', 'Steam Cloud', 'Remote Play on Phone', 'Remote Play on Tablet', 'Remote Play on TV', 'Family Sharing']","May 16, 2011",999.0
1710,Terraria,105600,cool,4,22.566666666666663,2026-03-02 00:05:16,"20,000,000 .. 50,000,000",['Re-Logic'],['Re-Logic'],"['Action', 'Adventure', 'Indie', 'RPG']","['windows', 'mac', 'linux']","['Single-player', 'Multi-player', 'PvP', 'Online PvP', 'Co-op', 'Online Co-op', 'Steam Achievements', 'Full controller support', 'Steam Trading Cards', 'Steam Cloud', 'Remote Play on Phone', 'Remote Play on Tablet', 'Remote Play on TV', 'Family Sharing']","May 16, 2011",999.0
1700,Terraria,105600,good game,9,31.73333333333333,2026-03-02 01:41:59,"20,000,000 .. 50,000,000",['Re-Logic'],['Re-Logic'],"['Action', 'Adventure', 'Indie', 'RPG']","['windows', 'mac', 'linux']","['Single-player', 'Multi-player', 'PvP', 'Online PvP', 'Co-op', 'Online Co-op', 'Steam Achievements', 'Full controller support', 'Steam Trading Cards', 'Steam Cloud', 'Remote Play on Phone', 'Remote Play on Tablet', 'Remote Play on TV', 'Family Sharing']","May 16, 2011",999.0
1883,Path of Exile 2,2694490,good game,9,133.01666666666668,2026-02-26 18:34:53,"20,000,000 .. 50,000,000",['Grinding Gear Games'],['Grinding Gear Games'],"['Action', 'Adventure', 'Massively Multiplayer', 'RPG', 'Early Access']",['windows'],"['Single-player', 'Multi-player', 'MMO', 'Co-op', 'Online Co-op', 'Full controller support', 'HDR available']","Dec 6, 2024",2999.0
1853,Path of Exile 2,2694490,best game ever,14,408.26666666666665,2026-02-27 05:36:14,"20,000,000 .. 50,000,000",['Grinding Gear Games'],['Grinding Gear Games'],"['Action', 'Adventure', 'Massively Multiplayer', 'RPG', 'Early Access']",['windows'],"['Single-player', 'Multi-player', 'MMO', 'Co-op', 'Online Co-op', 'Full controller support', 'HDR available']","Dec 6, 2024",2999.0
1870,Path of Exile 2,2694490,addicting,9,84.36666666666666,2026-02-26 20:43:01,"20,000,000 .. 50,000,000",['Grinding Gear Games'],['Grinding Gear Games'],"['Action', 'Adventure', 'Massively Multiplayer', 'RPG', 'Early Access']",['windows'],"['Single-player', 'Multi-player', 'MMO', 'Co-op', 'Online Co-op', 'Full controller support', 'HDR available']","Dec 6, 2024",2999.0
1845,Path of Exile 2,2694490,game crash time now this game doe not even start,67,1001.2,2026-02-27 18:18:20,"20,000,000 .. 50,000,000",['Grinding Gear Games'],['Grinding Gear Games'],"['Action', 'Adventure', 'Massively Multiplayer', 'RPG', 'Early Access']",['windows'],"['Single-player', 'Multi-player', 'MMO', 'Co-op', 'Online Co-op', 'Full controller support', 'HDR available']","Dec 6, 2024",2999.0
1844,Path of Exile 2,2694490,h path of exile h h h eng seed npc npc h h h h diablo ii h h h h dp h h ip va hz h h h h,7076,31.23333333333333,2026-02-27 18:47:18,"20,000,000 .. 50,000,000",['Grinding Gear Games'],['Grinding Gear Games'],"['Action', 'Adventure', 'Massively Multiplayer', 'RPG', 'Early Access']",['windows'],"['Single-player', 'Multi-player', 'MMO', 'Co-op', 'Online Co-op', 'Full controller support', 'HDR available']","Dec 6, 2024",2999.0
1839,Path of Exile 2,2694490,absolutely amazing game the synergy between spell and ability is next level the art style the biome monster etc just a fun game to build out character and go to town on baddie ignore the naysayer that are mad their build no longer tap end game boss,270,175.11666666666667,2026-02-27 20:16:51,"20,000,000 .. 50,000,000",['Grinding Gear Games'],['Grinding Gear Games'],"['Action', 'Adventure', 'Massively Multiplayer', 'RPG', 'Early Access']",['windows'],"['Single-player', 'Multi-player', 'MMO', 'Co-op', 'Online Co-op', 'Full controller support', 'HDR available']","Dec 6, 2024",2999.0
1822,Path of Exile 2,2694490,good game,9,74.66666666666667,2026-03-01 01:31:17,"20,000,000 .. 50,000,000",['Grinding Gear Games'],['Grinding Gear Games'],"['Action', 'Adventure', 'Massively Multiplayer', 'RPG', 'Early Access']",['windows'],"['Single-player', 'Multi-player', 'MMO', 'Co-op', 'Online Co-op', 'Full controller support', 'HDR available']","Dec 6, 2024",2999.0
1880,Path of Exile 2,2694490,best,4,1660.3166666666666,2026-02-26 20:07:28,"20,000,000 .. 50,000,000",['Grinding Gear Games'],['Grinding Gear Games'],"['Action', 'Adventure', 'Massively Multiplayer', 'RPG', 'Early Access']",['windows'],"['Single-player', 'Multi-player', 'MMO', 'Co-op', 'Online Co-op', 'Full controller support', 'HDR available']","Dec 6, 2024",2999.0
1810,Path of Exile 2,2694490,woke in game monitor people talk about people using rmt and get banned for discussing about it mean while people who actually abuse the game get away with it lmao you ggg,179,2109.3166666666666,2026-03-01 18:24:12,"20,000,000 .. 50,000,000",['Grinding Gear Games'],['Grinding Gear Games'],"['Action', 'Adventure', 'Massively Multiplayer', 'RPG', 'Early Access']",['windows'],"['Single-player', 'Multi-player', 'MMO', 'Co-op', 'Online Co-op', 'Full controller support', 'HDR available']","Dec 6, 2024",2999.0
1800,Path of Exile 2,2694490,better than poe already d,26,1343.8833333333334,2026-03-02 01:34:53,"20,000,000 .. 50,000,000",['Grinding Gear Games'],['Grinding Gear Games'],"['Action', 'Adventure', 'Massively Multiplayer', 'RPG', 'Early Access']",['windows'],"['Single-player', 'Multi-player', 'MMO', 'Co-op', 'Online Co-op', 'Full controller support', 'HDR available']","Dec 6, 2024",2999.0
1983,Wallpaper Engine,431960,i love customizing my pc and this is the best thing you can get for customization,82,35.516666666666666,2026-03-01 03:17:07,"20,000,000 .. 50,000,000",['Wallpaper Engine Team'],['Wallpaper Engine Team'],"['Casual', 'Indie', 'Animation & Modeling', 'Design & Illustration', 'Photo Editing', 'Utilities']",['windows'],"['Steam Achievements', 'Steam Trading Cards', 'Steam Workshop', 'Steam Workshop', 'Includes level editor']","Nov 16, 2018",499.0
1953,Wallpaper Engine,431960,buy this if u wanna put anime girl on ur background,52,1.5333333333333334,2026-03-01 13:01:15,"20,000,000 .. 50,000,000",['Wallpaper Engine Team'],['Wallpaper Engine Team'],"['Casual', 'Indie', 'Animation & Modeling', 'Design & Illustration', 'Photo Editing', 'Utilities']",['windows'],"['Steam Achievements', 'Steam Trading Cards', 'Steam Workshop', 'Steam Workshop', 'Includes level editor']","Nov 16, 2018",499.0
1970,Wallpaper Engine,431960,awsome i love how the wall paper can be animated and how their is so many,73,30.58333333333333,2026-03-01 05:56:00,"20,000,000 .. 50,000,000",['Wallpaper Engine Team'],['Wallpaper Engine Team'],"['Casual', 'Indie', 'Animation & Modeling', 'Design & Illustration', 'Photo Editing', 'Utilities']",['windows'],"['Steam Achievements', 'Steam Trading Cards', 'Steam Workshop', 'Steam Workshop', 'Includes level editor']","Nov 16, 2018",499.0
1945,Wallpaper Engine,431960,repent,7,5.383333333333334,2026-03-01 15:22:18,"20,000,000 .. 50,000,000",['Wallpaper Engine Team'],['Wallpaper Engine Team'],"['Casual', 'Indie', 'Animation & Modeling', 'Design & Illustration', 'Photo Editing', 'Utilities']",['windows'],"['Steam Achievements', 'Steam Trading Cards', 'Steam Workshop', 'Steam Workshop', 'Includes level editor']","Nov 16, 2018",499.0
1944,Wallpaper Engine,431960,chicken leg piece,19,31.866666666666667,2026-03-01 15:39:49,"20,000,000 .. 50,000,000",['Wallpaper Engine Team'],['Wallpaper Engine Team'],"['Casual', 'Indie', 'Animation & Modeling', 'Design & Illustration', 'Photo Editing', 'Utilities']",['windows'],"['Steam Achievements', 'Steam Trading Cards', 'Steam Workshop', 'Steam Workshop', 'Includes level editor']","Nov 16, 2018",499.0
1939,Wallpaper Engine,431960,greaat d,9,4.15,2026-03-01 17:08:55,"20,000,000 .. 50,000,000",['Wallpaper Engine Team'],['Wallpaper Engine Team'],"['Casual', 'Indie', 'Animation & Modeling', 'Design & Illustration', 'Photo Editing', 'Utilities']",['windows'],"['Steam Achievements', 'Steam Trading Cards', 'Steam Workshop', 'Steam Workshop', 'Includes level editor']","Nov 16, 2018",499.0
1922,Wallpaper Engine,431960,wallpaper,9,6.333333333333333,2026-03-01 21:55:05,"20,000,000 .. 50,000,000",['Wallpaper Engine Team'],['Wallpaper Engine Team'],"['Casual', 'Indie', 'Animation & Modeling', 'Design & Illustration', 'Photo Editing', 'Utilities']",['windows'],"['Steam Achievements', 'Steam Trading Cards', 'Steam Workshop', 'Steam Workshop', 'Includes level editor']","Nov 16, 2018",499.0
1980,Wallpaper Engine,431960,an awesome app to give your desktop a more personalized feel it will even run on the most basic of machine a i tried it on my old service pro which i got back in and it work great i love that it ha a wide array of wallpaper from anything like anime to car literally something for everybody my favourite thing about it though are that it is very customizable cheap run smooth buy once and you have it forever and finally that it ha ongoing user generated content so you can probably find anything you want and not only generic and mainstream theme,571,13.083333333333334,2026-03-01 03:42:00,"20,000,000 .. 50,000,000",['Wallpaper Engine Team'],['Wallpaper Engine Team'],"['Casual', 'Indie', 'Animation & Modeling', 'Design & Illustration', 'Photo Editing', 'Utilities']",['windows'],"['Steam Achievements', 'Steam Trading Cards', 'Steam Workshop', 'Steam Workshop', 'Includes level editor']","Nov 16, 2018",499.0
1910,Wallpaper Engine,431960,screen shiny pc boom,20,6.866666666666666,2026-03-02 00:22:35,"20,000,000 .. 50,000,000",['Wallpaper Engine Team'],['Wallpaper Engine Team'],"['Casual', 'Indie', 'Animation & Modeling', 'Design & Illustration', 'Photo Editing', 'Utilities']",['windows'],"['Steam Achievements', 'Steam Trading Cards', 'Steam Workshop', 'Steam Workshop', 'Includes level editor']","Nov 16, 2018",499.0
1900,Wallpaper Engine,431960,movable wallpaper,18,6.85,2026-03-02 01:45:28,"20,000,000 .. 50,000,000",['Wallpaper Engine Team'],['Wallpaper Engine Team'],"['Casual', 'Indie', 'Animation & Modeling', 'Design & Illustration', 'Photo Editing', 'Utilities']",['windows'],"['Steam Achievements', 'Steam Trading Cards', 'Steam Workshop', 'Steam Workshop', 'Includes level editor']","Nov 16, 2018",499.0
