Unnamed: 0.2,Unnamed: 0.1,Unnamed: 0,game_name,app_id,review_text,review_length,hours_played,review_date,owners,developers,publishers,genres,platforms,categories,release_date,price,embedding
0,1860,1860,Path of Exile 2,2694490,,1,10.6,2026-02-26 23:50:27,"20,000,000 .. 50,000,000",['Grinding Gear Games'],['Grinding Gear Games'],"['Action', 'Adventure', 'Massively Multiplayer', 'RPG', 'Early Access']",['windows'],"['Single-player', 'Multi-player', 'MMO', 'Co-op', 'Online Co-op', 'Full controller support', 'HDR available']","Dec 6, 2024",2999.0,"-0.040383,-0.2132,0.055937,-0.070654,0.4657,0.14988,0.35069,0.38861,1.0382,0.31142,0.43467,1.0776,0.20412,0.11486,-0.15259,-1.2375,0.63977,-0.40243,-0.32668,-0.16361,0.4715,0.097336,-0.3228,0.82284,-0.05374,0.72566,0.077025,0.19049,-1.011,0.063992,-0.42976,0.492,0.3961,-0.22394,-0.32937,-0.68569,-0.038767,1.2796,-0.51853,-0.14503,-0.46248,-0.021891,-0.57194,0.066688,0.36953,0.7507,-0.94705,-0.29925,0.41504,-0.50964,-0.61258,0.20794,0.51331,0.20323,-0.25576,-0.016653,0.36026,0.29747,-0.25774,-0.0073715,-0.6191,-0.16447,-0.28221,0.16458,-0.13794,-0.36302,0.32537,1.4793,0.16161,0.018392,-0.29274,0.56243,0.3591,-0.26062,0.24564,-0.39409,-0.61024,-0.23352,-0.40417,-0.46959,0.45789,-0.074916,0.12149,-0.79923,0.27619,0.19909,-1.3364,0.47668,0.9909,-0.057745,0.91582,0.46617,0.10032,0.25265,-0.36012,-0.42818,-0.3804,-1.3927,-0.015867,0.11311"
1,353,353,Palworld,1623730,incredibly fun and great replayability i think that s how you spell that word,79,92.01666666666668,2026-02-28 14:33:41,"50,000,000 .. 100,000,000",['Pocketpair'],['Pocketpair'],"['Action', 'Adventure', 'Indie', 'RPG', 'Early Access']",['windows'],"['Single-player', 'Multi-player', 'Co-op', 'Online Co-op', 'Cross-Platform Multiplayer', 'Steam Achievements', 'Full controller support', 'Steam Trading Cards', 'Steam Workshop', 'Steam Cloud', 'Family Sharing']","Jan 18, 2024",2999.0,"-0.14382543,0.34476894,0.484638,-0.29910246,-0.44196352,0.13573913,-0.18439318,0.019755933,-0.076521344,-0.123794004,0.1160988,0.022455567,0.159814,-0.061213426,0.06125221,-0.14064462,0.01961675,0.1939418,-0.4035314,0.5166171,0.14141092,0.08885949,-0.08704442,-0.3109353,0.19232056,0.282548,-0.24314956,-0.31381366,0.028108146,-0.30423447,-0.14336208,0.6112155,-0.014139707,-0.025014384,0.04719964,0.18321626,-0.0917925,0.17389421,0.09675915,-0.3196657,-0.21545856,-0.088365234,0.14796329,-0.43234354,-0.36123943,-0.0010940711,0.27405626,-0.24585937,0.10195883,-0.77843565,0.049576174,-0.007860094,0.25154608,0.8129476,-0.16402872,-2.1261709,0.13641457,0.10098857,1.0910492,0.43186674,-0.15814193,0.73718435,-0.47814766,-0.11586998,0.7384399,0.11543508,0.61051047,0.19612278,0.015614363,-0.23435877,0.18860658,-0.1614333,0.09058016,-0.2934354,0.18728876,0.15592328,-0.017005071,-0.03962129,-0.56038505,-0.0030442837,0.37039214,-0.11735421,-0.54516643,-0.022615705,-1.4181001,-0.21887551,-0.16911507,-0.31477258,-0.28976655,-0.4174926,-0.095606424,-0.008273757,-0.013764002,-0.004295743,-0.28246942,-0.15226443,-0.32085386,-0.39584142,0.17293756,0.48369718"
2,1333,1333,Monster Hunter Wilds,2246340,i monster my hunter till i wild,32,113.88333333333334,2026-03-01 10:51:44,"20,000,000 .. 50,000,000","['CAPCOM Co., Ltd.']","['CAPCOM Co., Ltd.']","['Action', 'Adventure', 'RPG']",['windows'],"['Single-player', 'Multi-player', 'Co-op', 'Online Co-op', 'Cross-Platform Multiplayer', 'Steam Achievements', 'Full controller support', 'Steam Trading Cards', 'Adjustable Text Size', 'Camera Comfort', 'Color Alternatives', 'Custom Volume Controls', 'Keyboard Only Option', 'Stereo Sound', 'Subtitle Options', 'Surround Sound', 'Steam Cloud', 'HDR available', 'Family Sharing']","Feb 27, 2025",6999.0,"-0.07185843,0.15918101,0.545474,-0.42275432,-0.5016424,0.2824463,0.18229501,0.20228587,-0.177085,-0.40738145,0.16138767,0.2969496,0.19931872,0.03192685,0.21669558,0.06126288,0.09310855,0.481508,-0.579813,0.51509005,0.18106484,0.415108,-0.04023614,-0.21475221,0.39373916,0.7092315,-0.3829343,-0.48476884,0.3344557,-0.08095337,-0.18441714,0.4257476,0.42207304,-0.009407143,0.06941428,0.20391814,-0.5123714,0.22499254,0.50989,-0.42567077,-0.22430427,-0.10810685,0.100006446,-0.3532598,-0.121412836,-0.124837145,-0.03761,-0.36845917,0.161763,-0.8291515,-0.15976188,-0.13346657,0.22130658,0.7326029,-0.2411177,-1.9970284,0.15571485,0.4529357,1.1157142,0.4980363,0.270983,1.1656028,-0.5920836,0.048470385,0.9253985,0.18022728,0.44293758,0.22209999,-0.04596058,0.09421657,0.20374414,-0.11825294,0.14258,-0.33620286,-0.09709142,0.34298542,-0.30345616,-0.21947971,-0.4610014,0.053329,0.30074555,0.010396146,-0.4369326,0.06595857,-0.9220213,-0.20908101,-0.23421071,-0.52154917,-0.3140071,0.0074974215,-0.10193144,-0.1676153,0.34761783,0.35794646,-0.44295,-0.13096872,-0.32969856,-0.045592565,0.12163801,0.10580145"
3,905,905,Left 4 Dead 2,550,this is a really good game if you love zombie apocolypse game good luck,74,33.55,2026-03-01 23:18:17,"50,000,000 .. 100,000,000",['Valve'],['Valve'],['Action'],"['windows', 'linux']","['Single-player', 'Multi-player', 'PvP', 'Online PvP', 'Co-op', 'Online Co-op', 'Steam Achievements', 'Full controller support', 'Steam Trading Cards', 'Captions available', 'Steam Workshop', 'Camera Comfort', 'Color Alternatives', 'Custom Volume Controls', 'Adjustable Difficulty', 'Playable without Timed Input', 'Stereo Sound', 'Surround Sound', 'Steam Cloud', 'Valve Anti-Cheat enabled', 'Stats', 'Includes Source SDK', 'Commentary available', 'Remote Play on Phone', 'Remote Play on Tablet', 'Remote Play on TV', 'Remote Play Together', 'Family Sharing', 'Steam Timeline']","Nov 16, 2009",999.0,"-0.1611453,0.29940632,0.6898808,-0.5242308,-0.37095845,0.3839741,0.045653917,-0.047027674,-0.11727646,-0.20431314,0.018507691,-0.05542812,0.18028776,-0.06522631,0.1423296,0.009416541,0.14548022,0.39002085,-0.24972907,0.68378425,0.20062399,0.05918984,-0.14925876,-0.16901317,0.45060235,0.3627992,-0.21667685,-0.41539225,0.00059376773,-0.2601097,-0.40985155,0.77392143,0.05620677,-0.10038276,0.26335332,0.16452247,-0.40616256,0.30513075,0.09058504,-0.40548465,-0.05656523,0.011649947,0.2318529,-0.40959695,-0.23117146,-0.091180176,0.17792729,-0.36202368,0.038203843,-0.9243631,-0.120697655,-0.24095859,0.13881846,0.8733631,-0.09331446,-2.6901922,0.078191504,0.15339378,1.2943275,0.47534227,-0.27531594,0.79383075,-0.62107366,-0.12324728,0.72612274,0.12427024,0.5617904,0.2390758,-0.0866456,-0.18966924,-0.006630228,-0.15344046,0.07249523,-0.1256917,0.25200742,0.2678286,-0.21840693,-0.15002537,-0.49459663,0.16799423,0.32678285,0.12647623,-0.6821953,0.050163772,-1.3965275,-0.08952014,-0.099035546,-0.21985708,-0.26614138,-0.43598205,-0.15352362,-0.08124612,-0.06040569,0.09971169,-0.30512124,-0.21270363,-0.13730682,-0.31367844,0.354886,0.42380354"
4,1289,1289,War Thunder,236390,love the game but it piss me the off unlike any other game,65,224.63333333333333,2024-01-15 07:27:11,"20,000,000 .. 50,000,000",['Gaijin Entertainment'],['Gaijin Network Ltd'],"['Action', 'Massively Multiplayer', 'Simulation', 'Free To Play']","['windows', 'mac', 'linux']","['Single-player', 'Multi-player', 'MMO', 'PvP', 'Online PvP', 'Co-op', 'Online Co-op', 'Cross-Platform Multiplayer', 'Steam Achievements', 'Full controller support', 'VR Supported', 'Steam Trading Cards', 'In-App Purchases', 'Adjustable Text Size', 'Camera Comfort', 'Color Alternatives', 'Custom Volume Controls', 'Playable without Timed Input', 'Stereo Sound', 'Surround Sound', 'Remote Play on Phone', 'Remote Play on Tablet']","Aug 15, 2013",,"-0.10909454,0.15097815,0.5629831,-0.4994669,-0.19216761,0.3610365,-0.071108,0.044518154,-0.1238316,-0.16735816,0.22880414,-0.004325665,0.08737922,-0.015674002,0.13279885,-0.09290572,0.03370154,0.3052831,-0.30492318,0.40417677,0.30952895,-0.07174016,0.09771062,0.012468001,0.4535073,0.10664722,-0.25992653,-0.3663173,0.046505924,-0.16891538,-0.1654777,0.47679076,-0.020273378,0.1223207,-0.025600232,0.20667084,-0.22268464,0.22425017,-0.17177461,-0.35756376,-0.3309759,-0.15233678,0.18673688,-0.29209998,-0.15846668,0.09903269,0.24911976,-0.27337295,-0.07299608,-0.65517616,-0.088936925,0.17668349,0.06846331,0.8967961,-0.3112316,-2.5052214,-0.024598705,-0.07437362,1.6226732,0.62563294,-0.2496657,0.8728638,-0.26936936,0.1477393,0.70850754,0.059949987,0.48021778,0.19855261,-0.03999153,-0.08535748,-0.14977723,-0.17916206,0.055179093,-0.2837953,0.20954913,0.1979386,-0.30158642,-0.1676257,-0.64359623,0.1715624,0.4496923,-0.002340774,-0.55585074,0.2558169,-1.3859291,-0.19288161,-0.1591238,-0.016400853,-0.104860015,-0.30050457,-0.23347023,-0.16966738,-0.15864871,0.15004884,-0.4632877,-0.2626837,-0.42431992,-0.05544039,0.4178408,0.23485653"
5,1273,1273,War Thunder,236390,game good,9,1491.0166666666669,2024-05-04 01:46:20,"20,000,000 .. 50,000,000",['Gaijin Entertainment'],['Gaijin Network Ltd'],"['Action', 'Massively Multiplayer', 'Simulation', 'Free To Play']","['windows', 'mac', 'linux']","['Single-player', 'Multi-player', 'MMO', 'PvP', 'Online PvP', 'Co-op', 'Online Co-op', 'Cross-Platform Multiplayer', 'Steam Achievements', 'Full controller support', 'VR Supported', 'Steam Trading Cards', 'In-App Purchases', 'Adjustable Text Size', 'Camera Comfort', 'Color Alternatives', 'Custom Volume Controls', 'Playable without Timed Input', 'Stereo Sound', 'Surround Sound', 'Remote Play on Phone', 'Remote Play on Tablet']","Aug 15, 2013",,"0.015945002,0.0729665,0.83054495,-0.639095,-0.65422,0.35666,0.536738,-0.287955,-0.71511495,-0.35589498,-0.047042005,-0.48339,-0.0039549917,-0.2860455,0.1917,0.219944,0.137454,0.496283,-0.36716002,0.81509006,0.103038,0.21007898,-0.157949,0.044965,0.738895,0.070714995,-0.32423,-0.08421999,-0.21039,-0.031844996,-0.59705,0.824505,-0.054749995,-0.1407205,0.396365,-0.010554999,-0.88996,0.541645,-0.4287049,-0.53751504,0.3618575,-0.182345,0.31505,-0.372755,-0.31987,-0.137929,0.212378,-0.603385,0.2749895,-1.139635,-0.14137,-0.22112949,-0.105358005,0.91262496,0.215412,-2.95985,0.112975,0.123225,1.46935,0.669415,-0.754035,0.57080495,-0.93236,-0.037218,0.51108503,0.0537705,0.503995,0.1917995,-0.27820998,-0.045755,0.059635006,0.0213485,0.41366,-0.234264,0.32904997,0.44252,-0.46427,-0.051064998,-0.221815,0.301375,0.46723002,0.323525,-0.92569,0.094115,-1.5659499,0.061,-0.2844985,-0.051810503,-0.30763248,-0.27818,-0.2238995,-0.11467999,-0.167704,0.16517,-0.46024,-0.19052501,-0.43837,-0.033759996,0.531825,0.51685405"
6,938,938,Left 4 Dead 2,550,best game to play with a full group and stacked workshop mod once every month,82,8.916666666666666,2026-03-01 10:05:27,"50,000,000 .. 100,000,000",['Valve'],['Valve'],['Action'],"['windows', 'linux']","['Single-player', 'Multi-player', 'PvP', 'Online PvP', 'Co-op', 'Online Co-op', 'Steam Achievements', 'Full controller support', 'Steam Trading Cards', 'Captions available', 'Steam Workshop', 'Camera Comfort', 'Color Alternatives', 'Custom Volume Controls', 'Adjustable Difficulty', 'Playable without Timed Input', 'Stereo Sound', 'Surround Sound', 'Steam Cloud', 'Valve Anti-Cheat enabled', 'Stats', 'Includes Source SDK', 'Commentary available', 'Remote Play on Phone', 'Remote Play on Tablet', 'Remote Play on TV', 'Remote Play Together', 'Family Sharing', 'Steam Timeline']","Nov 16, 2009",999.0,"-0.1591272,0.2907992,0.19991073,-0.25950733,0.066786066,0.34253466,0.1717836,0.29593495,-0.36478287,0.1734852,0.16986988,-0.2634854,0.15987794,0.035914086,0.059471913,-0.03789486,0.28649563,0.03430487,-0.35788763,0.1393223,0.23893614,-0.15444867,0.25396508,0.022275276,0.391553,-0.21037497,-0.11075587,-0.26141533,0.03544127,-0.0181394,-0.28872395,0.45983133,-0.100748144,0.061796736,0.14857814,0.2783064,-0.09440047,0.28909576,-0.11720073,-0.2422408,-0.03988867,-0.17597626,0.13263093,-0.19268176,0.052661203,-0.024489993,-0.032323606,-0.22380334,0.030306665,-0.6441984,-0.1682448,-0.17372888,0.05961313,1.0182667,-0.19978015,-2.3202565,-0.18608694,-0.14356308,1.4332339,0.59351104,-0.22513072,0.5778314,-0.37838295,0.09388549,0.5362571,0.005802413,0.3659014,0.39294958,0.0911042,-0.048729874,0.06407587,-0.13228172,-0.08423253,-0.28618306,0.010102598,0.13753706,-0.32652766,-0.1309543,-0.63041687,-0.009563199,0.511092,0.0799924,-0.3140976,0.16893059,-1.1390321,-0.16982181,0.086188585,-0.05970228,-0.102241926,-0.17181744,-0.05020894,0.0035194615,-0.16787186,0.056420796,-0.34404704,-0.1372218,-0.2247928,-0.120354794,0.66922534,0.21881104"
7,1731,1731,Terraria,105600,mod,4,141.06666666666666,2026-03-01 21:45:46,"20,000,000 .. 50,000,000",['Re-Logic'],['Re-Logic'],"['Action', 'Adventure', 'Indie', 'RPG']","['windows', 'mac', 'linux']","['Single-player', 'Multi-player', 'PvP', 'Online PvP', 'Co-op', 'Online Co-op', 'Steam Achievements', 'Full controller support', 'Steam Trading Cards', 'Steam Cloud', 'Remote Play on Phone', 'Remote Play on Tablet', 'Remote Play on TV', 'Family Sharing']","May 16, 2011",999.0,"-0.73071,0.29515,-0.49929,-0.2668,-1.255,0.2329,0.40556,-0.10982,0.30753,1.2754,1.0492,-0.55192,-0.55134,0.5425,0.53011,0.24195,-0.0025656,0.13998,-0.22217,0.84479,0.35144,-0.23223,-0.11566,-0.40002,-0.40088,0.77331,1.1375,-0.14537,-0.58381,0.27361,-0.14992,0.2951,-1.0297,0.16916,0.53763,0.63279,-0.19161,0.2606,0.013992,-0.51741,0.78298,-0.079833,-0.060557,0.47016,0.49831,-0.61187,-0.19897,0.46567,0.36339,0.048301,0.43633,-0.46298,-0.041908,0.25888,-0.82023,-0.26527,-0.62995,0.40394,0.31439,0.88535,0.17711,-0.35175,-0.79366,0.45338,0.72043,0.19304,-0.6308,-0.020535,0.014508,0.16656,0.66403,0.0035811,-0.030036,-0.22681,0.19739,-0.53282,-0.097669,0.34343,-0.52414,-0.48676,-0.32349,-0.37613,1.0007,0.34363,0.22874,0.10919,-0.17461,0.0090027,-0.23485,0.66458,-0.10254,0.64811,-0.55416,0.10655,0.50944,-1.1157,-0.1449,-0.085801,-0.14171,0.0085436"
8,65,65,Counter-Strike: Global Offensive,730,wery good gsme,14,938.3666666666668,2026-03-01 23:08:40,"100,000,000 .. 200,000,000",['Valve'],['Valve'],"['Action', 'Free To Play']","['windows', 'linux']","['Multi-player', 'Cross-Platform Multiplayer', 'Steam Trading Cards', 'Steam Workshop', 'In-App Purchases', 'Adjustable Text Size', 'Camera Comfort', 'Color Alternatives', 'Custom Volume Controls', 'Playable without Timed Input', 'Stereo Sound', 'Surround Sound', 'Valve Anti-Cheat enabled', 'Stats', 'Remote Play on Phone', 'Remote Play on Tablet', 'Remote Play on TV', 'Steam Timeline']","Aug 21, 2012",,"-0.18220949,-0.008764997,0.026294991,-0.21258101,-0.29145998,-0.0945485,0.16118799,-0.27851498,-0.11781499,-0.320715,-0.026381504,-0.019194998,0.342035,-0.1805505,0.061804,-0.157251,-0.32768598,0.121288,0.10323499,0.54765004,-0.041202,0.39699,-0.12555505,-0.28998,-0.086229995,0.32645,-0.2531185,-0.2342725,-0.1293115,0.033885002,-0.068435,0.24243,0.132605,-0.27978,0.41539502,0.1867795,-0.413545,0.1998175,0.0084066,-0.034559995,0.3849375,0.155375,0.239848,-0.19895,-0.16984099,-0.280455,0.246478,-0.19396001,-0.0404685,-0.563645,0.11280001,-0.27297,-0.17835,0.279715,0.14720699,-1.0667651,0.11889,0.44288,0.53173,-0.34182,0.0019650012,0.371263,-0.73173,-0.268912,0.36948252,-0.1347795,0.3371465,0.26158,0.059125006,-0.30594298,0.233105,0.082191,0.23584798,-0.20087,0.32450497,0.1871135,-0.095617995,-0.106863,0.23705499,-0.0015550032,0.16803001,0.17772001,-0.26268297,-0.110190004,-0.65354496,0.044813,0.0419015,0.018475,-0.49716,-0.32412502,0.0714655,-0.31033,0.171531,-0.070884995,-0.28192,0.0808349,-0.258345,-0.15020499,-0.18481499,0.768005"
9,1323,1323,Monster Hunter Wilds,2246340,bos kiss,12,30.15,2026-03-01 13:55:36,"20,000,000 .. 50,000,000","['CAPCOM Co., Ltd.']","['CAPCOM Co., Ltd.']","['Action', 'Adventure', 'RPG']",['windows'],"['Single-player', 'Multi-player', 'Co-op', 'Online Co-op', 'Cross-Platform Multiplayer', 'Steam Achievements', 'Full controller support', 'Steam Trading Cards', 'Adjustable Text Size', 'Camera Comfort', 'Color Alternatives', 'Custom Volume Controls', 'Keyboard Only Option', 'Stereo Sound', 'Subtitle Options', 'Surround Sound', 'Steam Cloud', 'HDR available', 'Family Sharing']","Feb 27, 2025",6999.0,"-0.164195,-0.080910996,-0.106069505,-0.6617,0.18788499,0.312819,-0.235991,0.14563099,0.164025,-0.43245998,0.154605,0.34536898,-0.214015,0.81018996,0.22604498,0.271015,-0.099580005,0.2643,-0.1696365,0.16894001,0.25020498,0.07112,-1.084435,0.6213,1.0265,0.19808498,-0.1103455,0.40939,0.74839497,-0.25536498,-0.35711,0.347905,0.35768002,0.4714,0.14616999,-0.7486,0.418365,-0.15276,0.10029999,-0.081425995,0.048299998,-0.08493,-0.479395,-0.37215498,-0.51240003,0.13392499,-0.26797998,-0.23158999,-0.080845,-0.08777499,0.0038650036,-0.114705,-0.04504001,0.399199,-0.59477,-0.48298502,-0.12782,1.1153901,0.203125,-0.136845,0.97095,0.52992857,-0.50104,-0.187718,0.5727,0.324219,0.37543,0.39976,-0.020349994,-0.33333,-0.53653,-0.624405,-0.44589,-0.0218075,-0.133,-0.28961,-0.568955,-0.09941751,-0.279926,-0.18519975,-0.348,-0.525287,0.73258,0.092324995,-0.094915,-0.062453497,-0.126691,-0.195355,-0.12612,-0.021485,-0.24947,-0.123706505,0.63101,0.384665,-0.045845002,-0.320785,-0.303945,0.111674994,0.481505,-0.094689995"
10,56,56,Counter-Strike: Global Offensive,730,valve pls anti cheat,20,121.35,2026-03-01 23:34:47,"100,000,000 .. 200,000,000",['Valve'],['Valve'],"['Action', 'Free To Play']","['windows', 'linux']","['Multi-player', 'Cross-Platform Multiplayer', 'Steam Trading Cards', 'Steam Workshop', 'In-App Purchases', 'Adjustable Text Size', 'Camera Comfort', 'Color Alternatives', 'Custom Volume Controls', 'Playable without Timed Input', 'Stereo Sound', 'Surround Sound', 'Valve Anti-Cheat enabled', 'Stats', 'Remote Play on Phone', 'Remote Play on Tablet', 'Remote Play on TV', 'Steam Timeline']","Aug 21, 2012",,"-0.20804675,0.14013001,0.13733023,-0.396895,-0.034116,0.2964325,-0.1911225,-0.003507495,0.15605499,0.341475,0.009814501,0.34773248,-0.18200499,-0.099204,-0.061604008,0.5271375,0.19239575,-0.213405,0.055417493,-0.524394,0.2068225,-0.31430477,-0.24963051,-0.087387994,0.110269256,0.14496,-0.4391675,-0.1799375,0.15224974,0.19399503,0.23499501,0.542605,-0.055040002,-0.107967496,0.09069501,0.276435,-0.048337247,0.10213999,0.23733,0.15032999,-0.36612588,-0.105758,-0.12758,-0.83448,0.059125006,-0.086522,0.0712675,-0.4436925,-0.444125,-0.2604495,-0.015507489,0.624515,-0.32506,0.2959025,-0.4248825,-0.50461525,0.12095126,0.36178252,0.79196,-0.171105,-0.1762575,-0.06644225,0.0736875,0.51002926,0.0799355,0.36910725,0.3172495,-0.29872173,-0.019607492,-0.37405998,-0.11587249,-0.20546526,-0.07517251,-0.074214995,-0.36571497,-0.09697175,0.39839685,0.28639573,-0.1090765,-0.44916904,0.35092747,-0.39768502,-0.46696752,0.163985,-0.84017944,0.3318155,0.2409775,0.09065126,-0.3544675,0.34420753,-0.29496253,0.12176925,-0.1367975,-0.08043126,0.635135,0.08527526,0.09150349,-0.26057473,0.20844999,0.018967496"
11,1292,1292,War Thunder,236390,best game ever,14,1382.6833333333334,2024-01-01 21:15:08,"20,000,000 .. 50,000,000",['Gaijin Entertainment'],['Gaijin Network Ltd'],"['Action', 'Massively Multiplayer', 'Simulation', 'Free To Play']","['windows', 'mac', 'linux']","['Single-player', 'Multi-player', 'MMO', 'PvP', 'Online PvP', 'Co-op', 'Online Co-op', 'Cross-Platform Multiplayer', 'Steam Achievements', 'Full controller support', 'VR Supported', 'Steam Trading Cards', 'In-App Purchases', 'Adjustable Text Size', 'Camera Comfort', 'Color Alternatives', 'Custom Volume Controls', 'Playable without Timed Input', 'Stereo Sound', 'Surround Sound', 'Remote Play on Phone', 'Remote Play on Tablet']","Aug 15, 2013",,"0.107313,0.33307102,0.8557634,-0.37455395,-0.10498633,0.23004268,0.47061667,-0.283731,-0.57110465,-0.09589969,0.22182201,-0.40775666,-0.04840399,-0.281508,-0.14582334,0.20649868,0.4308,0.49386668,-0.40398335,0.6514333,0.31435335,0.18471932,0.045132667,-0.02678,0.7838467,-0.19875668,-0.155877,-0.21582,0.18644333,-0.11378,-0.49517664,0.6126633,0.15044333,0.147023,0.5255833,0.027277669,-0.89867,0.44061998,-0.55063665,-0.36156335,0.117963344,0.11044001,0.12766732,-0.13305433,-0.00899667,0.172014,0.36386666,-0.76911,0.32662666,-1.0411167,-0.11453334,-0.165893,0.13839,1.05305,0.18132333,-2.6616335,-0.182688,0.31404334,1.2035333,0.7010363,-0.6670633,0.8122933,-0.61789334,0.077702664,0.75269336,-0.16736,0.33056334,0.260653,-0.18741699,0.06043333,0.23616333,0.0034516752,-0.09673666,0.25513402,-0.008980006,0.23829667,-0.60213333,-0.29578668,-0.320181,0.14947666,0.31398332,0.20369135,-0.65368336,0.07061999,-1.5955,-0.17807667,-0.22009434,-0.24373333,-0.034257,-0.29659334,-0.250005,0.116372325,-0.11094668,-0.11411334,-0.37217999,0.110899985,-0.47544003,0.10691666,0.63381,0.296388"
12,1118,1118,Lost Ark,1599340,i m addicted and i cant stop playing,36,16997.7,2026-02-06 16:55:01,"50,000,000 .. 100,000,000",['Smilegate RPG'],['Amazon Game Studios'],"['Action', 'Adventure', 'Massively Multiplayer', 'RPG', 'Free To Play']",['windows'],"['Single-player', 'Multi-player', 'MMO', 'PvP', 'Online PvP', 'Co-op', 'Online Co-op', 'Steam Achievements', 'In-App Purchases', 'Adjustable Text Size', 'Camera Comfort', 'Color Alternatives', 'Custom Volume Controls', 'Keyboard Only Option', 'Playable without Timed Input', 'Save Anytime', 'Partial Controller Support']","Feb 11, 2022",,"0.15404864,0.2016225,0.22295137,-0.28639588,-0.5280471,0.3858587,-0.17421874,0.28183585,0.026277505,0.004280377,0.5695586,-0.14990917,-0.038202874,0.1105116,0.08763288,-0.2638445,-0.09744488,0.27191263,-0.48120016,0.32108164,0.25459397,0.55064875,0.13515589,-0.11054375,0.20637861,0.38858497,-0.0645175,-0.54393375,0.5970856,-0.11246651,-0.25044626,0.642655,0.33168373,0.11120251,0.20308375,0.13707137,-0.19412023,0.34304377,0.3846438,-0.006050747,-0.19191124,-0.08950625,0.084608756,-0.51135993,-0.25271574,0.06761675,0.19103125,-0.3794689,0.056041993,-0.69322497,-0.2234,-0.021013135,0.12167562,0.80113715,-0.25399774,-1.7946439,-0.05642037,0.10991837,0.94057626,0.36793786,0.018851249,0.55936927,-0.49159908,-0.07151382,0.5682436,0.1698172,0.80781245,0.30496874,0.063126236,-0.20141739,0.04158251,-0.38068372,0.23317976,-0.22945875,-0.037354503,0.030486003,-0.035168752,0.213749,-0.29228938,-0.21253313,0.54033583,-0.34294373,-0.55417997,0.13744171,-1.1305888,-0.07449513,-0.20479,-0.41883898,-0.45509124,-0.30194426,-0.3832541,-0.019496243,0.092182994,0.0952825,-0.3776145,-0.15610877,-0.324955,-0.315025,0.22825323,0.250285"
13,584,584,Call of Duty: Modern Warfare II,1938090,cod slop,8,110.96666666666668,2026-02-27 03:42:48,"50,000,000 .. 100,000,000","['Treyarch', 'Raven Software', 'Beenox', 'High Moon Studios', 'Sledgehammer Games', 'Infinity Ward', 'Activision Shanghai', 'Demonware']",['Activision'],['Action'],['windows'],"['Single-player', 'Multi-player', 'PvP', 'Online PvP', 'Co-op', 'Online Co-op', 'Cross-Platform Multiplayer', 'Steam Achievements', 'Captions available', 'In-App Purchases', 'Adjustable Text Size', 'Camera Comfort', 'Color Alternatives', 'Custom Volume Controls', 'Playable without Timed Input', 'Stereo Sound', 'Subtitle Options', 'Surround Sound', 'Partial Controller Support', 'HDR available']","Oct 27, 2022",,"-0.36477,0.75232506,0.25163502,-0.80435,-0.34592,-0.23534,0.11213999,0.28445,-0.55379,-0.291039,-0.81246,0.574775,-0.242255,0.26823503,0.12143499,-0.222635,0.024320006,-0.29282498,0.203344,-0.25532,0.23710999,0.356645,0.3159655,-0.60932,0.21643999,0.780285,-0.75889504,-0.15278003,-0.11937,-0.40850502,0.0343825,-0.429335,-0.296965,0.40247,-0.283495,0.19867949,-0.23006551,0.069692,0.164935,-0.62931,-0.20898,-0.44113997,-0.596185,-0.401673,0.0049650073,0.28463,0.24283001,-0.3283,-0.12712601,0.465625,-0.27241,0.49917,-0.082716495,-0.2268,-1.04495,-0.30125,0.027339995,-0.100339994,0.23431349,0.36708298,-0.1437115,0.12748599,0.091316,0.061999977,0.2847495,0.23998,0.1070085,-0.66361,0.319827,-0.3173745,-0.30193502,-0.1766515,0.801,0.204287,-0.81515497,-0.19045499,-0.5075085,-0.03265001,0.0953235,0.37765998,-0.112517506,-0.410089,0.14754,0.39805502,0.1403125,-0.200793,0.42499,0.010168999,-0.10208,0.133367,0.06671501,0.114496,0.011860013,-0.075203,-0.14541501,-0.253631,0.3823965,0.3588765,0.033439994,0.024130002"
14,374,374,Palworld,1623730,catch some pal for your pal,31,171.48333333333332,2026-02-28 01:22:09,"50,000,000 .. 100,000,000",['Pocketpair'],['Pocketpair'],"['Action', 'Adventure', 'Indie', 'RPG', 'Early Access']",['windows'],"['Single-player', 'Multi-player', 'Co-op', 'Online Co-op', 'Cross-Platform Multiplayer', 'Steam Achievements', 'Full controller support', 'Steam Trading Cards', 'Steam Workshop', 'Steam Cloud', 'Family Sharing']","Jan 18, 2024",2999.0,"-0.07068833,-0.03540866,0.4477017,-0.2917435,-0.161895,0.00834167,-0.43841997,0.16076668,-0.28998747,-0.00657999,0.10337017,0.08912033,0.12185133,0.044023674,0.22004133,-0.30934334,0.180472,0.0015275031,0.20198882,0.67066336,0.009904996,-0.005681003,0.103262335,-0.036724675,0.300315,0.16186167,-0.29119134,-0.43584332,0.24993807,-0.09903348,0.016940003,0.6794445,0.037552167,0.23293817,0.07435667,0.46948662,-0.093561985,0.36825213,0.26484334,-0.3308983,-0.17997098,-0.11593882,0.24836834,-0.25104502,-0.23492752,0.123298325,-0.121291675,-0.46513668,-0.18149285,-0.39597,-0.264815,0.13255067,-0.16470116,0.938025,-0.006046325,-1.6465367,0.06985135,0.08491501,1.57023,0.24322201,0.13484667,0.7761483,-0.127288,0.17593117,0.4931133,0.13635217,0.5242867,0.41467,0.3795,-0.17441635,-0.28714198,-0.14963551,0.16221333,-0.43799698,0.11983899,0.21588832,-0.27376166,0.2097867,-0.53235835,0.23246332,0.33790502,-0.2942045,-0.081489995,-0.2145771,-1.22685,0.11959499,0.03377001,0.087447174,-0.27352002,-0.030616334,-0.05818966,0.47566667,0.14482318,-0.29145917,-0.40887836,-0.16191499,-0.030618945,0.104415,0.34938118,0.083166815"
15,275,275,PUBG: BATTLEGROUNDS,578080,the best,8,2583.95,2026-02-19 07:23:44,"100,000,000 .. 200,000,000",['PUBG Corporation'],"['KRAFTON, Inc.']","['Action', 'Adventure', 'Massively Multiplayer', 'Free To Play']",['windows'],"['Multi-player', 'PvP', 'Online PvP', 'Stats', 'Remote Play on Phone', 'Remote Play on Tablet']","Dec 21, 2017",,"0.050343,-0.023920007,0.71213,-0.32603002,0.180686,-0.029418498,-0.06485,-0.12242001,-0.756335,0.052263997,0.290245,-0.37311497,0.105894,-0.24816,-0.25485,-0.023194999,0.560695,-0.23440999,-0.22220999,0.35371998,0.276415,-0.130055,0.31765002,-0.0261195,0.49690002,-0.304575,-0.0109655,-0.59763503,0.0024449974,-0.25488,-0.301741,0.49611998,0.152435,0.25571,0.14602,0.2348865,-0.248205,0.56709003,-0.13742,-0.152519,-0.28963,0.0022650063,0.058735996,-0.136365,0.296595,0.32881498,0.18677999,-0.64746,-0.239215,-0.747225,-0.221101,0.0137899965,0.190993,1.119325,-0.45977,-2.86225,0.047918,0.16497502,1.61935,0.3817495,-0.35079998,0.98388,-0.205323,0.45077,1.0667,-0.36821997,0.23061249,0.39426,0.028939,-0.207075,0.162406,0.108210005,-0.215455,-0.06329499,0.31941,0.14416501,-0.599195,-0.23618001,-0.6481265,-0.192158,0.460865,0.44908,-0.39287,0.043835,-1.54205,-0.222215,-0.098644,-0.19295001,0.10750999,-0.31862998,-0.117677495,0.072005495,-0.082720004,0.30969,-0.74771,-0.028160006,-0.45975,-0.279875,0.77541995,0.57619"
16,746,746,Black Myth: Wukong,2358720,again i wish there wa a middle option the game ha so much potential but it didn t manage to grab me but i know other people will love it journey to the west is a great story and the devs capture the essence of the thing i love most about chinese culture with the journal entry and the character but the combat and the linearity of a soul like come back to undermine the narrative combat feel too light and weightless i m never quite sure if i m dodging and attack and the heavy attack feel wrong the linearity is forgiveable but a an elden ring fan i find being boxed into a set path boring and unchallenging with the pacing dictated by the devs personal opinion on the game flow rather than mine elden ring wa like gothic and risen with brutal difficulty curve but with a soul respawn instead of reloading an old save i would strongly recommend anyone who love soul game and want to be like monkey from the s show,963,7.783333333333333,2026-03-01 00:06:50,"50,000,000 .. 100,000,000",['Game Science'],['Game Science'],"['Action', 'Adventure', 'RPG']",['windows'],"['Single-player', 'Steam Achievements', 'Full controller support', 'Steam Trading Cards', 'Playable without Timed Input', 'Stereo Sound', 'Surround Sound', 'Steam Cloud', 'Family Sharing']","Aug 19, 2024",5999.0,"-0.09274279,0.21427602,0.4080616,-0.20398441,-0.076636195,0.23570108,-0.14499575,0.07803402,-0.09527545,0.058299482,0.09388625,0.019854708,0.17844532,-0.019408422,0.09426939,-0.18095507,0.088881254,0.07236587,-0.34571707,0.19833614,0.29506287,-0.05187639,0.1294329,-0.05383769,0.28563067,0.09641418,-0.10851199,-0.38394976,0.10065563,-0.17741518,-0.13356078,0.40899995,-0.026213862,0.039867654,0.062111046,0.17253217,0.0013939597,0.23430954,0.052516803,-0.15051647,-0.32019156,-0.18577622,0.13069294,-0.30387592,-0.06373316,0.049549736,0.1959294,-0.2076517,0.0029190888,-0.61187416,-0.03421766,0.0155269215,0.15985142,0.94834924,-0.1592153,-2.1642535,0.036172517,-0.10705051,1.3685238,0.43890527,-0.1143816,0.69958246,-0.2674871,0.0717649,0.6806783,-0.00514875,0.44713163,0.2322163,0.039177492,-0.13157736,-0.00454032,-0.2501786,-0.046926033,-0.27410948,0.15142313,0.07512901,-0.13166387,-0.017030587,-0.65283024,-0.056826793,0.4544213,0.08586034,-0.44145098,0.12254446,-1.153907,-0.11621303,-0.009801413,-0.17020363,-0.15139967,-0.30992228,-0.06588505,-0.08536107,-0.11264128,0.15054666,-0.37561885,-0.14569168,-0.28689548,-0.31961107,0.41653445,0.22224164"
17,128,128,Apex Legends,1172470,noder good game,15,1111.3333333333333,2025-06-05 16:35:39,"100,000,000 .. 200,000,000",['Respawn'],['Electronic Arts'],"['Action', 'Adventure', 'Free To Play']",['windows'],"['Multi-player', 'PvP', 'Online PvP', 'Co-op', 'Online Co-op', 'Steam Achievements', 'Full controller support', 'Steam Trading Cards', 'In-App Purchases', 'Chat Speech-to-text', 'Playable without Timed Input']","Nov 4, 2020",,"0.015945002,0.0729665,0.83054495,-0.639095,-0.65422,0.35666,0.536738,-0.287955,-0.71511495,-0.35589498,-0.047042005,-0.48339,-0.0039549917,-0.2860455,0.1917,0.219944,0.137454,0.496283,-0.36716002,0.81509006,0.103038,0.21007898,-0.157949,0.044965,0.738895,0.070714995,-0.32423,-0.08421999,-0.21039,-0.031844996,-0.59705,0.824505,-0.054749995,-0.1407205,0.396365,-0.010554999,-0.88996,0.541645,-0.4287049,-0.53751504,0.3618575,-0.182345,0.31505,-0.372755,-0.31987,-0.137929,0.212378,-0.603385,0.2749895,-1.139635,-0.14137,-0.22112949,-0.105358005,0.91262496,0.215412,-2.95985,0.112975,0.123225,1.46935,0.669415,-0.754035,0.57080495,-0.93236,-0.037218,0.51108503,0.0537705,0.503995,0.1917995,-0.27820998,-0.045755,0.059635006,0.0213485,0.41366,-0.234264,0.32904997,0.44252,-0.46427,-0.051064998,-0.221815,0.301375,0.46723002,0.323525,-0.92569,0.094115,-1.5659499,0.061,-0.2844985,-0.051810503,-0.30763248,-0.27818,-0.2238995,-0.11467999,-0.167704,0.16517,-0.46024,-0.19052501,-0.43837,-0.033759996,0.531825,0.51685405"
18,1646,1646,ELDEN RING,1245620,game worth buck,25,84.38333333333334,2026-03-01 14:54:24,"20,000,000 .. 50,000,000","['FromSoftware, Inc.']","['FromSoftware, Inc.', 'Bandai Namco Entertainment']","['Action', 'RPG']",['windows'],"['Single-player', 'Multi-player', 'PvP', 'Online PvP', 'Co-op', 'Online Co-op', 'Steam Achievements', 'Full controller support', 'Steam Trading Cards', 'Camera Comfort', 'Custom Volume Controls', 'Playable without Timed Input', 'Save Anytime', 'Stereo Sound', 'Surround Sound', 'Steam Cloud', 'Family Sharing']","Feb 24, 2022",5999.0,"0.28125966,0.3385333,0.4518133,-0.56991667,-0.15197332,0.13843334,0.38901433,0.059433337,-0.21600299,-0.5987733,0.18832535,-0.26064333,-0.24608667,-0.27009168,0.14051667,-0.3206367,0.30887,0.62694335,-0.24686866,0.6145434,0.42488334,0.117966324,-0.342306,-0.010867993,0.6603167,0.13547666,-0.107200004,-0.17428334,-0.020136675,-0.12119115,-0.30070335,0.48284867,0.18135,-0.024333665,0.08837199,-0.093616664,-0.63864,0.19558866,-0.1607833,-0.36056003,0.5033867,-0.32187,0.037674997,-0.11096666,-0.26091,0.12067166,0.00022666653,-0.69500333,-0.04872333,-0.6949499,0.05969665,-0.22230633,0.25090465,0.38989165,0.021646673,-1.9127334,-0.18664956,-0.30094668,1.2493634,0.62899333,-0.046976674,0.47006667,-0.55982727,0.06703933,0.013906677,-0.09574,0.55837,0.28340635,-0.06764333,0.28037664,-0.15345366,0.184078,-0.28008667,0.04252733,-0.078991674,0.26882002,-0.54263335,0.41201332,-0.6812467,0.64831334,0.2619147,0.17952101,-0.5770507,-0.26600668,-0.75864667,0.1470115,-0.19707668,-0.29282334,-0.10191033,-0.22399066,-0.38497734,-0.0368682,-0.06969667,-0.41950703,-0.5173467,-0.21095334,-0.22577333,-0.007225666,0.7722466,0.06786233"
19,1852,1852,Path of Exile 2,2694490,loooovvvveeeeedddddddd poe but man this game run like sh instance like to break lag happen alot not my connection im on fiber hope they work on it alot but right now diablo make this game seem like a,220,53.21666666666667,2026-02-27 06:13:12,"20,000,000 .. 50,000,000",['Grinding Gear Games'],['Grinding Gear Games'],"['Action', 'Adventure', 'Massively Multiplayer', 'RPG', 'Early Access']",['windows'],"['Single-player', 'Multi-player', 'MMO', 'Co-op', 'Online Co-op', 'Full controller support', 'HDR available']","Dec 6, 2024",2999.0,"-0.10031906,0.2676862,0.37462875,-0.31186968,-0.103406996,0.119731635,-0.055851568,0.100495264,-0.055837136,-0.069763765,0.036371935,0.119600736,0.16903359,-0.052101467,0.11559748,-0.20758832,0.09198422,0.27505457,-0.2998582,0.3447706,0.3161949,0.030646943,0.104575865,0.070587285,0.25860006,0.0678103,-0.14785407,-0.40248448,0.047588557,-0.16023679,-0.14959511,0.427879,0.035874028,0.0033336561,0.02635211,0.33712345,-0.1492341,0.19439621,0.030491317,-0.19213651,-0.14289808,-0.043281794,0.0716896,-0.29712132,-0.27680537,-0.11067219,0.2932374,-0.3463876,0.059717603,-0.59695905,-0.0663391,-0.0018404352,0.1438757,0.8760947,-0.17211455,-2.077676,-0.0016356988,-0.04111094,1.3521976,0.4286679,-0.21892689,0.7292722,-0.3072581,0.023967177,0.6255061,0.10922605,0.5177492,0.28398785,-0.06038408,-0.1834621,-0.02587998,-0.27710944,0.016384264,-0.3792819,0.087148756,-0.025186433,-0.08176448,-0.074827455,-0.5809721,0.0035851917,0.41883975,-0.075048804,-0.5345312,0.120363444,-1.2162497,-0.065367214,0.013415815,-0.08503825,-0.23720519,-0.2637005,-0.1035847,-0.11080401,-0.13370772,0.05269617,-0.32493523,-0.17494921,-0.09044381,-0.34256163,0.40649635,0.22605664"
20,674,674,New World: Aeternum,1063730,amazing game fun playing solo or with friend,51,278.28333333333336,2026-02-12 21:56:04,"50,000,000 .. 100,000,000",['Amazon Game Studios'],['Amazon Game Studios'],"['Action', 'Adventure', 'Massively Multiplayer', 'RPG']",['windows'],"['Multi-player', 'MMO', 'PvP', 'Online PvP', 'Co-op', 'Online Co-op', 'Steam Achievements', 'In-App Purchases', 'Adjustable Text Size', 'Camera Comfort', 'Chat Speech-to-text', 'Chat Text-to-speech', 'Color Alternatives', 'Custom Volume Controls', 'Keyboard Only Option', 'Playable without Timed Input', 'Save Anytime', 'Stereo Sound', 'Subtitle Options', 'Surround Sound', 'Partial Controller Support']","Sep 28, 2021",,"-0.033236377,0.19883262,0.42067572,-0.37142694,0.042156637,0.56160986,0.23896536,0.20927624,-0.3032177,-0.12209687,0.22110814,-0.36435437,0.0039055068,0.0063999966,0.17833449,0.00092186406,0.124465704,0.22844248,-0.19265014,0.6736052,0.27757776,0.13901937,0.013041254,-0.12967178,0.6726488,0.16451988,-0.32545286,-0.33843702,0.2909865,0.058335,-0.6521417,0.57961,0.018968008,-0.058468763,0.16894239,0.0828,-0.27833274,0.22353472,-0.038829617,-0.32563874,0.1777325,0.039914098,0.22415838,-0.11120183,-0.11125136,0.0085847555,-0.015416004,-0.3962166,0.124275856,-0.77928,-0.21275663,0.071774006,0.148357,0.76576,0.041514874,-2.4478753,-0.007016249,0.107484266,0.90656495,0.7591837,-0.29045376,0.8228413,-0.45144302,-0.015803995,0.34248865,-0.14914963,0.77277625,0.13688675,0.107145,0.092946745,-0.17370752,-0.00434375,0.027856752,-0.27812296,0.048844997,0.3873638,-0.19010776,-0.16957876,-0.11511599,0.022985633,0.36011875,0.16428337,-0.07048752,0.04343471,-1.2687763,0.0031016245,-0.105969995,0.010428373,-0.26318187,-0.24968338,-0.29778647,0.06357037,0.14421001,0.007861996,-0.30150187,-0.209025,-0.74509627,-0.32294503,0.4982612,0.1515405"
21,1664,1664,ELDEN RING,1245620,this game is painful in everyway possible but this game make it fun,69,17.066666666666666,2026-03-01 09:36:15,"20,000,000 .. 50,000,000","['FromSoftware, Inc.']","['FromSoftware, Inc.', 'Bandai Namco Entertainment']","['Action', 'RPG']",['windows'],"['Single-player', 'Multi-player', 'PvP', 'Online PvP', 'Co-op', 'Online Co-op', 'Steam Achievements', 'Full controller support', 'Steam Trading Cards', 'Camera Comfort', 'Custom Volume Controls', 'Playable without Timed Input', 'Save Anytime', 'Stereo Sound', 'Surround Sound', 'Steam Cloud', 'Family Sharing']","Feb 24, 2022",5999.0,"-0.2574697,0.1993059,0.5967866,-0.3936409,-0.28375083,0.21689785,0.03944624,0.23491067,-0.034201078,-0.072778836,-0.012863421,-0.080386646,0.06018466,-0.15802442,0.17081948,0.04884608,0.031403884,0.2862515,-0.27830833,0.3931841,0.2925875,-0.016125584,0.03449684,0.157881,0.4024583,0.001188005,-0.11459142,-0.291023,-0.042975325,-0.13837059,-0.46733794,0.57912034,-0.07089049,-0.12824534,0.1242545,0.21541767,-0.2788644,0.20360458,-0.2684628,-0.40661016,-0.17495666,-0.06587828,0.19650866,-0.37125084,-0.2678946,0.03938998,0.6075191,-0.43892583,0.0027034183,-0.8138433,0.12774758,-0.23369409,0.22559299,1.0352716,-0.17978059,-2.8170834,0.030948998,-0.22451834,1.5641483,0.593763,-0.46687582,0.82968587,-0.35890758,0.014548586,0.8688083,-0.067008324,0.50358295,0.17839627,-0.04246499,-0.28753018,-0.006646365,-0.37722918,-0.093800664,-0.21595931,0.2731425,0.12196916,-0.3189559,-0.11976441,-0.7686181,0.22896767,0.36542,0.049085494,-0.67837745,0.2403066,-1.4548292,-0.045705587,-0.06802259,-0.17876785,-0.20228648,-0.3753853,-0.08208709,-0.0015141679,-0.27012333,0.098728485,-0.29827893,-0.051892173,-0.2217439,-0.31724858,0.5554895,0.23033784"
22,1981,1981,Wallpaper Engine,431960,for a long time this wa my most played game not more to say,63,33.31666666666667,2026-03-01 03:36:36,"20,000,000 .. 50,000,000",['Wallpaper Engine Team'],['Wallpaper Engine Team'],"['Casual', 'Indie', 'Animation & Modeling', 'Design & Illustration', 'Photo Editing', 'Utilities']",['windows'],"['Steam Achievements', 'Steam Trading Cards', 'Steam Workshop', 'Steam Workshop', 'Includes level editor']","Nov 16, 2018",499.0,"-0.24403866,0.30318576,0.3772964,-0.32685786,-0.15751514,0.21395288,-0.043391015,0.20766191,-0.23508541,0.040074717,0.042936854,-0.051628895,0.13110606,-0.07441395,0.075122945,-0.26146078,0.23628508,0.07543278,-0.3340892,0.3186125,0.4049407,-0.005260142,0.15928137,0.090031065,0.25002035,-0.08157529,-0.1698232,-0.5757603,0.15285206,-0.06271265,-0.20507237,0.597395,0.006417647,0.04207473,0.038605712,0.34960786,-0.19889376,0.47548717,-0.11434621,-0.17228065,-0.31783062,-0.091986634,0.27044252,-0.36109635,-0.029586723,-0.05756936,0.40011495,-0.46979284,0.02994808,-0.76988506,-0.16201423,-0.18041115,0.17576264,1.0738491,-0.26064673,-2.606176,0.051927086,-0.21809672,1.5643214,0.5721475,-0.33624464,0.7839485,-0.41252097,0.013152527,0.74652356,0.01033,0.59934294,0.38786522,-0.0035554213,-0.10491728,-0.13174674,-0.23103394,-0.1391678,-0.39557055,0.13200043,0.012279504,-0.30053613,-0.08945501,-0.9326903,0.0013752133,0.6019093,-0.057855587,-0.4858858,0.08466985,-1.4855686,-0.0947425,0.038864706,-0.0690084,-0.22788014,-0.28519046,-0.071408935,0.069176994,-0.20664859,-0.005602726,-0.5400496,-0.20503141,-0.35663265,-0.24918415,0.4538824,0.18046294"
23,1083,1083,Unturned,304930,i wish there wa a mutiplare,28,65.98333333333333,2023-02-26 23:08:41,"50,000,000 .. 100,000,000",['Smartly Dressed Games'],['Smartly Dressed Games'],"['Action', 'Adventure', 'Casual', 'Indie', 'Free To Play']","['windows', 'mac', 'linux']","['Single-player', 'Multi-player', 'PvP', 'Online PvP', 'LAN PvP', 'Co-op', 'Online Co-op', 'LAN Co-op', 'Steam Achievements', 'Steam Trading Cards', 'Steam Workshop', 'In-App Purchases', 'Camera Comfort', 'Custom Volume Controls', 'Adjustable Difficulty', 'Playable without Timed Input', 'Stereo Sound', 'Steam Cloud', 'Valve Anti-Cheat enabled', 'Stats', 'Includes level editor', 'Remote Play on Tablet']","Jul 7, 2017",,"-0.21971878,0.45698124,0.38971,-0.25975198,-0.160448,0.1814378,-0.104334995,0.2537424,0.22816801,-0.003468013,0.029807996,0.19117649,0.277848,0.14712802,0.20453998,-0.27403,0.105434,0.08911599,-0.61840963,0.29411522,0.2448564,0.21708019,-0.070236005,-0.3015362,-0.09664841,0.14378,0.163452,-0.378919,0.3840634,-0.322578,-0.269046,0.5732186,0.3378076,0.17287001,0.0295004,0.485346,-0.193203,0.4750846,0.37301403,-0.42076796,-0.34690198,0.1744222,0.37301162,-0.686624,0.0044420124,-0.098430395,0.2540854,-0.08021999,-0.155018,-0.70965004,-0.331361,-0.0852314,0.1260786,0.72116745,-0.265814,-2.169812,0.2428546,0.069168605,1.22173,0.393118,-0.266705,0.64073193,-0.77454,-0.04439748,0.744544,0.097207405,0.593408,0.46635157,-0.316408,-0.06791821,-0.0019798041,-0.034012005,-0.070853986,-0.5887278,0.160974,0.3395132,-0.0224788,-0.048954844,-1.0078261,-0.07945679,0.3150897,-0.31853896,-0.3109674,-0.011905203,-1.045812,-0.1402218,0.040579807,-0.3064036,-0.31014922,-0.25924042,-0.028864015,-0.12706521,-0.041852005,0.121695995,-0.527451,-0.1633814,-0.1868352,-0.43265,0.1471316,0.265264"
24,1922,1922,Wallpaper Engine,431960,wallpaper,9,6.333333333333333,2026-03-01 21:55:05,"20,000,000 .. 50,000,000",['Wallpaper Engine Team'],['Wallpaper Engine Team'],"['Casual', 'Indie', 'Animation & Modeling', 'Design & Illustration', 'Photo Editing', 'Utilities']",['windows'],"['Steam Achievements', 'Steam Trading Cards', 'Steam Workshop', 'Steam Workshop', 'Includes level editor']","Nov 16, 2018",499.0,"-0.27996,0.3613,-0.18932,-0.62537,0.54078,0.356,-0.22487,-0.29736,0.4686,0.60725,0.21254,0.013517,0.39841,-0.050847,0.30494,1.1075,-0.004146,-0.39948,0.59857,-0.76137,-0.83613,0.16235,0.86286,0.012208,0.75862,-0.37822,0.89121,-0.51234,-0.36634,-1.3988,-0.21777,0.045835,0.0194,-0.23626,0.14053,0.86385,-0.41332,-0.48871,0.59974,-1.0809,0.36638,-0.47935,-0.66333,0.13054,-0.65219,0.16534,-0.39247,0.5373,0.33005,-0.51952,-0.11867,0.30728,-0.25683,0.31814,-0.81996,-0.13299,-0.022104,0.31707,0.40191,0.13069,0.29091,0.47191,-0.15239,0.46385,0.58385,0.43118,1.1597,-0.070425,-0.35745,-0.34725,-0.33073,0.33448,0.32626,-0.24829,0.16195,0.061554,0.069447,0.69519,0.41104,0.29683,-0.34859,-0.62089,0.29823,0.83196,0.15209,-0.007776,0.28448,-0.83611,-0.36799,-0.25228,0.26954,-0.27132,0.76135,-0.43066,0.24269,-0.59112,-0.23691,0.095815,-0.106,0.13899"
25,99,99,Counter-Strike: Global Offensive,730,good but the anti cheat is suck,33,93.78333333333332,2026-03-01 21:57:58,"100,000,000 .. 200,000,000",['Valve'],['Valve'],"['Action', 'Free To Play']","['windows', 'linux']","['Multi-player', 'Cross-Platform Multiplayer', 'Steam Trading Cards', 'Steam Workshop', 'In-App Purchases', 'Adjustable Text Size', 'Camera Comfort', 'Color Alternatives', 'Custom Volume Controls', 'Playable without Timed Input', 'Stereo Sound', 'Surround Sound', 'Valve Anti-Cheat enabled', 'Stats', 'Remote Play on Phone', 'Remote Play on Tablet', 'Remote Play on TV', 'Steam Timeline']","Aug 21, 2012",,"-0.17526399,0.23493998,0.5929643,-0.60021573,-0.2118797,0.27019474,-0.239594,0.009544005,-0.07178056,-0.004958008,-0.008204289,0.052823756,0.06779715,0.029859003,0.058215857,-0.07047457,0.35274687,-0.008249002,-0.23725855,0.18105628,0.34862944,0.051301282,0.07866114,-0.01846443,0.18741013,0.14031,-0.34664673,-0.39149854,-0.052432995,-0.132003,-0.010238848,0.5259114,0.07337715,-0.027305853,0.14653341,0.24629614,0.008711318,0.09704928,0.051644027,-0.118207864,-0.4407356,-0.056264576,0.07520427,-0.49287003,-0.010798569,-0.00606972,0.31716087,-0.35871714,-0.22918686,-0.5851522,-0.109463416,0.07474285,0.13323286,0.9016586,-0.389981,-1.9327523,0.12222486,0.072617285,1.4041786,0.19185315,-0.032912858,0.53670156,-0.26513815,0.15390699,0.6949875,0.26780015,0.5519522,0.12793587,0.16369186,-0.40191144,0.29207686,-0.453773,-0.0035228643,-0.3182514,-0.0016328607,0.04842072,-0.08326464,-0.051289566,-0.6301857,0.022459712,0.6849542,0.03785786,-0.5839115,0.010491853,-1.2418871,-0.12638871,0.03668057,0.11849986,-0.2081786,-0.1738957,-0.104011,-0.20403416,-0.09998971,0.25469503,-0.06313589,-0.09233986,-0.22520502,-0.31912813,0.28614345,0.39625716"
26,1179,1179,Lost Ark,1599340,very badly designed game and the devs are new to gaming,56,118.58333333333331,2025-12-01 05:56:20,"50,000,000 .. 100,000,000",['Smilegate RPG'],['Amazon Game Studios'],"['Action', 'Adventure', 'Massively Multiplayer', 'RPG', 'Free To Play']",['windows'],"['Single-player', 'Multi-player', 'MMO', 'PvP', 'Online PvP', 'Co-op', 'Online Co-op', 'Steam Achievements', 'In-App Purchases', 'Adjustable Text Size', 'Camera Comfort', 'Color Alternatives', 'Custom Volume Controls', 'Keyboard Only Option', 'Playable without Timed Input', 'Save Anytime', 'Partial Controller Support']","Feb 11, 2022",,"-0.21776333,0.18970424,0.3087919,-0.29215404,-0.06951681,0.061001364,-0.09219282,0.18913771,-0.21578549,0.093743555,-0.004738274,-0.26816455,0.09937182,-0.18698582,-0.036911365,-0.11117018,0.19071308,0.21956135,-0.450866,0.18296038,0.18832272,-0.18331836,0.37822106,0.06031345,0.20748787,-0.2340618,-0.07934627,-0.2965591,-0.20980872,0.019923897,-0.13253427,0.50702816,-0.26551637,0.07125282,0.18027273,0.19525617,-0.048359275,0.1548318,-0.1417198,-0.1553809,-0.071283445,-0.299209,-0.008144268,-0.280675,-0.043424178,0.020318002,0.33409455,-0.08089972,0.11452246,-0.52886635,-0.15305418,-0.08955482,0.13081609,0.8676253,0.030527998,-2.2146964,0.08962945,-0.15657581,1.3262782,0.3703191,-0.37587327,0.60896,-0.26043558,0.3181972,0.5400891,0.0036365443,0.19693452,0.27413207,0.15690038,-0.19649191,-0.042626355,-0.35003573,-0.045022007,-0.2046188,0.099467896,-0.039870992,-0.089628175,0.2273902,-0.6270933,-0.0140681835,0.4893509,0.073548995,-0.4517582,0.24145956,-1.2712886,-0.069355644,0.027367435,-0.17786954,-0.3242469,-0.38300088,-0.091807276,-0.03989109,-0.104368165,0.0334869,-0.2842773,-0.06293701,-0.4025769,-0.28221253,0.6783075,0.13705264"
27,964,964,Left 4 Dead 2,550,good game but no left dead yet,34,52.28333333333333,2026-03-01 00:58:13,"50,000,000 .. 100,000,000",['Valve'],['Valve'],['Action'],"['windows', 'linux']","['Single-player', 'Multi-player', 'PvP', 'Online PvP', 'Co-op', 'Online Co-op', 'Steam Achievements', 'Full controller support', 'Steam Trading Cards', 'Captions available', 'Steam Workshop', 'Camera Comfort', 'Color Alternatives', 'Custom Volume Controls', 'Adjustable Difficulty', 'Playable without Timed Input', 'Stereo Sound', 'Surround Sound', 'Steam Cloud', 'Valve Anti-Cheat enabled', 'Stats', 'Includes Source SDK', 'Commentary available', 'Remote Play on Phone', 'Remote Play on Tablet', 'Remote Play on TV', 'Remote Play Together', 'Family Sharing', 'Steam Timeline']","Nov 16, 2009",999.0,"-0.11195214,0.27598315,0.6026543,-0.5896986,-0.3782157,0.39011517,0.24991085,-0.03026314,0.025871309,-0.068031855,0.18952373,0.20117947,0.47920284,-0.03487156,0.25450185,-0.13752972,-0.008305783,0.15082659,-0.39994287,0.4728286,0.49061227,0.15708642,0.10094428,-0.05536628,0.42630428,0.041997425,-0.28461072,-0.32888743,0.07795071,-0.17436144,-0.057258286,0.38651413,-0.12428028,0.023595141,0.030499157,0.0648927,-0.25322267,0.30852273,-0.15731825,-0.22289528,-0.2349293,-0.10890572,0.41928142,-0.29510027,-0.03538585,-0.20445299,0.19802584,-0.27148855,-0.080821574,-0.7204095,0.131079,-0.29256028,0.134042,1.0350157,0.050221715,-2.6487,-0.19419143,-0.13836685,1.4853429,0.8119543,-0.29466715,0.81995285,-0.47456154,0.039480574,0.6970743,-0.0016485708,0.45915285,0.2150636,-0.23210828,-0.15218,-0.100790724,-0.18745472,0.05479143,-0.38266256,0.38392138,0.25995702,-0.25017658,-0.05553428,-0.71288145,0.023840716,0.59376574,0.08648572,-0.5370363,0.013388569,-1.3957798,-0.2575186,0.063225135,0.046727277,-0.39073655,-0.23015715,0.057124,-0.28753656,-0.113064155,0.25426027,-0.70956856,0.061075,-0.33138427,-0.14944157,0.27958998,0.17628829"
28,792,792,Black Myth: Wukong,2358720,good,4,39.583333333333336,2026-02-27 12:32:40,"50,000,000 .. 100,000,000",['Game Science'],['Game Science'],"['Action', 'Adventure', 'RPG']",['windows'],"['Single-player', 'Steam Achievements', 'Full controller support', 'Steam Trading Cards', 'Playable without Timed Input', 'Stereo Sound', 'Surround Sound', 'Steam Cloud', 'Family Sharing']","Aug 19, 2024",5999.0,"-0.030769,0.11993,0.53909,-0.43696,-0.73937,-0.15345,0.081126,-0.38559,-0.68797,-0.41632,-0.13183,-0.24922,0.441,0.085919,0.20871,-0.063582,0.062228,-0.051234,-0.13398,1.1418,0.036526,0.49029,-0.24567,-0.412,0.12349,0.41336,-0.48397,-0.54243,-0.27787,-0.26015,-0.38485,0.78656,0.1023,-0.20712,0.40751,0.32026,-0.51052,0.48362,-0.0099498,-0.38685,0.034975,-0.167,0.4237,-0.54164,-0.30323,-0.36983,0.082836,-0.52538,-0.064531,-1.398,-0.14873,-0.35327,-0.1118,1.0912,0.095864,-2.8129,0.45238,0.46213,1.6012,-0.20837,-0.27377,0.71197,-1.0754,-0.046974,0.67479,-0.065839,0.75824,0.39405,0.15507,-0.64719,0.32796,-0.031748,0.52899,-0.43886,0.67405,0.42136,-0.11981,-0.21777,-0.29756,-0.1351,0.59898,0.46529,-0.58258,-0.02323,-1.5442,0.01901,-0.015877,0.024499,-0.58017,-0.67659,-0.040379,-0.44043,0.083292,0.20035,-0.75499,0.16918,-0.26573,-0.52878,0.17584,1.065"
29,29,29,Counter-Strike: Global Offensive,730,best game awful anticheat tho,29,178.06666666666666,2026-03-02 00:39:44,"100,000,000 .. 200,000,000",['Valve'],['Valve'],"['Action', 'Free To Play']","['windows', 'linux']","['Multi-player', 'Cross-Platform Multiplayer', 'Steam Trading Cards', 'Steam Workshop', 'In-App Purchases', 'Adjustable Text Size', 'Camera Comfort', 'Color Alternatives', 'Custom Volume Controls', 'Playable without Timed Input', 'Stereo Sound', 'Surround Sound', 'Valve Anti-Cheat enabled', 'Stats', 'Remote Play on Phone', 'Remote Play on Tablet', 'Remote Play on TV', 'Steam Timeline']","Aug 21, 2012",,"-0.052079752,0.012565754,0.5431975,-0.38274497,-0.2797275,0.1215075,0.058415025,-0.085250005,-0.19830772,-0.16693775,0.07801151,-0.26685023,-0.045095503,-0.23499513,0.053449243,0.21685003,0.1661725,0.22883502,-0.3493725,0.63111055,0.4228325,0.2770295,-0.1633845,0.08417,0.47206575,0.012907252,-0.16787274,-0.10351501,0.08818725,-0.22246501,-0.3074995,0.4684,0.22615775,-0.08084525,0.05881749,0.0392325,-0.567085,0.44581327,-0.131975,-0.30931526,0.43057,0.31108502,-0.119094506,-0.4775125,-0.15229937,0.4793805,0.3457775,-0.58430827,0.06258625,-0.59758496,-0.15886751,-0.21915725,0.069199994,0.59373176,-0.1332025,-1.573575,0.32393402,0.39314753,0.58085996,0.28528473,-0.4545075,0.75642747,-0.60612,-0.071154,0.25921255,-0.21159573,0.2316825,0.09856224,-0.41921002,0.052582495,0.1136125,0.045083754,0.3591825,0.025952995,0.11015,0.37834248,-0.42785498,-0.004520001,-0.26911825,0.210785,0.04163,0.3266225,-0.51227355,0.005345002,-1.0887425,0.22213751,-0.4096075,-0.045489997,-0.18784125,-0.153565,-0.016530007,0.16136174,-0.16342,0.17492975,-0.34773502,-0.045252506,-0.47895253,-0.08012,0.392065,0.24808949"
30,628,628,New World: Aeternum,1063730,so only got to play this for seven hour and they are already shutting it down vaporware and no refund at this point,122,7.65,2026-02-25 05:36:06,"50,000,000 .. 100,000,000",['Amazon Game Studios'],['Amazon Game Studios'],"['Action', 'Adventure', 'Massively Multiplayer', 'RPG']",['windows'],"['Multi-player', 'MMO', 'PvP', 'Online PvP', 'Co-op', 'Online Co-op', 'Steam Achievements', 'In-App Purchases', 'Adjustable Text Size', 'Camera Comfort', 'Chat Speech-to-text', 'Chat Text-to-speech', 'Color Alternatives', 'Custom Volume Controls', 'Keyboard Only Option', 'Playable without Timed Input', 'Save Anytime', 'Stereo Sound', 'Subtitle Options', 'Surround Sound', 'Partial Controller Support']","Sep 28, 2021",,"-0.039673183,0.19439773,0.38007623,-0.2606135,-0.08790249,0.16322085,-0.07877957,0.39180446,-0.09556986,-0.03979644,0.24698977,0.07912553,0.10780378,0.048559133,0.15543473,-0.37504023,0.072077215,0.19160143,-0.3487359,0.29139945,0.39598727,0.08630922,0.27247313,0.10204479,0.3339724,-0.10844769,-0.18213515,-0.4051405,0.04283265,-0.2315881,-0.122117914,0.423765,-0.056185074,0.088321716,0.017237352,0.29552266,-0.05441659,0.11783491,-0.17487422,-0.11553158,-0.30571526,-0.21794431,0.08202003,-0.30642036,-0.031958263,0.0070287916,0.23547675,-0.39997026,-0.014971608,-0.76899165,0.0033481717,-0.17298959,0.059019305,1.1240345,-0.2990547,-2.302693,-0.04085774,-0.23231468,1.5721083,0.66613,-0.2591579,0.6467711,-0.30780703,0.1711394,0.58995515,-0.08419669,0.44004112,0.33574635,0.1655213,-0.1741877,-0.15507305,-0.35692158,0.006102435,-0.34885103,0.10650586,0.077607945,-0.22084056,-0.02836142,-0.7723705,-0.0013027418,0.5544687,-0.023500038,-0.5620461,0.16354011,-1.4034334,-0.14483266,0.20830762,-0.045770515,-0.16333085,-0.20705387,-0.22032835,-0.09338554,-0.23910055,-0.024075974,-0.61784494,-0.040608693,-0.12338512,-0.17045844,0.531117,0.2603354"
31,944,944,Left 4 Dead 2,550,good,7,4.2,2026-03-01 08:22:08,"50,000,000 .. 100,000,000",['Valve'],['Valve'],['Action'],"['windows', 'linux']","['Single-player', 'Multi-player', 'PvP', 'Online PvP', 'Co-op', 'Online Co-op', 'Steam Achievements', 'Full controller support', 'Steam Trading Cards', 'Captions available', 'Steam Workshop', 'Camera Comfort', 'Color Alternatives', 'Custom Volume Controls', 'Adjustable Difficulty', 'Playable without Timed Input', 'Stereo Sound', 'Surround Sound', 'Steam Cloud', 'Valve Anti-Cheat enabled', 'Stats', 'Includes Source SDK', 'Commentary available', 'Remote Play on Phone', 'Remote Play on Tablet', 'Remote Play on TV', 'Remote Play Together', 'Family Sharing', 'Steam Timeline']","Nov 16, 2009",999.0,"-0.030769,0.11993,0.53909,-0.43696,-0.73937,-0.15345,0.081126,-0.38559,-0.68797,-0.41632,-0.13183,-0.24922,0.441,0.085919,0.20871,-0.063582,0.062228,-0.051234,-0.13398,1.1418,0.036526,0.49029,-0.24567,-0.412,0.12349,0.41336,-0.48397,-0.54243,-0.27787,-0.26015,-0.38485,0.78656,0.1023,-0.20712,0.40751,0.32026,-0.51052,0.48362,-0.0099498,-0.38685,0.034975,-0.167,0.4237,-0.54164,-0.30323,-0.36983,0.082836,-0.52538,-0.064531,-1.398,-0.14873,-0.35327,-0.1118,1.0912,0.095864,-2.8129,0.45238,0.46213,1.6012,-0.20837,-0.27377,0.71197,-1.0754,-0.046974,0.67479,-0.065839,0.75824,0.39405,0.15507,-0.64719,0.32796,-0.031748,0.52899,-0.43886,0.67405,0.42136,-0.11981,-0.21777,-0.29756,-0.1351,0.59898,0.46529,-0.58258,-0.02323,-1.5442,0.01901,-0.015877,0.024499,-0.58017,-0.67659,-0.040379,-0.44043,0.083292,0.20035,-0.75499,0.16918,-0.26573,-0.52878,0.17584,1.065"
32,572,572,Call of Duty: Modern Warfare II,1938090,this is the absolute worst cod ever made i m never buying another call of duty ever again bo actually wasn t bad but bo wa horrendous whoever the made this game should be disemboweled and and strangled with their entrails,234,153.36666666666667,2026-02-27 19:35:57,"50,000,000 .. 100,000,000","['Treyarch', 'Raven Software', 'Beenox', 'High Moon Studios', 'Sledgehammer Games', 'Infinity Ward', 'Activision Shanghai', 'Demonware']",['Activision'],['Action'],['windows'],"['Single-player', 'Multi-player', 'PvP', 'Online PvP', 'Co-op', 'Online Co-op', 'Cross-Platform Multiplayer', 'Steam Achievements', 'Captions available', 'In-App Purchases', 'Adjustable Text Size', 'Camera Comfort', 'Color Alternatives', 'Custom Volume Controls', 'Playable without Timed Input', 'Stereo Sound', 'Subtitle Options', 'Surround Sound', 'Partial Controller Support', 'HDR available']","Oct 27, 2022",,"-0.10849704,0.13785137,0.426127,-0.29000983,-0.1713219,0.11313557,-0.048760373,0.18559477,-0.08269429,-0.019073434,0.12740049,0.13982144,0.26020372,0.09280757,0.10154098,-0.14467078,0.1025509,0.13642749,-0.36278474,0.19343638,0.27086443,0.022652436,0.14611146,0.02840126,0.19902639,0.044256974,-0.17353512,-0.3419808,0.11503033,-0.21029142,0.043432996,0.43606308,0.020060835,0.072520524,0.02719237,0.10556725,-0.0916777,0.23402524,-0.067292124,-0.16870375,-0.24617058,-0.11124766,0.2612516,-0.26117095,-0.061623927,0.053789314,0.2433847,-0.25041544,0.0068251435,-0.6907846,-0.040901974,-0.03871425,0.12216935,0.83474845,-0.26506352,-1.8771962,-0.069511324,-0.010326299,1.1337136,0.41545278,-0.18206736,0.4994627,-0.3883757,0.06700541,0.6034416,-0.0038933903,0.44328904,0.21805936,0.093597725,-0.14920624,0.0023758076,-0.23877539,-0.052248828,-0.1723981,0.12619327,0.13145274,-0.23682848,-0.0015395654,-0.6437148,0.06663851,0.45615497,0.01682745,-0.41647482,0.10365699,-1.1034901,-0.22874877,-0.027740125,-0.25427622,-0.10577845,-0.2684089,-0.07697318,-0.112058,-0.12727278,0.15923858,-0.31917468,-0.0966011,-0.24522735,-0.2484647,0.36162752,0.11477975"
33,907,907,Left 4 Dead 2,550,i mean it s left dead,27,41.16666666666666,2026-03-01 22:12:01,"50,000,000 .. 100,000,000",['Valve'],['Valve'],['Action'],"['windows', 'linux']","['Single-player', 'Multi-player', 'PvP', 'Online PvP', 'Co-op', 'Online Co-op', 'Steam Achievements', 'Full controller support', 'Steam Trading Cards', 'Captions available', 'Steam Workshop', 'Camera Comfort', 'Color Alternatives', 'Custom Volume Controls', 'Adjustable Difficulty', 'Playable without Timed Input', 'Stereo Sound', 'Surround Sound', 'Steam Cloud', 'Valve Anti-Cheat enabled', 'Stats', 'Includes Source SDK', 'Commentary available', 'Remote Play on Phone', 'Remote Play on Tablet', 'Remote Play on TV', 'Remote Play Together', 'Family Sharing', 'Steam Timeline']","Nov 16, 2009",999.0,"-0.11823817,0.41999152,0.62769,-0.33075166,-0.4589367,0.32242668,-0.0443835,0.1955695,0.04437484,0.09353734,0.40018368,0.4107395,0.42,0.12166267,0.047768336,-0.2646865,-0.12822759,-0.019206667,-0.3308015,0.5212067,0.566747,0.22139484,0.124915004,0.027869001,0.31427982,0.3136947,-0.24341567,-0.37535033,0.47181168,-0.24390168,0.16880667,0.636445,0.089406334,0.132876,-0.07803166,0.0853465,0.088093065,0.18268733,0.07821833,-0.10279115,-0.31930634,-0.15973888,0.33714,-0.40960836,-0.15286468,-0.0678113,-0.007715831,-0.052046668,-0.12649167,-0.6570962,0.17133199,-0.17891999,0.23998551,0.9735167,-0.44414333,-2.39415,-0.12373818,-0.013103341,1.4357833,0.67177916,-0.025923328,0.815425,-0.4540985,-0.06619995,0.77471167,0.25123098,0.35332015,0.2604597,-0.12466267,-0.07581168,-0.01962983,-0.18522,-0.04269668,-0.25175783,0.41727003,-0.026950845,0.014927164,0.076324165,-0.70791173,-0.038431503,0.40617335,-0.052324314,-0.620014,-0.109868325,-1.168615,-0.3351933,-0.013179832,-0.40763,-0.15554,-0.17352836,-0.035255164,-0.0743818,0.11930949,0.19342701,-0.6025493,0.0321515,-0.09700867,-0.1621085,0.21316217,0.10731333"
34,1080,1080,Unturned,304930,ok,3,44.15,2023-03-19 12:51:17,"50,000,000 .. 100,000,000",['Smartly Dressed Games'],['Smartly Dressed Games'],"['Action', 'Adventure', 'Casual', 'Indie', 'Free To Play']","['windows', 'mac', 'linux']","['Single-player', 'Multi-player', 'PvP', 'Online PvP', 'LAN PvP', 'Co-op', 'Online Co-op', 'LAN Co-op', 'Steam Achievements', 'Steam Trading Cards', 'Steam Workshop', 'In-App Purchases', 'Camera Comfort', 'Custom Volume Controls', 'Adjustable Difficulty', 'Playable without Timed Input', 'Stereo Sound', 'Steam Cloud', 'Valve Anti-Cheat enabled', 'Stats', 'Includes level editor', 'Remote Play on Tablet']","Jul 7, 2017",,"0.21295,0.03707,1.0124,-0.67493,-0.88175,0.18373,0.0004378,0.60014,0.4172,-0.19167,0.7171,0.36191,0.11145,0.14043,-0.22185,-0.27983,-0.50095,0.30039,-0.32264,0.22795,0.33832,0.93526,-0.62456,-0.30561,-0.53559,0.75834,-0.38558,-0.55745,0.09416,-0.20772,-0.55032,0.78057,0.50519,0.0070371,0.39801,0.14073,0.073522,0.012188,0.41071,-0.77171,0.22932,0.36581,-0.51284,-0.78185,-0.7812,-0.34036,-0.019167,0.031401,-0.24249,-1.2048,-0.39647,-0.12308,0.20971,-0.049102,-0.55112,-1.1077,0.25262,0.45174,0.92798,0.011731,-0.078905,0.73941,-0.81196,-0.26955,0.2769,0.27116,0.98054,0.76292,-0.88089,0.057249,0.35555,0.051699,0.1286,-0.35501,0.38306,0.57801,-0.19022,0.10603,0.1416,-0.50563,0.13599,-0.7722,-0.080773,-0.10218,-1.1811,0.0093019,0.11515,-0.10057,-0.22685,0.017916,0.18127,-0.040203,-0.031254,-0.011978,-0.093409,0.025642,0.027521,-0.26216,-0.069477,-0.070536"
35,450,450,Team Fortress 2,440,most fun game i have ever played if youre looking for a not serious fps where you can have fun look here,108,295.01666666666665,2026-02-22 18:32:58,"50,000,000 .. 100,000,000",['Valve'],['Valve'],"['Action', 'Free To Play']","['windows', 'linux']","['Multi-player', 'Cross-Platform Multiplayer', 'Steam Achievements', 'Steam Trading Cards', 'Captions available', 'Steam Workshop', 'In-App Purchases', 'Camera Comfort', 'Color Alternatives', 'Custom Volume Controls', 'Stereo Sound', 'Surround Sound', 'Partial Controller Support', 'Valve Anti-Cheat enabled', 'Stats', 'Includes level editor', 'Commentary available', 'Remote Play on Phone', 'Remote Play on Tablet']","Oct 10, 2007",,"-0.16730414,0.3640509,0.42084762,-0.38375455,-0.2699664,0.28613874,-0.044774555,0.20730487,-0.05176686,-0.13354658,0.09428073,-0.050858784,0.2896148,-0.052435864,0.10512815,-0.093404286,0.10542192,0.31713936,-0.4498479,0.41269892,0.25669053,0.18434249,0.050544914,-0.2424373,0.23177885,0.013453865,-0.16744046,-0.46247235,0.041139677,-0.16822205,-0.21451451,0.52997017,-0.046641096,0.021975646,0.3730444,0.21423036,-0.25595918,0.2578521,0.0072311866,-0.2843565,-0.26023537,-0.07115078,0.1482618,-0.43456575,-0.12870623,0.029194862,0.2906791,-0.37809047,0.09214514,-0.8532369,0.06328093,-0.27444044,0.113119334,0.9238985,-0.11252041,-2.221774,0.06766342,0.020250637,1.2864114,0.5687753,-0.34333202,0.8960716,-0.5314808,0.02014067,0.7787831,0.1402105,0.6110886,0.27626342,-0.044858593,-0.18872242,0.10832028,-0.42672205,0.0024245938,-0.24975286,0.05647981,0.078364365,-0.07122186,-0.07577575,-0.57530326,-0.013837453,0.47457772,-0.14028674,-0.51114625,0.04253384,-1.4625033,-0.19703911,-0.026673315,-0.11679409,-0.332599,-0.4003977,-0.112852685,-0.04236021,-0.023000779,-0.098175235,-0.37679663,-0.036469772,-0.30070308,-0.20099159,0.48990458,0.33244246"
36,1609,1609,ELDEN RING,1245620,margit the perfect teacher,28,6.883333333333334,2026-03-01 23:07:44,"20,000,000 .. 50,000,000","['FromSoftware, Inc.']","['FromSoftware, Inc.', 'Bandai Namco Entertainment']","['Action', 'RPG']",['windows'],"['Single-player', 'Multi-player', 'PvP', 'Online PvP', 'Co-op', 'Online Co-op', 'Steam Achievements', 'Full controller support', 'Steam Trading Cards', 'Camera Comfort', 'Custom Volume Controls', 'Playable without Timed Input', 'Save Anytime', 'Stereo Sound', 'Surround Sound', 'Steam Cloud', 'Family Sharing']","Feb 24, 2022",5999.0,"0.006781511,0.008295,0.11439502,-0.039944995,-0.03207275,0.25663,0.15653177,0.220157,-0.39919752,0.25334975,-0.068173,-0.082457505,-0.0010049939,0.113599494,0.1044025,5.249679e-05,0.1927575,0.055342503,-0.40348396,0.47789752,-0.48444676,0.082886755,0.3467975,0.13493524,0.3800775,-0.16662751,-0.29813874,-0.61051923,-0.19058101,-0.13482751,-0.576633,0.2747025,0.40026,0.09914501,-0.20157,-0.046421498,-0.2083175,0.1678175,0.3444075,-0.234269,-0.444,0.059122756,0.1940575,0.050485007,0.14434175,-0.012780754,0.2293075,-0.19454876,-0.09890335,-0.1898125,-0.29357076,-0.20364751,0.1362475,0.81674993,-0.22481751,-1.5673275,0.09772238,0.11918251,0.6687075,0.22659674,0.116815016,0.34390375,-0.2142315,-0.035399247,0.3838975,-0.2236975,0.23270875,0.22672501,0.1184645,-0.08543748,-0.16370949,0.12356,0.087472,-0.13076425,0.23883453,0.24479,-0.242845,-0.2586525,-0.2308763,-0.365533,-0.036954258,0.23618975,-0.28035498,-0.22503752,-1.02711,-0.073281,0.080862254,-0.16623199,-0.002078752,-0.2501275,0.11728625,0.35241824,0.21153,0.3452202,-0.14883001,-0.1541075,-0.288754,-0.258225,0.100600496,0.08958375"
37,1290,1290,War Thunder,236390,i hate using aim p s,29,986.3333333333334,2024-01-14 01:11:05,"20,000,000 .. 50,000,000",['Gaijin Entertainment'],['Gaijin Network Ltd'],"['Action', 'Massively Multiplayer', 'Simulation', 'Free To Play']","['windows', 'mac', 'linux']","['Single-player', 'Multi-player', 'MMO', 'PvP', 'Online PvP', 'Co-op', 'Online Co-op', 'Cross-Platform Multiplayer', 'Steam Achievements', 'Full controller support', 'VR Supported', 'Steam Trading Cards', 'In-App Purchases', 'Adjustable Text Size', 'Camera Comfort', 'Color Alternatives', 'Custom Volume Controls', 'Playable without Timed Input', 'Stereo Sound', 'Surround Sound', 'Remote Play on Phone', 'Remote Play on Tablet']","Aug 15, 2013",,"-0.12527317,0.42914668,0.14352708,-0.037766665,-0.2889117,0.18294664,-0.11005583,-0.012878331,-0.16656783,0.260565,0.33966598,-0.068921,-0.092441835,0.110008396,0.008050005,-0.20653547,-0.032220166,0.11665665,-0.45184502,0.37440968,0.29258156,0.027261177,-0.03103534,0.10781934,-0.09120533,0.34355834,0.12286267,-0.18254282,0.09020748,-0.19496834,0.24378999,0.85385174,-0.037503827,0.0721905,0.28224668,-0.0059386715,0.33060834,-0.0009364982,0.2672417,0.04375233,-0.28095368,-0.17683534,0.055285674,-0.2781947,-0.45139816,-0.03617017,-0.15361834,-0.08159168,0.013580005,-0.9177733,0.094997495,0.24294353,0.10585,0.7877615,-0.3758917,-1.8533034,0.2309237,0.3512833,1.2937168,0.0822875,-0.17318332,0.21771663,-0.5589877,-0.26887664,0.749515,0.38400117,0.35178515,0.28909335,0.188753,0.05669534,-0.19994651,-0.12817566,-0.0568725,-0.23120749,-0.008559148,-0.07881183,0.12722518,-0.036978167,-0.623955,-0.20571284,0.37991166,-0.27784932,-0.584675,-0.14430815,-0.88145167,-0.05377567,-0.07969085,-0.37071785,-0.022738824,-0.033463504,-0.39457682,0.18515168,0.13361001,0.09143668,-0.077669345,-0.27396,-0.12485983,-0.41520166,0.32269466,0.2514135"
38,1078,1078,Unturned,304930,,1,21.58333333333333,2023-04-05 22:35:56,"50,000,000 .. 100,000,000",['Smartly Dressed Games'],['Smartly Dressed Games'],"['Action', 'Adventure', 'Casual', 'Indie', 'Free To Play']","['windows', 'mac', 'linux']","['Single-player', 'Multi-player', 'PvP', 'Online PvP', 'LAN PvP', 'Co-op', 'Online Co-op', 'LAN Co-op', 'Steam Achievements', 'Steam Trading Cards', 'Steam Workshop', 'In-App Purchases', 'Camera Comfort', 'Custom Volume Controls', 'Adjustable Difficulty', 'Playable without Timed Input', 'Stereo Sound', 'Steam Cloud', 'Valve Anti-Cheat enabled', 'Stats', 'Includes level editor', 'Remote Play on Tablet']","Jul 7, 2017",,"-0.040383,-0.2132,0.055937,-0.070654,0.4657,0.14988,0.35069,0.38861,1.0382,0.31142,0.43467,1.0776,0.20412,0.11486,-0.15259,-1.2375,0.63977,-0.40243,-0.32668,-0.16361,0.4715,0.097336,-0.3228,0.82284,-0.05374,0.72566,0.077025,0.19049,-1.011,0.063992,-0.42976,0.492,0.3961,-0.22394,-0.32937,-0.68569,-0.038767,1.2796,-0.51853,-0.14503,-0.46248,-0.021891,-0.57194,0.066688,0.36953,0.7507,-0.94705,-0.29925,0.41504,-0.50964,-0.61258,0.20794,0.51331,0.20323,-0.25576,-0.016653,0.36026,0.29747,-0.25774,-0.0073715,-0.6191,-0.16447,-0.28221,0.16458,-0.13794,-0.36302,0.32537,1.4793,0.16161,0.018392,-0.29274,0.56243,0.3591,-0.26062,0.24564,-0.39409,-0.61024,-0.23352,-0.40417,-0.46959,0.45789,-0.074916,0.12149,-0.79923,0.27619,0.19909,-1.3364,0.47668,0.9909,-0.057745,0.91582,0.46617,0.10032,0.25265,-0.36012,-0.42818,-0.3804,-1.3927,-0.015867,0.11311"
39,254,254,PUBG: BATTLEGROUNDS,578080,w,1,126.35,2026-02-22 02:48:51,"100,000,000 .. 200,000,000",['PUBG Corporation'],"['KRAFTON, Inc.']","['Action', 'Adventure', 'Massively Multiplayer', 'Free To Play']",['windows'],"['Multi-player', 'PvP', 'Online PvP', 'Stats', 'Remote Play on Phone', 'Remote Play on Tablet']","Dec 21, 2017",,"-0.8991,0.632,0.0015818,-0.12978,-0.29422,0.27568,0.23935,0.18141,-1.2951,-0.25609,1.5073,-0.76287,-0.59999,0.40174,-0.31353,0.84192,-0.047508,-0.52586,-0.36264,-0.42486,0.35636,0.8106,0.30878,0.57915,0.31254,0.52701,0.49306,0.27421,-0.15894,-0.33038,0.86111,1.0762,0.033514,0.36111,0.072893,0.03246,0.43761,-0.0062532,-0.33124,1.0593,0.55016,-0.76227,-0.55966,-0.29081,-0.482,-0.025574,-0.58331,0.023467,0.45108,-0.17265,-0.37323,0.25238,0.53656,-0.35261,0.25776,-1.127,0.1006,0.33088,0.74664,-0.17155,-1.0102,-0.13442,-1.0936,-0.56731,0.77836,0.57811,0.65859,0.41908,0.19198,0.76415,-0.66142,0.26226,-0.15064,-0.45896,1.6474,-0.54499,0.56666,-0.012389,-0.23624,-0.25318,-0.30427,-1.5978,0.1341,-0.24141,0.076432,0.17362,-0.1456,-1.0176,0.50935,0.27955,-0.75092,0.37788,1.0958,0.34174,-0.08963,-0.14929,0.52427,-1.0175,0.48082,-0.17651"
40,124,124,Apex Legends,1172470,best gunfeel across any fps i have touched,43,1583.1,2025-06-29 21:01:44,"100,000,000 .. 200,000,000",['Respawn'],['Electronic Arts'],"['Action', 'Adventure', 'Free To Play']",['windows'],"['Multi-player', 'PvP', 'Online PvP', 'Co-op', 'Online Co-op', 'Steam Achievements', 'Full controller support', 'Steam Trading Cards', 'In-App Purchases', 'Chat Speech-to-text', 'Playable without Timed Input']","Nov 4, 2020",,"0.06116871,0.25117427,0.31808186,-0.14191428,-0.1670257,0.17869355,-0.1508927,-0.0011885741,-0.08578385,0.035988003,0.195575,0.0029598495,0.27290255,-0.12149586,0.11169,-0.115899205,-0.14986041,0.186506,-0.6659445,0.23990598,0.38527504,0.32995954,0.22698426,-0.17839245,0.3709242,-0.104631975,-0.022420142,-0.19477,0.090065286,-0.124239154,0.16589357,0.47997284,0.11679714,0.34391943,0.31037715,0.18203272,-0.14450757,0.26256457,-0.005480713,-0.07078015,-0.35566714,-0.14737856,0.031864576,-0.3307124,-0.06142314,0.040594004,0.13409773,-0.3577457,0.07108285,-0.82561433,0.10364713,-0.03225128,0.08433757,0.9798915,-0.14739557,-1.8628501,0.17992517,0.07604142,1.3039358,0.593347,-0.1313387,1.0269709,-0.4253643,0.12989749,0.60199136,-0.02033185,0.37508646,0.09889001,0.108057,-0.15034874,0.20611286,-0.24539003,0.13479972,-0.101757154,0.20101714,0.060495716,-0.06911043,-0.07500774,-0.51046616,-0.041232854,0.4169407,-0.035755713,-0.3597024,0.0011731429,-1.3932772,-0.100582,0.0125785675,-0.09715928,-0.050487567,-0.32862356,-0.20222142,0.00015099559,-0.204072,-0.081672855,-0.4847657,0.10401,-0.19010387,-0.06341714,0.40020683,0.38727713"
41,1927,1927,Wallpaper Engine,431960,goated,6,394.7166666666666,2026-03-01 20:43:06,"20,000,000 .. 50,000,000",['Wallpaper Engine Team'],['Wallpaper Engine Team'],"['Casual', 'Indie', 'Animation & Modeling', 'Design & Illustration', 'Photo Editing', 'Utilities']",['windows'],"['Steam Achievements', 'Steam Trading Cards', 'Steam Workshop', 'Steam Workshop', 'Includes level editor']","Nov 16, 2018",499.0,"0.0,0.0,0.0,0.0,0.0,0.0,0.0,0.0,0.0,0.0,0.0,0.0,0.0,0.0,0.0,0.0,0.0,0.0,0.0,0.0,0.0,0.0,0.0,0.0,0.0,0.0,0.0,0.0,0.0,0.0,0.0,0.0,0.0,0.0,0.0,0.0,0.0,0.0,0.0,0.0,0.0,0.0,0.0,0.0,0.0,0.0,0.0,0.0,0.0,0.0,0.0,0.0,0.0,0.0,0.0,0.0,0.0,0.0,0.0,0.0,0.0,0.0,0.0,0.0,0.0,0.0,0.0,0.0,0.0,0.0,0.0,0.0,0.0,0.0,0.0,0.0,0.0,0.0,0.0,0.0,0.0,0.0,0.0,0.0,0.0,0.0,0.0,0.0,0.0,0.0,0.0,0.0,0.0,0.0,0.0,0.0,0.0,0.0,0.0,0.0"
42,251,251,PUBG: BATTLEGROUNDS,578080,nice game,9,107.5,2026-02-22 11:19:42,"100,000,000 .. 200,000,000",['PUBG Corporation'],"['KRAFTON, Inc.']","['Action', 'Adventure', 'Massively Multiplayer', 'Free To Play']",['windows'],"['Multi-player', 'PvP', 'Online PvP', 'Stats', 'Remote Play on Phone', 'Remote Play on Tablet']","Dec 21, 2017",,"-0.0614405,0.0365775,0.735335,-0.53618497,-0.41494998,0.748925,0.77461,0.21294999,-0.448315,-0.33964002,0.081098,-0.493775,-0.370435,-0.272755,0.26752,0.60518,-0.06311501,0.38715,-0.21276501,0.72943,0.199845,0.280774,-0.157829,-0.11348501,0.83973503,-0.241555,-0.484015,-0.112320006,-0.122365,-0.3409,-0.805435,0.53622,0.21709001,-0.2283555,0.51517,0.194545,-0.734105,0.47842,-0.328055,-0.56252,0.72415,-0.431,0.275745,-0.62108505,-0.42071,0.146866,0.150356,-0.25593498,0.39636,-0.86188,0.042954996,-0.1268645,-0.172803,0.53761,-0.131085,-2.7251,0.044204995,0.2405,0.93559,0.45931497,-0.71565,0.476025,-1.18981,-0.096106,0.48645502,0.039632,0.12841025,0.1078595,-0.58423495,0.011500001,-0.04648,-0.0580375,0.289595,-0.29438397,0.16848001,0.4446,-0.167695,-0.14741,0.16334,0.48269,0.1192035,0.031835,-0.762465,0.052284997,-1.43325,0.008742999,-0.17553501,0.05263,-0.28224248,-0.187345,-0.127265,-0.051084995,-0.0031100065,0.012869999,-0.408975,-0.03337501,-0.579725,0.2783665,0.386805,0.14806901"
43,585,585,Call of Duty: Modern Warfare II,1938090,it bad on steam only i ve been facing an issue nor steam or activision helped me,81,73.95,2026-02-27 03:35:56,"50,000,000 .. 100,000,000","['Treyarch', 'Raven Software', 'Beenox', 'High Moon Studios', 'Sledgehammer Games', 'Infinity Ward', 'Activision Shanghai', 'Demonware']",['Activision'],['Action'],['windows'],"['Single-player', 'Multi-player', 'PvP', 'Online PvP', 'Co-op', 'Online Co-op', 'Cross-Platform Multiplayer', 'Steam Achievements', 'Captions available', 'In-App Purchases', 'Adjustable Text Size', 'Camera Comfort', 'Color Alternatives', 'Custom Volume Controls', 'Playable without Timed Input', 'Stereo Sound', 'Subtitle Options', 'Surround Sound', 'Partial Controller Support', 'HDR available']","Oct 27, 2022",,"-0.13387033,0.19410308,0.33996913,-0.23823792,-0.07553722,0.05493447,0.12506837,0.03427011,0.096987754,-0.17005543,0.22439319,0.05355058,0.11575313,0.04864429,0.051536627,-0.3579247,0.040965885,0.13160416,-0.31131285,0.1479665,0.35330132,-0.014413593,-0.020573946,-0.032773767,0.26258248,-0.0032432955,-0.26881027,-0.2468406,0.027442532,-0.04996218,-0.09206088,0.46285057,-0.13508368,0.17040108,-0.14124647,0.37954497,-0.06398734,0.072636,0.089476995,-0.18554322,-0.45002624,-0.18510047,0.10753359,-0.40038,-0.051185597,-0.0040022805,0.30206487,-0.3179295,0.0660961,-0.77205414,-0.045379937,0.060980234,0.13383876,0.8963082,-0.27035347,-2.0765395,0.060881473,-0.061985884,1.3167317,0.40468615,-0.047963157,0.5970875,-0.4593838,0.17900695,0.7031641,0.026109524,0.3830461,0.145622,0.05063776,-0.13686259,-0.09060312,-0.21399273,0.017147763,-0.25516543,0.074927524,0.15450549,0.013904354,-0.0062791775,-0.75597703,-0.04208854,0.51511717,-0.18877637,-0.46131584,0.27910638,-1.04615,-0.15396705,0.032229178,-0.12912658,-0.17361963,-0.2957927,-0.1876861,-0.17654589,-0.09325859,0.09369229,-0.27268165,-0.089751944,-0.15651987,-0.30481294,0.4767671,0.09908412"
44,1568,1568,Warframe,230410,fast paced chaos,16,9.033333333333331,2022-10-11 21:08:18,"20,000,000 .. 50,000,000",['Digital Extremes'],['Digital Extremes'],"['Action', 'RPG', 'Free To Play']",['windows'],"['Single-player', 'Multi-player', 'Co-op', 'Online Co-op', 'Cross-Platform Multiplayer', 'Steam Achievements', 'Full controller support', 'Steam Trading Cards', 'Steam Workshop', 'In-App Purchases', 'Camera Comfort', 'Color Alternatives', 'Custom Volume Controls', 'Playable without Timed Input', 'Stereo Sound', 'Surround Sound', 'Remote Play on Phone', 'Remote Play on Tablet', 'Remote Play on TV', 'HDR available']","Mar 25, 2013",,"-0.26737332,0.008453667,0.06680567,0.08959933,-0.180696,0.36242667,-0.27475667,-0.209126,-0.28966334,-0.055354,0.0037733216,0.077006675,-0.38985336,-0.54141,0.17972334,0.05488601,-0.5800367,0.24786568,-0.028303334,-0.08361,0.7552133,0.25988004,0.3556033,-0.42118,0.41403332,0.43340054,-0.42283666,0.14567332,-0.23036999,0.10992333,-0.49725866,-0.138484,-0.42266333,-0.44477332,0.2246,-0.21651368,0.346558,-0.091950335,-0.012125333,-0.028221333,-0.31926668,-0.026556663,-0.10700134,-0.2983913,0.097153336,0.22932565,0.261374,-0.0070656636,0.81755334,-0.72502,-0.14186333,0.22069333,0.06724369,0.70512336,0.38275003,-1.4946934,-0.29578665,0.71729666,1.04442,0.427272,-0.39488003,0.0592,-0.048714202,-0.3640667,0.24946667,0.41070667,0.158259,-0.31120932,0.36897835,0.049333338,0.033001322,-0.18944101,-0.259217,-0.29241002,0.288709,-0.07776633,-0.29871333,-0.10705667,0.11178998,-0.10232667,0.58579665,0.18863635,-0.5994033,0.56667,-0.80595326,-0.07788999,-0.016485333,-0.57921,-0.4838933,-0.3986633,0.33658668,0.34734997,-0.37543333,-0.11436668,-0.12765667,-0.28363368,0.47855997,-0.097486675,0.13627666,0.35846332"
45,824,824,Grand Theft Auto V Legacy,271590,one of the best game oat could play for an eternity gta probably wont be a generational a this but hey will always be my fav game to ever first experience,163,11.0,2026-03-01 18:22:08,"50,000,000 .. 100,000,000",['Rockstar North'],['Rockstar Games'],"['Action', 'Adventure']",['windows'],"['Single-player', 'Multi-player', 'PvP', 'Online PvP', 'Co-op', 'Online Co-op', 'Steam Achievements', 'Full controller support', 'Remote Play on Phone', 'Remote Play on Tablet', 'Remote Play on TV']","Apr 13, 2015",,"-0.07313951,0.20928644,0.5223075,-0.25996456,-0.08612783,0.2202028,0.11691519,0.19747077,-0.20408237,-0.0343394,0.010226408,0.04240635,0.19380118,-0.11517919,0.08277605,-0.17559338,0.2732783,0.23573655,-0.29410106,0.28725696,0.23156679,-0.04281558,0.056555137,0.0988471,0.3727627,-0.12403723,-0.095908836,-0.33820036,0.12799701,-0.1459836,-0.3022119,0.48432934,0.022852458,0.014606642,0.13959701,0.24191724,-0.171676,0.38384697,-0.022460701,-0.24228823,-0.16601756,-0.008972479,0.17040063,-0.35254514,-0.07935587,0.07593287,0.30649626,-0.36947113,-0.042019762,-0.7647383,-0.107632026,-0.1613612,0.15499702,0.88283587,-0.15983178,-2.1680162,0.014393543,-0.11572248,1.237874,0.5296613,-0.17088996,0.662024,-0.37054366,0.06479151,0.7106862,-0.022343455,0.38861316,0.25011435,-0.12051658,-0.28492773,0.04055942,-0.2935613,-0.004243799,-0.24509972,0.061230354,0.03819793,-0.16769381,-0.085183606,-0.700745,-0.024528317,0.3978985,0.0386147,-0.45245257,0.065860376,-1.2976205,-0.1713462,0.035595737,-0.17774123,-0.07158135,-0.3506203,-0.12132155,0.08566932,-0.15367946,0.042030226,-0.3161704,-0.17341612,-0.11877617,-0.279472,0.34913284,0.2836607"
46,507,507,Call of Duty: Modern Warfare II,1938090,god this game series is so,35,196.0833333333333,2026-03-01 20:12:18,"50,000,000 .. 100,000,000","['Treyarch', 'Raven Software', 'Beenox', 'High Moon Studios', 'Sledgehammer Games', 'Infinity Ward', 'Activision Shanghai', 'Demonware']",['Activision'],['Action'],['windows'],"['Single-player', 'Multi-player', 'PvP', 'Online PvP', 'Co-op', 'Online Co-op', 'Cross-Platform Multiplayer', 'Steam Achievements', 'Captions available', 'In-App Purchases', 'Adjustable Text Size', 'Camera Comfort', 'Color Alternatives', 'Custom Volume Controls', 'Playable without Timed Input', 'Stereo Sound', 'Subtitle Options', 'Surround Sound', 'Partial Controller Support', 'HDR available']","Oct 27, 2022",,"-0.26916516,0.3560005,0.666115,-0.47297168,-0.097514994,0.42128384,0.06397983,0.20809,-0.24516082,-0.310765,0.072279,-0.216514,0.21921802,-0.044121668,0.00618466,-0.18875183,0.100922324,0.5063649,-0.40972832,0.58769834,0.25946167,-0.30696705,-0.11639867,0.163755,0.7900683,0.09272117,-0.07249617,-0.23644666,-0.0680585,0.029105663,-0.27859065,0.58544165,-0.12626533,0.08409267,0.14680931,0.16979332,-0.2942253,0.13694085,-0.17580415,-0.34891498,-0.17945151,0.21336497,0.2568323,-0.266215,-0.11767751,-0.17303066,0.3906325,-0.3101898,0.032951664,-0.67765135,-0.11615068,-0.07562316,0.52971894,1.135425,-0.22169667,-2.8326666,0.054902,0.011720334,1.3519834,0.6708717,-0.30771,0.8118699,-0.2997463,-0.16574667,0.9081767,0.029584162,0.377906,0.1488465,0.030544167,-0.044338346,0.077914506,-0.23572417,0.01675667,-0.19005765,0.26775667,0.07851431,-0.20452233,-0.049303334,-0.87991506,0.18522365,0.22918667,0.10827433,-0.82075334,0.15192883,-1.4225501,0.051534664,-0.21933465,-0.49530163,0.04279517,-0.24423666,-0.248558,-0.00053599227,-0.24566334,0.23310183,-0.20199169,-0.27723482,-0.36032984,-0.392936,0.48906818,0.24134684"
47,889,889,Grand Theft Auto V Legacy,271590,very good dont play base game is boringgggggggggggggggggggggggggggggy unless online or lspdfr,99,21.25,2026-02-28 18:44:22,"50,000,000 .. 100,000,000",['Rockstar North'],['Rockstar Games'],"['Action', 'Adventure']",['windows'],"['Single-player', 'Multi-player', 'PvP', 'Online PvP', 'Co-op', 'Online Co-op', 'Steam Achievements', 'Full controller support', 'Remote Play on Phone', 'Remote Play on Tablet', 'Remote Play on TV']","Apr 13, 2015",,"-0.3066018,0.31861728,0.46089992,-0.3029428,-0.2836486,0.2893495,0.026232097,0.08074902,0.014344608,-0.15507948,0.10633379,-0.12922952,0.22770998,-0.1589055,0.082224,-0.034846704,0.1409228,0.30714744,-0.2636556,0.546737,0.13306738,0.159807,0.055030197,0.010423005,0.30569482,0.03318139,-0.085803084,-0.33249348,0.080357,-0.04449459,-0.33977032,0.7334239,-0.029221993,-0.14788559,0.457673,0.241995,-0.23587748,0.17828809,-0.18252149,-0.325673,0.023787508,-0.0728348,0.060590994,-0.2871586,-0.249632,-0.22178581,0.09373699,-0.30806157,-0.0060425997,-0.77975225,0.013721397,0.021149298,-0.0663522,0.73461306,-0.1545163,-2.241095,0.08381499,-0.2111911,1.4493059,0.503363,-0.3507211,0.585209,-0.5182026,-0.0970389,0.6130597,0.0377532,0.3889514,0.022322904,0.008918906,0.01687779,-0.0560566,-0.28462568,0.1594235,-0.3539238,0.2891619,-0.017472003,-0.0852774,-0.042640764,-0.441688,-0.03587079,0.418681,-0.033925496,-0.6634866,-0.002026102,-1.205592,-0.1323477,0.14976017,-0.06977309,-0.021448594,-0.24683471,-0.21768638,-0.022487894,-0.024763409,0.055124898,-0.3237861,0.079389304,-0.14428432,-0.29411185,0.499129,0.3531451"
48,70,70,Counter-Strike: Global Offensive,730,toooooooo good,14,27.5,2026-03-01 23:00:25,"100,000,000 .. 200,000,000",['Valve'],['Valve'],"['Action', 'Free To Play']","['windows', 'linux']","['Multi-player', 'Cross-Platform Multiplayer', 'Steam Trading Cards', 'Steam Workshop', 'In-App Purchases', 'Adjustable Text Size', 'Camera Comfort', 'Color Alternatives', 'Custom Volume Controls', 'Playable without Timed Input', 'Stereo Sound', 'Surround Sound', 'Valve Anti-Cheat enabled', 'Stats', 'Remote Play on Phone', 'Remote Play on Tablet', 'Remote Play on TV', 'Steam Timeline']","Aug 21, 2012",,"-0.030769,0.11993,0.53909,-0.43696,-0.73937,-0.15345,0.081126,-0.38559,-0.68797,-0.41632,-0.13183,-0.24922,0.441,0.085919,0.20871,-0.063582,0.062228,-0.051234,-0.13398,1.1418,0.036526,0.49029,-0.24567,-0.412,0.12349,0.41336,-0.48397,-0.54243,-0.27787,-0.26015,-0.38485,0.78656,0.1023,-0.20712,0.40751,0.32026,-0.51052,0.48362,-0.0099498,-0.38685,0.034975,-0.167,0.4237,-0.54164,-0.30323,-0.36983,0.082836,-0.52538,-0.064531,-1.398,-0.14873,-0.35327,-0.1118,1.0912,0.095864,-2.8129,0.45238,0.46213,1.6012,-0.20837,-0.27377,0.71197,-1.0754,-0.046974,0.67479,-0.065839,0.75824,0.39405,0.15507,-0.64719,0.32796,-0.031748,0.52899,-0.43886,0.67405,0.42136,-0.11981,-0.21777,-0.29756,-0.1351,0.59898,0.46529,-0.58258,-0.02323,-1.5442,0.01901,-0.015877,0.024499,-0.58017,-0.67659,-0.040379,-0.44043,0.083292,0.20035,-0.75499,0.16918,-0.26573,-0.52878,0.17584,1.065"
49,1608,1608,ELDEN RING,1245620,the best game about a ring ever made,37,111.53333333333332,2026-03-01 23:11:53,"20,000,000 .. 50,000,000","['FromSoftware, Inc.']","['FromSoftware, Inc.', 'Bandai Namco Entertainment']","['Action', 'RPG']",['windows'],"['Single-player', 'Multi-player', 'PvP', 'Online PvP', 'Co-op', 'Online Co-op', 'Steam Achievements', 'Full controller support', 'Steam Trading Cards', 'Camera Comfort', 'Custom Volume Controls', 'Playable without Timed Input', 'Save Anytime', 'Stereo Sound', 'Surround Sound', 'Steam Cloud', 'Family Sharing']","Feb 24, 2022",5999.0,"0.14854938,0.13862863,0.5290006,-0.2879215,0.042104125,0.2900376,0.13633126,0.106705874,-0.37364888,0.06815261,0.14992961,-0.09084639,0.10093488,-0.030742258,0.100797504,-0.04497338,0.38836747,0.1585775,-0.21350601,0.18176487,0.4065125,-0.07114725,0.02914901,-0.005133502,0.51199216,-0.09985888,-0.051368877,-0.27871752,0.0727165,-0.1002795,-0.29708904,0.4444237,0.24231662,0.03729775,0.20679125,0.1981245,-0.3744764,0.39531586,-0.09501498,-0.043776006,-0.1786,-0.1619485,0.3200415,-0.2990604,0.029833378,0.060936492,0.32204238,-0.48106003,0.039883,-0.7829383,-0.0492365,-0.0546245,0.26484752,1.0698562,-0.27717662,-2.7260125,-0.14419387,-0.0009352453,1.5238875,0.6812036,-0.26049438,0.89813495,-0.38691476,0.17140628,0.6802625,-0.19373998,0.4291519,0.42895612,0.009355878,-0.00013124943,-0.019992527,-0.11158438,-0.129958,0.008715376,0.09640512,0.073968254,-0.25948,-0.15540889,-0.77513164,0.2247855,0.6096125,0.14778987,-0.44959354,0.05296444,-1.3526301,-0.1591225,0.05907112,-0.2531339,-0.031590626,-0.36379987,-0.037536252,0.08654664,-0.249118,-0.032301374,-0.28248313,-0.169624,-0.48641375,-0.15099376,0.6479862,0.2522499"
50,1532,1532,Warframe,230410,yes it is a good game there is so much to do,45,237.4333333333333,2024-10-05 09:43:20,"20,000,000 .. 50,000,000",['Digital Extremes'],['Digital Extremes'],"['Action', 'RPG', 'Free To Play']",['windows'],"['Single-player', 'Multi-player', 'Co-op', 'Online Co-op', 'Cross-Platform Multiplayer', 'Steam Achievements', 'Full controller support', 'Steam Trading Cards', 'Steam Workshop', 'In-App Purchases', 'Camera Comfort', 'Color Alternatives', 'Custom Volume Controls', 'Playable without Timed Input', 'Stereo Sound', 'Surround Sound', 'Remote Play on Phone', 'Remote Play on Tablet', 'Remote Play on TV', 'HDR available']","Mar 25, 2013",,"-0.23827635,0.34589353,0.61134326,-0.43406782,-0.24787141,0.2599941,-0.052674834,0.19620617,0.014884842,-0.12494635,-0.012252587,-0.005718107,0.15502842,-0.08778334,0.15191934,-0.28226265,0.119285665,0.24740565,-0.30586958,0.5619763,0.2723255,0.15435617,0.08117033,-0.1105861,0.2666662,0.038535748,-0.20022877,-0.5473192,0.022209665,-0.2528285,-0.33550158,0.6804995,0.08540633,0.04809034,0.20400101,0.4031683,-0.07008346,0.22584994,0.0145510165,-0.29972017,-0.224079,-0.09099295,0.16636015,-0.5285225,-0.23320167,-0.12787056,0.46341372,-0.35884824,-0.18559675,-0.93418247,-0.0075800833,-0.260804,0.19896942,1.1398541,-0.2964476,-2.872567,0.03944325,-0.18467508,1.6382642,0.4747983,-0.17068124,0.7913067,-0.50256604,-0.028974479,0.8711708,0.06630083,0.6591533,0.37414393,0.04070284,-0.17953734,0.041951668,-0.33901274,0.061610993,-0.27402142,0.3461226,-0.03665625,-0.19127434,-0.049330603,-0.8583743,0.0720365,0.503945,-0.07495499,-0.69262916,0.067880176,-1.4515499,-0.14270426,0.20106816,-0.20052172,-0.16686499,-0.37104118,-0.07823492,-0.16672866,-0.22947319,0.04356359,-0.41059232,-0.08059083,-0.2512311,-0.46690667,0.4663199,0.41597235"
51,247,247,PUBG: BATTLEGROUNDS,578080,very cool game,17,1654.5833333333333,2026-02-22 21:25:11,"100,000,000 .. 200,000,000",['PUBG Corporation'],"['KRAFTON, Inc.']","['Action', 'Adventure', 'Massively Multiplayer', 'Free To Play']",['windows'],"['Multi-player', 'PvP', 'Online PvP', 'Stats', 'Remote Play on Phone', 'Remote Play on Tablet']","Dec 21, 2017",,"-0.50819033,0.00826767,0.56273335,-0.42010665,-0.47351667,0.380734,0.32097334,0.056005333,-0.44811666,-0.124086656,0.018605333,-0.46646667,-0.056137335,-0.44286335,0.031116664,0.010423332,-0.2715267,0.16749,-0.14416601,0.34104905,0.21579666,0.25449598,0.08293733,-0.18648998,0.42574167,0.25350332,-0.30086663,-0.25670332,-0.25764668,0.15988334,-0.47240666,0.66011333,-0.15590666,-0.079106994,0.33528337,0.31538332,-0.2879193,0.03170665,-0.18332,-0.61944,0.16657034,-0.44019637,0.087576665,-0.32327333,-0.102586664,-0.145466,0.35901332,-0.0019366542,0.49043,-0.9936967,0.071406,-0.288373,0.14398466,0.77199,-0.08403999,-2.7993667,0.23272668,0.090393,1.1217966,0.5352903,-0.361214,0.97318006,-0.87275,0.05586933,0.70856667,0.042196665,0.6172,0.03612967,0.0052933493,-0.17316002,0.14062667,-0.15969734,0.28010002,-0.084706,0.36555234,0.27814332,-0.36493668,-0.16459668,0.15086669,0.14202334,0.46278998,0.09873434,-0.9564433,0.24352,-1.1869234,-0.050342333,-0.1533644,0.067,-0.23523699,-0.2643133,-0.12085768,0.34280968,-0.187593,-0.017786667,-0.29823998,-0.15051734,-0.67144996,-0.14358667,0.17405666,0.22413266"
52,1450,1450,HELLDIVERS 2,553850,i love this game sadly it doesn t even work it shuts down my pc everytime i try just playing it or in the best of the case it just barely work what an undemocratic port btw this is the only game that shuts down my pc i even can play bodycam at fps,259,25.55,2026-03-01 21:05:18,"20,000,000 .. 50,000,000",['Arrowhead Game Studios'],['PlayStation Publishing LLC'],['Action'],['windows'],"['Multi-player', 'Co-op', 'Online Co-op', 'Steam Achievements', 'In-App Purchases', 'Adjustable Text Size', 'Camera Comfort', 'Chat Speech-to-text', 'Chat Text-to-speech', 'Color Alternatives', 'Custom Volume Controls', 'Adjustable Difficulty', 'Narrated Game Menus', 'Playable without Timed Input', 'Stereo Sound', 'Subtitle Options', 'Surround Sound', 'Partial Controller Support', 'Family Sharing']","Feb 8, 2024",3999.0,"-0.10482099,0.2061626,0.5789045,-0.26153976,-0.20309569,0.24055047,-0.09980228,0.15095861,0.032386117,-0.03222857,0.21783864,0.010880245,0.15651414,-0.087166585,0.07183961,-0.1003408,0.02669802,0.25328085,-0.26751676,0.31635624,0.26193988,0.068429805,0.24408211,-0.012450136,0.41195822,0.022617925,-0.23139,-0.46706328,0.12313892,-0.21903665,-0.14983748,0.61494493,0.06955465,0.051388074,-0.008820082,0.2847446,-0.1761004,0.15919599,0.0012260298,-0.26238784,-0.19609405,-0.147797,0.1261612,-0.3722504,-0.22041586,0.029710887,0.2380104,-0.31940562,0.040367488,-0.741785,0.026661912,-0.07183945,0.13956557,0.9245345,-0.40240774,-2.275756,-0.07264712,-0.08995668,1.4036795,0.52266395,-0.1481233,0.6829675,-0.37457177,0.09443048,0.57884014,0.026697556,0.4640787,0.20218705,-0.0038677026,-0.051062115,0.09119569,-0.2289875,0.04813128,-0.3005618,0.20892599,0.028770754,-0.13300774,-0.047738235,-0.6189883,0.039754506,0.38617948,-0.05034339,-0.5897819,0.14397319,-1.3280051,-0.09598125,0.060429037,-0.21117754,-0.13636309,-0.23604316,-0.08932152,-0.018856313,-0.049368996,0.14415954,-0.31510887,-0.0810321,-0.15962309,-0.22350486,0.4156138,0.32326037"
53,212,212,PUBG: BATTLEGROUNDS,578080,loot the loot the,17,762.75,2026-02-28 04:09:34,"100,000,000 .. 200,000,000",['PUBG Corporation'],"['KRAFTON, Inc.']","['Action', 'Adventure', 'Massively Multiplayer', 'Free To Play']",['windows'],"['Multi-player', 'PvP', 'Online PvP', 'Stats', 'Remote Play on Phone', 'Remote Play on Tablet']","Dec 21, 2017",,"-0.0063435007,0.03531,0.3615463,-0.49923998,0.090638995,0.5249765,-0.298785,0.08792,0.22062503,0.2737095,0.252245,0.60979503,0.02384001,0.069925,-0.270095,-0.012024999,0.418705,0.027280003,-0.47266,0.059265018,0.4918,-0.388785,0.134595,-0.0704495,0.06839,-0.355905,-0.121205,-0.19828999,0.024214998,-0.375945,0.00899,-0.12877,-0.41072,0.0699395,-0.250095,-0.2772385,0.16510999,0.20785,-0.013230003,-0.36705902,-0.17300999,-0.37008,-0.071035,-0.068493195,0.2277675,0.676885,0.120684996,-0.140643,-0.155173,-0.44779998,-0.217651,0.49792498,0.158353,0.695495,-0.353614,-1.4376601,-0.17468,-0.38660002,1.29013,0.224995,-0.145428,0.61876,-0.056703005,0.33729,0.743845,-0.0644655,0.2569375,-0.08955501,0.085568994,-0.23668,-0.200204,-0.54744,-0.1385345,-0.23916799,0.129845,0.279635,-0.46033,0.13810499,-0.85668,0.43930703,0.63092,0.6217,-0.36201,0.19282001,-0.689745,-0.183239,0.045486,-0.19964,0.060224995,-0.0840745,-0.020707,-0.14724949,0.38827997,0.32130998,-0.580145,-0.81224,-0.109105006,0.14631501,0.47947,0.39644"
54,909,909,Left 4 Dead 2,550,yuh,3,4.583333333333333,2026-03-01 21:07:51,"50,000,000 .. 100,000,000",['Valve'],['Valve'],['Action'],"['windows', 'linux']","['Single-player', 'Multi-player', 'PvP', 'Online PvP', 'Co-op', 'Online Co-op', 'Steam Achievements', 'Full controller support', 'Steam Trading Cards', 'Captions available', 'Steam Workshop', 'Camera Comfort', 'Color Alternatives', 'Custom Volume Controls', 'Adjustable Difficulty', 'Playable without Timed Input', 'Stereo Sound', 'Surround Sound', 'Steam Cloud', 'Valve Anti-Cheat enabled', 'Stats', 'Includes Source SDK', 'Commentary available', 'Remote Play on Phone', 'Remote Play on Tablet', 'Remote Play on TV', 'Remote Play Together', 'Family Sharing', 'Steam Timeline']","Nov 16, 2009",999.0,"-1.8317,-1.4003,0.018019,-1.3427,0.40551,0.0093243,0.1421,-1.353,0.53803,-1.801,-0.45456,-0.33258,-0.70718,0.12818,0.45358,0.51076,-0.7267,1.5232,0.73582,-1.4732,-0.59123,0.37355,0.40518,0.82506,0.59269,-0.78048,-0.53169,-0.42584,-0.7632,-0.57778,1.2219,0.31228,-0.25597,0.58674,-0.32662,-0.61693,-0.64014,0.7939,-0.66682,-0.45958,0.66411,-0.026093,-0.52583,0.41329,0.53432,0.21452,-0.46787,0.25011,0.71412,-1.584,-1.7845,-0.68635,-0.29995,0.11289,-1.1005,0.57204,1.0362,-0.12953,-0.046904,-1.4457,1.135,-0.085313,1.2644,-0.92414,-0.36333,1.3232,-0.12416,1.5782,-1.0558,-0.49856,0.32497,-0.29824,0.20715,-0.98555,-0.12454,-0.9488,1.0636,0.66645,-0.75756,-0.51622,0.98035,-0.18337,0.71916,-1.2541,-0.67275,-0.14071,-0.07738,0.017427,0.5906,1.181,-0.64865,-0.27256,0.75476,0.70973,0.56365,0.073208,1.8635,-1.256,-0.07843,-1.6825"
55,1741,1741,Terraria,105600,it really fun,14,7.35,2026-03-01 20:50:08,"20,000,000 .. 50,000,000",['Re-Logic'],['Re-Logic'],"['Action', 'Adventure', 'Indie', 'RPG']","['windows', 'mac', 'linux']","['Single-player', 'Multi-player', 'PvP', 'Online PvP', 'Co-op', 'Online Co-op', 'Steam Achievements', 'Full controller support', 'Steam Trading Cards', 'Steam Cloud', 'Remote Play on Phone', 'Remote Play on Tablet', 'Remote Play on TV', 'Family Sharing']","May 16, 2011",999.0,"-0.264913,0.29094434,0.62486,-0.58232665,-0.41262332,0.25706434,-0.036442336,0.3576367,0.27314332,-0.20637368,0.39822665,0.034277197,0.017337998,-0.2039417,0.11759666,-0.10326,-0.12842181,0.46683002,-0.26944336,0.84591657,0.44356,0.3984097,0.019260338,-0.7074073,0.24545668,0.45713267,-0.43420663,-0.456692,-0.034596,-0.37528002,-0.5642666,0.90925664,0.08347034,-0.06860226,0.24497335,0.12824,-0.2922939,0.051436666,-0.080747336,-0.6184933,-0.10506,0.047453165,0.03125,-0.47895336,-0.67603,-0.1197776,0.41545737,-0.20451432,0.17735668,-1.0465666,0.028588668,-0.32861665,0.15916234,0.81611663,-0.25910464,-2.6081998,0.14379667,0.33896336,1.3104833,0.28912666,-0.030874336,1.0848433,-0.57275337,-0.024753332,0.7654567,0.068459995,0.86569005,0.17335999,0.030916667,-0.35333332,0.40651,-0.51192665,0.079564,-0.077093266,0.13846336,0.2828,0.06045233,-0.10449633,-0.59684604,0.18977332,-0.08488766,-0.120373,-0.6543066,0.067363344,-1.5485333,-0.2023,-0.21373332,-0.21865468,-0.43097666,-0.34786132,-0.032025333,-0.096936665,0.08551833,-0.21171601,-0.18791167,-0.089507334,-0.40174332,-0.47289667,0.3126833,0.86061"
56,1244,1244,War Thunder,236390,vary skill based with a vary high learning carve gind is worse than world of tank,82,91.76666666666668,2025-02-08 23:35:20,"20,000,000 .. 50,000,000",['Gaijin Entertainment'],['Gaijin Network Ltd'],"['Action', 'Massively Multiplayer', 'Simulation', 'Free To Play']","['windows', 'mac', 'linux']","['Single-player', 'Multi-player', 'MMO', 'PvP', 'Online PvP', 'Co-op', 'Online Co-op', 'Cross-Platform Multiplayer', 'Steam Achievements', 'Full controller support', 'VR Supported', 'Steam Trading Cards', 'In-App Purchases', 'Adjustable Text Size', 'Camera Comfort', 'Color Alternatives', 'Custom Volume Controls', 'Playable without Timed Input', 'Stereo Sound', 'Surround Sound', 'Remote Play on Phone', 'Remote Play on Tablet']","Aug 15, 2013",,"-0.168106,0.4288697,0.31372645,0.09109894,0.018881325,0.035796594,-0.037970543,0.07751458,-0.3046915,0.38802692,-0.13965628,-0.209362,0.31443217,-0.12620974,0.0818474,-0.23348244,0.1294644,-0.06410646,-0.28528675,0.2303357,0.078048125,-0.10554499,0.30429378,0.04215892,0.12596527,-0.14504515,-0.046474475,-0.4186785,-0.22152628,-0.11379106,-0.21659899,0.33398157,-0.18033154,-0.20932807,0.19453306,0.19185445,0.08633661,0.34730932,0.02389173,-0.14915295,-0.15986665,-0.2249188,-0.12205199,-0.24899934,-0.06687533,-0.032330003,0.43136308,-0.18741082,-0.16761924,-0.5436424,0.025120739,-0.24310933,0.035349667,1.0553347,-0.11442841,-2.1268272,0.1759912,-0.13321954,1.412586,0.3854304,0.080081,0.71088684,-0.09369381,0.11958522,0.44876662,0.018988736,0.27828848,0.034723673,0.36531204,0.02505135,-0.08789258,-0.13925746,0.034002665,0.03994934,0.24195765,0.008975264,-0.09761921,-0.157437,-0.685044,-0.04048707,0.48152876,0.10525727,-0.4812819,0.021330139,-1.0796907,-0.015679004,0.051902793,-0.2593809,-0.019802261,-0.2439188,-0.148107,-0.045724194,-0.1801068,-0.020736529,-0.28023067,-0.049313333,-0.19941005,-0.47398937,0.7339146,0.187775"
57,1696,1696,ELDEN RING,1245620,this is the game of all time,29,228.9,2026-03-01 00:36:30,"20,000,000 .. 50,000,000","['FromSoftware, Inc.']","['FromSoftware, Inc.', 'Bandai Namco Entertainment']","['Action', 'RPG']",['windows'],"['Single-player', 'Multi-player', 'PvP', 'Online PvP', 'Co-op', 'Online Co-op', 'Steam Achievements', 'Full controller support', 'Steam Trading Cards', 'Camera Comfort', 'Custom Volume Controls', 'Playable without Timed Input', 'Save Anytime', 'Stereo Sound', 'Surround Sound', 'Steam Cloud', 'Family Sharing']","Feb 24, 2022",5999.0,"-0.21201512,0.15029545,0.7918886,-0.35834572,-0.08437542,0.35888615,-0.06304457,0.25673,-0.47735783,-0.045778718,0.23081943,-0.10252072,0.15411372,-0.15335,0.15745829,-0.26285014,0.24272428,0.23479213,-0.29368857,0.2266384,0.15915957,-0.08471815,0.19216658,0.07861871,0.5237015,-0.23671715,0.15292571,-0.36822858,-0.069552146,-0.17802629,-0.2912287,0.4306414,0.025214294,0.0057442826,-0.028344575,0.09943901,-0.09697972,0.47924426,-0.18724786,-0.26012546,-0.43836144,-0.2095157,0.32437855,-0.2225037,-0.017946288,0.107042275,0.41676256,-0.55049574,-0.004075851,-0.71548426,0.07943898,-0.1498827,0.17889914,1.123223,-0.3831262,-2.935,-0.11294743,-0.2710314,1.7695142,0.7897343,-0.31193998,0.77636,-0.20605671,0.14804141,0.90318143,0.003947143,0.43494502,0.17103301,0.15046401,-0.11169116,-0.048143856,-0.30287498,-0.13337629,-0.172031,0.31020144,0.11928229,-0.359933,-0.14913657,-1.1083714,0.07253773,0.48902997,0.1494553,-0.7398814,0.31604758,-1.5471143,0.036535423,-0.1855587,-0.38550386,0.16493157,-0.42588145,-0.21658716,0.038238574,-0.31485572,0.34288973,-0.5240745,-0.25912288,-0.35604843,-0.38583258,0.6994343,0.28165016"
58,1182,1182,Lost Ark,1599340,tbh it one of the game with the best combat feel ive ever played especially when slayer came out the character skill and sword were so satisfying that i couldve turned all my alt into slayer but after a certain point the game became unplayable because of gatekeeping i quit about two year ago but i wanted to come back and take a look but what i saw wa the same thing again the game wa full of bot when i last quit it wa pay to win but now it ha basically become pay to play you literally cant move without spending money and youre still forced to do your daily with every character like some kind of slave i dont understand how a company can ignore it player this much even putting that aside why are the boss still so punishing with this much gatekeeping and such a solid foundation for a great game why not just make the game actually playable i mean you cant even find a group for the boss you need to fight every week to upgrade certain item sometimes spending hour day or even week trying some people just quit in the later stage because they dont want to bother the old raid is meaningless the gameplay feel pointless the sense of progression drop so much after a certain gear score that i cant even find a single reason to keep playing this game honestly it one of the rare game with really great level and combat design in my eye but i think it will shut down eventually like new world so id say dont bother at all especially expecting anything reasonable from these developer is more pointless than just sitting at home and waiting for your gpu to evolve itself,1651,1136.3666666666666,2025-11-27 21:42:22,"50,000,000 .. 100,000,000",['Smilegate RPG'],['Amazon Game Studios'],"['Action', 'Adventure', 'Massively Multiplayer', 'RPG', 'Free To Play']",['windows'],"['Single-player', 'Multi-player', 'MMO', 'PvP', 'Online PvP', 'Co-op', 'Online Co-op', 'Steam Achievements', 'In-App Purchases', 'Adjustable Text Size', 'Camera Comfort', 'Color Alternatives', 'Custom Volume Controls', 'Keyboard Only Option', 'Playable without Timed Input', 'Save Anytime', 'Partial Controller Support']","Feb 11, 2022",,"-0.083392635,0.23418216,0.41508323,-0.26830378,-0.17630175,0.21122675,-0.12822337,0.16877212,-0.04283274,-0.024750607,0.12248185,0.00629151,0.18126075,-0.06054747,0.09762762,-0.22153391,0.09891269,0.17147566,-0.31148323,0.27829027,0.27195084,0.012343801,0.10219824,-0.081917495,0.24892542,-0.045993257,-0.15409401,-0.45179743,0.13319556,-0.20429671,-0.13106412,0.4492502,-0.04143485,-0.008607329,0.028802259,0.2789786,-0.1011045,0.19977401,-0.0031124426,-0.19758013,-0.3076851,-0.15195368,0.13862161,-0.3256796,-0.14497216,0.030341556,0.2315382,-0.2852812,-0.03642941,-0.7535954,-0.012071524,-0.068190925,0.099655315,0.9874541,-0.17762968,-2.2665598,0.009454082,-0.15168971,1.415957,0.5020452,-0.13593458,0.7136106,-0.32396993,0.0836569,0.66569805,0.025401816,0.46463275,0.2813929,0.021409668,-0.15765627,0.005441871,-0.27867714,-0.07940739,-0.31838682,0.11670181,0.09135407,-0.20329422,-0.06559337,-0.69651103,0.024329754,0.5200514,-0.017812029,-0.517601,0.09782207,-1.3225018,-0.14869861,0.009262577,-0.12573478,-0.2019905,-0.304106,-0.08308416,-0.09812538,-0.09117943,0.052037776,-0.46703854,-0.122226164,-0.20286606,-0.24039473,0.45134023,0.22913477"
59,361,361,Palworld,1623730,pretty fun,10,93.86666666666666,2026-02-28 09:00:27,"50,000,000 .. 100,000,000",['Pocketpair'],['Pocketpair'],"['Action', 'Adventure', 'Indie', 'RPG', 'Early Access']",['windows'],"['Single-player', 'Multi-player', 'Co-op', 'Online Co-op', 'Cross-Platform Multiplayer', 'Steam Achievements', 'Full controller support', 'Steam Trading Cards', 'Steam Workshop', 'Steam Cloud', 'Family Sharing']","Jan 18, 2024",2999.0,"-0.440665,0.1709165,0.380215,-0.686795,-0.471915,0.3403351,0.02729205,0.49826503,-0.25121,-0.300151,0.29078,-0.078644,-0.10246199,-0.2927995,0.16282,0.0324775,-0.41738272,0.38549,-0.051560007,0.87686,0.661415,0.65415,-0.08682999,-0.89079,0.142345,0.48281,-0.611645,-0.47142798,-0.385419,-0.0644985,-0.53183645,0.49607,0.3017555,-0.44910502,0.59088004,0.037826,-0.547495,0.004965,0.155249,-0.72466,0.371725,-0.0248711,-0.128869,-0.32410002,-0.586895,-0.229659,0.157261,0.254215,0.302192,-1.06393,0.0314475,-0.602785,0.21923,0.361435,-0.070064,-2.2002,0.358675,0.815395,0.889425,-0.084614,-0.093986906,1.128,-0.978695,-0.185425,0.533805,0.12661,1.078925,-0.055540003,0.038600504,-0.11708799,0.24865,-0.19625466,0.0816055,0.0760621,0.16225502,0.652695,-0.023480006,-0.019669995,-0.029732252,-0.11659,-0.16710499,0.0790135,-0.24454,-0.07368995,-1.40945,-0.25869,-0.268715,-0.133512,-0.644145,-0.38160998,0.0179265,0.1577775,0.23389499,-0.22253951,0.00016599987,-0.30770048,-0.722355,-0.28572,0.17410499,0.835655"
60,1473,1473,HELLDIVERS 2,553850,for super earth,24,42.05,2026-03-01 19:19:42,"20,000,000 .. 50,000,000",['Arrowhead Game Studios'],['PlayStation Publishing LLC'],['Action'],['windows'],"['Multi-player', 'Co-op', 'Online Co-op', 'Steam Achievements', 'In-App Purchases', 'Adjustable Text Size', 'Camera Comfort', 'Chat Speech-to-text', 'Chat Text-to-speech', 'Color Alternatives', 'Custom Volume Controls', 'Adjustable Difficulty', 'Narrated Game Menus', 'Playable without Timed Input', 'Stereo Sound', 'Subtitle Options', 'Surround Sound', 'Partial Controller Support', 'Family Sharing']","Feb 8, 2024",3999.0,"-0.27781,0.19574666,0.78229666,-0.22604232,0.12452332,-0.08796667,0.09571,0.17811,-0.86617,0.10082334,0.356141,-0.63926333,0.057291668,-0.22438599,0.12433001,-0.48488998,0.43107966,0.4185637,-0.04825333,0.283884,0.17259999,-0.33110335,-0.17945333,0.005801668,0.40628,0.38865337,-0.06429867,-0.05294935,0.16169034,0.22954302,-0.17586,0.13815667,-0.3789133,0.059583332,0.40551102,0.20597453,-0.297766,0.73340935,-0.37490535,-0.16908832,-0.44250998,-0.31078333,-0.040093333,-0.35823998,-0.056012373,0.34124002,-0.05265667,-0.11312997,-0.10520667,-0.41928563,-0.20705767,0.14133966,0.35908434,1.0932432,-0.083034,-2.2853334,0.1538,0.23898333,1.5169233,0.35126567,-0.34379837,0.64219,-0.29290333,0.013140003,0.88311005,0.32976767,0.10975742,0.16752331,0.04305002,-0.23071666,0.04725333,-0.42195737,-0.05850933,0.41640663,-0.15538,-0.13421667,-0.027003327,-0.06692234,-0.6707507,0.16029601,0.51904136,0.14816765,-0.49028,0.41307,-0.81310993,0.06232333,0.29173002,-0.29655,0.10339668,-0.22725333,0.18103333,0.39193335,0.16789633,0.17959534,-0.41559997,-0.39645663,-0.47826457,0.22433667,0.6661807,-0.17505467"
61,678,678,New World: Aeternum,1063730,great game for both casual and hardcore player wish it wasn t coming to an end,81,213.6,2026-02-12 05:27:08,"50,000,000 .. 100,000,000",['Amazon Game Studios'],['Amazon Game Studios'],"['Action', 'Adventure', 'Massively Multiplayer', 'RPG']",['windows'],"['Multi-player', 'MMO', 'PvP', 'Online PvP', 'Co-op', 'Online Co-op', 'Steam Achievements', 'In-App Purchases', 'Adjustable Text Size', 'Camera Comfort', 'Chat Speech-to-text', 'Chat Text-to-speech', 'Color Alternatives', 'Custom Volume Controls', 'Keyboard Only Option', 'Playable without Timed Input', 'Save Anytime', 'Stereo Sound', 'Subtitle Options', 'Surround Sound', 'Partial Controller Support']","Sep 28, 2021",,"-0.042023186,0.20497593,0.36677253,-0.20073469,-0.12106124,0.22456586,-0.0029909397,-0.01636239,-0.19676055,-0.026542509,0.084959246,-0.24317119,0.09401293,-0.1249935,0.1779344,-0.112201914,0.24232882,0.12082813,-0.29255545,0.32061085,0.29400367,-0.03407081,0.19055119,-0.023672506,0.37934685,0.11180731,-0.09616919,-0.40072146,0.25539482,-0.20712268,-0.22969376,0.6500716,-0.11757152,0.004322935,0.13746417,0.19629036,-0.14032927,0.297312,-0.17643125,-0.19346449,-0.07040205,-0.092238076,0.20625284,-0.3416311,-0.21417643,0.04533376,0.22658344,-0.23350507,0.22910832,-0.6606267,-0.042787883,-0.02078769,0.12951013,0.77820164,-0.18397963,-2.1698625,-0.13251682,-0.25812918,1.3920085,0.45974422,-0.31297,0.51320773,-0.39034837,0.08418426,0.5971932,-0.044816818,0.4672554,0.25024638,0.058682434,-0.19715695,0.077222615,-0.29690188,-0.12123506,-0.40274397,0.1643635,0.063074425,-0.12308213,0.044636752,-0.5200313,-0.116939686,0.5087714,-0.124472514,-0.3451553,0.13350157,-1.1396158,-0.13132761,-0.12278946,-0.07170024,-0.11904037,-0.14605097,-0.16209462,0.08203032,-0.1545273,0.056843817,-0.28537858,-0.25504684,-0.29545167,-0.12856229,0.46468318,0.144228"
62,1621,1621,ELDEN RING,1245620,try finger but hole,21,817.35,2026-03-01 20:34:22,"20,000,000 .. 50,000,000","['FromSoftware, Inc.']","['FromSoftware, Inc.', 'Bandai Namco Entertainment']","['Action', 'RPG']",['windows'],"['Single-player', 'Multi-player', 'PvP', 'Online PvP', 'Co-op', 'Online Co-op', 'Steam Achievements', 'Full controller support', 'Steam Trading Cards', 'Camera Comfort', 'Custom Volume Controls', 'Playable without Timed Input', 'Save Anytime', 'Stereo Sound', 'Surround Sound', 'Steam Cloud', 'Family Sharing']","Feb 24, 2022",5999.0,"-0.343742,0.046872497,0.39557,-0.21897975,-0.25389498,0.1643525,0.05886501,0.05042225,-0.006826751,-0.07309875,0.150225,0.18196659,0.13864249,-0.011277444,0.0780525,0.36842,-0.310659,0.030297501,-0.43038,-0.0824375,0.30074048,0.347352,-0.0250725,-0.1898425,0.5052275,0.3128545,-0.59471,-0.47689,0.273265,-0.320996,-0.08571,0.346375,0.137585,0.026551748,0.056000996,-0.050634503,-0.39113468,0.13764375,0.30671,-0.04691425,-0.49085498,-0.16642907,0.1041775,-0.2967325,-0.60303,0.023823243,0.128597,-0.108704984,-0.20438199,-0.69923,-0.17838165,0.099832505,-0.075489745,1.04253,-0.20970926,-2.339725,-0.25501376,-0.13677451,1.20465,0.6291163,-0.0912575,0.699155,-0.044140257,0.69904673,0.4935775,-0.042399995,0.36045897,0.2312465,-0.24455987,-0.53970975,-0.15151939,0.1487,0.16462499,-0.50177,-0.04642,-0.03979575,-0.2943575,-0.099137075,-0.1024925,0.6110295,0.50533754,0.019312754,-0.6211975,-0.247095,-1.1723876,-0.235385,0.182851,0.39236003,-0.2141405,0.23471425,-0.40869576,-0.079035506,-0.065730505,-0.14457576,-0.38663325,0.011758109,0.2276175,-0.3061975,0.13353677,0.015156977"
63,1089,1089,Unturned,304930,great game but play on gravity semi rp best server,52,1158.7166666666667,2023-01-10 23:15:55,"50,000,000 .. 100,000,000",['Smartly Dressed Games'],['Smartly Dressed Games'],"['Action', 'Adventure', 'Casual', 'Indie', 'Free To Play']","['windows', 'mac', 'linux']","['Single-player', 'Multi-player', 'PvP', 'Online PvP', 'LAN PvP', 'Co-op', 'Online Co-op', 'LAN Co-op', 'Steam Achievements', 'Steam Trading Cards', 'Steam Workshop', 'In-App Purchases', 'Camera Comfort', 'Custom Volume Controls', 'Adjustable Difficulty', 'Playable without Timed Input', 'Stereo Sound', 'Steam Cloud', 'Valve Anti-Cheat enabled', 'Stats', 'Includes level editor', 'Remote Play on Tablet']","Jul 7, 2017",,"-0.16357279,0.2389292,0.541808,-0.21655619,-0.106850006,0.176945,0.059977997,-0.014480489,-0.3362646,-0.021585902,0.23494108,-0.16427167,-0.0043671965,-0.1272946,0.088435985,-0.0513752,0.12761,0.253088,-0.2831536,0.29317,0.18166694,-0.10252039,0.15807919,0.3545019,0.49608102,-0.06370421,-0.063079,-0.1610763,0.055200595,-0.030522803,-0.4489943,0.44402933,-0.059356906,0.020446803,0.2831924,0.08788475,-0.36766285,0.45032805,-0.33448952,-0.34491503,-0.0949974,-0.117017604,0.0746517,-0.13911271,-0.007155904,-0.09086261,0.21517071,-0.48784906,0.1377912,-0.57058895,-0.19734101,0.007303995,0.2286053,0.837031,0.0089299055,-2.0768378,0.017176995,0.071959004,1.245501,0.51686496,-0.25020403,0.4633808,-0.597767,0.24712649,0.533466,-0.034844905,0.28514963,0.2722969,0.05101999,-0.058720805,-0.06331421,-0.1736545,0.3082829,-0.2177558,0.1607579,-0.057614803,-0.16534708,-0.06731075,-0.3360315,0.1740782,0.5229887,0.0130092995,-0.53222805,0.07269029,-0.962574,0.0295933,-0.08155795,-0.015087994,-0.076728106,-0.098624304,-0.14404243,0.316947,-0.059744693,0.248047,-0.16464108,-0.06470501,-0.22012798,-0.15189591,0.6667554,0.15284921"
64,1987,1987,Wallpaper Engine,431960,good free static and dynamic background work with little to no issue thumbsup,82,12.766666666666667,2026-03-01 01:41:49,"20,000,000 .. 50,000,000",['Wallpaper Engine Team'],['Wallpaper Engine Team'],"['Casual', 'Indie', 'Animation & Modeling', 'Design & Illustration', 'Photo Editing', 'Utilities']",['windows'],"['Steam Achievements', 'Steam Trading Cards', 'Steam Workshop', 'Steam Workshop', 'Includes level editor']","Nov 16, 2018",499.0,"-0.23921907,0.30218318,0.26739842,-0.21003126,0.026507095,0.111533575,-0.18856715,0.010836502,-0.12134991,0.029878167,-0.02278695,-0.11537544,0.20240198,0.056978423,0.22015618,-0.084406994,0.18288183,-0.03265757,-0.14495249,0.13964851,0.18815929,-0.058177333,0.21055801,-0.11174939,0.23849703,-0.12263266,-0.07132558,-0.38417077,0.006881828,-0.10536039,-0.27940175,0.46593857,-0.20788163,0.009805337,0.06393518,0.22367616,0.09747958,0.15666242,-0.053960174,-0.14226833,-0.26354483,-0.29974362,0.058995586,-0.24584252,-0.2894483,-0.1845516,0.105422325,-0.26431325,-0.0021750827,-0.7581241,0.11428418,-0.011170658,-0.07945683,1.0092372,0.09240359,-2.3273392,0.16240884,-0.23459609,1.5437557,0.3104699,-0.099734426,0.5765354,-0.5335053,0.03924619,0.93046206,-0.09487308,0.59568924,0.1256686,0.24497364,-0.16800343,-0.024922742,-0.245089,0.14051977,-0.415045,0.28520808,0.20161499,-0.16304083,-0.03484459,-0.5746161,-0.23715627,0.57408994,0.073926,-0.1827625,0.1059154,-1.3354125,0.13673808,0.21272857,-0.0023206647,-0.215694,-0.41813466,-0.042998135,-0.17063357,-0.16628818,-0.008831414,-0.35956612,-0.04885065,-0.32312542,-0.5144218,0.4283615,0.2684697"
65,1847,1847,Path of Exile 2,2694490,gotta love when the devs slowly remove everything fun about a game and just leave a meaningless incrimental number grind behind,127,375.45,2026-02-27 15:51:54,"20,000,000 .. 50,000,000",['Grinding Gear Games'],['Grinding Gear Games'],"['Action', 'Adventure', 'Massively Multiplayer', 'RPG', 'Early Access']",['windows'],"['Single-player', 'Multi-player', 'MMO', 'Co-op', 'Online Co-op', 'Full controller support', 'HDR available']","Dec 6, 2024",2999.0,"-0.14428669,0.21081646,0.35491621,-0.2407777,-0.1861389,0.42032018,-0.023139805,0.29138872,0.034208607,0.009882545,0.15701835,0.082423925,0.11189085,0.027134353,0.1819711,-0.0811282,0.034322325,0.2860539,-0.24962012,0.2545166,0.3693877,0.098396406,0.0918255,-0.0872313,0.38297477,0.11795821,-0.20368889,-0.33623815,0.13034095,-0.19581498,-0.30581522,0.43500748,-0.00610715,-0.055192627,-0.11529161,0.12484205,-0.12135714,0.089125104,0.069663554,-0.22407529,-0.22552352,-0.20390806,0.13194652,-0.31929368,-0.14348999,0.0147392955,0.111014344,-0.11717775,-0.004490246,-0.6762367,0.029651249,-0.12633607,0.039980903,0.9589788,-0.11450304,-2.106341,-0.0018290043,0.031445052,1.1838945,0.43711305,-0.0957051,0.637511,-0.32289982,0.0028433457,0.6067125,0.118349805,0.46788472,0.18765935,0.003292105,-0.107294455,-0.032345276,-0.14888015,-0.043047905,-0.10227172,0.113117635,0.25843793,-0.15385582,-0.11940299,-0.4252084,0.0051949047,0.39999837,0.051366575,-0.43815947,0.11601076,-1.0850258,-0.1518343,0.0907701,-0.045460757,-0.2816079,-0.22662365,-0.056548,0.041262902,-0.14043117,0.0501746,-0.3643221,-0.3943045,-0.19622876,-0.14024904,0.42173892,0.34291893"
66,987,987,Left 4 Dead 2,550,i love this game and it still is very good and fun after all these year,72,12.883333333333333,2026-02-28 11:26:37,"50,000,000 .. 100,000,000",['Valve'],['Valve'],['Action'],"['windows', 'linux']","['Single-player', 'Multi-player', 'PvP', 'Online PvP', 'Co-op', 'Online Co-op', 'Steam Achievements', 'Full controller support', 'Steam Trading Cards', 'Captions available', 'Steam Workshop', 'Camera Comfort', 'Color Alternatives', 'Custom Volume Controls', 'Adjustable Difficulty', 'Playable without Timed Input', 'Stereo Sound', 'Surround Sound', 'Steam Cloud', 'Valve Anti-Cheat enabled', 'Stats', 'Includes Source SDK', 'Commentary available', 'Remote Play on Phone', 'Remote Play on Tablet', 'Remote Play on TV', 'Remote Play Together', 'Family Sharing', 'Steam Timeline']","Nov 16, 2009",999.0,"-0.16497532,0.334021,0.46524388,-0.44532752,-0.20973,0.25170645,-0.016226064,0.24980687,-0.120639004,-0.15521318,0.19138224,-0.081811816,0.2413516,0.029751383,0.1470662,-0.26800454,0.073750466,0.2246645,-0.37624475,0.5160056,0.25705487,0.09493312,0.20162892,0.034838185,0.36282542,0.12413487,-0.14148012,-0.51016164,0.042469118,-0.2213367,-0.3072491,0.60207003,-0.046160556,-0.024931874,0.13222006,0.27128252,-0.11029579,0.26407272,-0.16186416,-0.36555246,-0.29800886,-0.1698672,0.24796222,-0.3589749,-0.19707051,-0.057402167,0.3390356,-0.42982548,0.14675081,-0.88780755,-0.020241812,-0.2305965,0.17427807,1.1490006,-0.21831304,-2.722175,0.06773206,-0.021560743,1.4989045,0.60749,-0.21332075,0.91699624,-0.41746503,0.06010658,0.7546644,-0.006449381,0.68823063,0.27344868,0.259879,-0.22096251,0.045113936,-0.3439691,0.038209736,-0.27079743,0.15851499,0.20535475,-0.21071276,-0.021155369,-0.841763,-0.032026246,0.4853894,0.08910113,-0.5483881,0.32325333,-1.5121249,-0.12890975,-0.15383898,-0.34246117,-0.2858807,-0.37913504,-0.18706599,-0.16019258,-0.1813245,0.19081852,-0.5942329,0.025488624,-0.43459666,-0.43293118,0.4571291,0.3730168"
67,1512,1512,Warframe,230410,it a good game with great scenario and mission,48,46.48333333333333,2025-07-28 03:34:04,"20,000,000 .. 50,000,000",['Digital Extremes'],['Digital Extremes'],"['Action', 'RPG', 'Free To Play']",['windows'],"['Single-player', 'Multi-player', 'Co-op', 'Online Co-op', 'Cross-Platform Multiplayer', 'Steam Achievements', 'Full controller support', 'Steam Trading Cards', 'Steam Workshop', 'In-App Purchases', 'Camera Comfort', 'Color Alternatives', 'Custom Volume Controls', 'Playable without Timed Input', 'Stereo Sound', 'Surround Sound', 'Remote Play on Phone', 'Remote Play on Tablet', 'Remote Play on TV', 'HDR available']","Mar 25, 2013",,"-0.25382212,0.24543068,0.5466857,-0.16015443,-0.121458344,0.11803779,0.14612065,0.041836664,-0.29604688,0.024511218,-0.09079257,-0.14432459,0.22503608,-0.030126996,0.13027889,-0.14901245,0.17930865,0.11270099,-0.40177533,0.36417788,0.1398412,-0.037440673,0.080596216,-0.018911444,0.41274893,0.036246438,-0.32068455,-0.19906367,-0.12550388,-0.20883666,-0.40977558,0.51822615,-0.13824455,-0.081953324,0.060285553,0.14241976,-0.11714184,0.30817446,-0.008812209,-0.3417478,-0.185995,-0.076305136,0.34608543,-0.25215554,0.040051002,-0.0372002,0.31952178,-0.37458774,-0.08282567,-0.6452838,-0.12465289,-0.052735444,0.044967327,1.1106167,-0.07010421,-2.882567,0.06503734,-0.074816555,1.4545912,0.5556878,-0.2333808,0.7234422,-0.34245598,0.027569592,0.63534576,-0.08430544,0.3148622,0.34014326,0.09456412,-0.034016218,0.03942244,-0.24660867,-0.008191354,-0.3381919,0.31632668,0.11190054,-0.20920378,0.027730742,-0.7351433,0.12823457,0.5383889,0.22416846,-0.4654058,0.25610375,-1.2726501,-0.020324443,0.11013477,-0.20080756,-0.16292655,-0.4612182,-0.04903245,-0.12207612,-0.19770245,0.124646,-0.40382168,-0.03933834,-0.37342998,-0.30966556,0.4166848,0.34190935"
68,111,111,Apex Legends,1172470,jhhhghhhhhhhhhhh i hate review vsv rfvg zdsrfg z z z z z z z z z z z z z z z z z z z z z,110,122.13333333333334,2025-09-11 02:31:08,"100,000,000 .. 200,000,000",['Respawn'],['Electronic Arts'],"['Action', 'Adventure', 'Free To Play']",['windows'],"['Multi-player', 'PvP', 'Online PvP', 'Co-op', 'Online Co-op', 'Steam Achievements', 'Full controller support', 'Steam Trading Cards', 'In-App Purchases', 'Chat Speech-to-text', 'Playable without Timed Input']","Nov 4, 2020",,"-0.016441818,0.22272885,0.28131974,0.2678941,-0.17562826,-0.1920176,0.40867972,0.27487037,-0.017164955,0.23444802,0.5087578,-0.33564743,-0.081615984,0.17344204,0.42308643,0.02392941,0.38272753,0.32973126,0.49769357,0.007819567,0.93830675,0.04851885,-0.29714277,0.18724355,0.3803389,0.63923967,0.43724486,0.10253122,0.56359166,-0.14338243,0.20199199,0.8813934,-0.1355855,0.64772344,0.151866,0.130888,0.4592848,-0.020755956,0.20886563,-0.54319674,0.4186816,-0.28918073,-0.28603005,0.052766226,-0.58144915,0.07957238,-0.67306155,0.45153198,0.29047847,0.057367183,-0.25620297,0.34150654,-0.28026122,0.24625878,-0.60681075,-0.8332892,0.0021192061,0.38469827,0.6270239,0.53471637,-0.3558784,0.25044075,-0.4536468,-0.2675632,1.1030694,0.2091895,0.2693877,0.49358884,0.3457404,0.42440426,-0.12609121,-0.22630318,-0.3526696,-0.06150622,0.81398886,-0.23190199,0.12300223,-0.088693,-0.32796687,-0.6882036,-0.2112456,-0.7791487,-0.32900316,-1.4651238,-0.29355088,0.721258,-0.433622,-0.92846835,0.053227488,-0.081067994,-0.9371762,0.90548635,0.083165616,-0.22647442,0.37732884,-0.65543175,-0.16291437,-0.63705724,-0.15865047,-0.5454684"
69,1487,1487,HELLDIVERS 2,553850,democracy,13,38.03333333333333,2026-03-01 18:13:00,"20,000,000 .. 50,000,000",['Arrowhead Game Studios'],['PlayStation Publishing LLC'],['Action'],['windows'],"['Multi-player', 'Co-op', 'Online Co-op', 'Steam Achievements', 'In-App Purchases', 'Adjustable Text Size', 'Camera Comfort', 'Chat Speech-to-text', 'Chat Text-to-speech', 'Color Alternatives', 'Custom Volume Controls', 'Adjustable Difficulty', 'Narrated Game Menus', 'Playable without Timed Input', 'Stereo Sound', 'Subtitle Options', 'Surround Sound', 'Partial Controller Support', 'Family Sharing']","Feb 8, 2024",3999.0,"-0.215,0.87737,-0.063965,-0.042852,0.86186,0.89338,-0.35324,-0.99678,0.15289,0.066144,-0.52534,0.68397,0.34208,-0.1562,-0.73768,0.20957,0.16697,-0.039477,-0.43481,-0.24743,0.43591,-0.058181,0.65537,-0.28042,0.37273,0.36553,0.1083,-0.67762,0.57978,0.38404,0.31276,1.0281,0.12181,0.47344,0.43453,-0.5851,0.30595,0.43365,-1.0241,-0.72537,-1.7373,-0.65151,0.80613,-0.15615,-0.27365,-1.0545,0.52086,0.15272,-0.60403,-0.33367,-0.17697,-0.2755,-0.42711,1.3151,0.37881,-1.2953,0.18912,0.41696,1.4792,-0.0141,-1.1892,-0.30676,-1.311,-0.70105,0.67542,0.58331,-0.35846,-0.4816,0.31092,-0.065241,1.3389,0.16039,-0.88174,-0.57881,0.21681,-0.17917,-0.10835,0.25223,-0.9224,-0.28561,0.52446,0.40163,0.22797,0.68122,-0.71693,1.2085,0.26086,0.30124,0.17424,-0.82416,0.96425,-0.44436,-0.14183,0.84599,-0.59692,-0.42527,0.52494,-0.78475,0.31882,0.9449"
70,1453,1453,HELLDIVERS 2,553850,game is fun mainly if you have friend solo is kinda tough,61,24.98333333333333,2026-03-01 20:45:37,"20,000,000 .. 50,000,000",['Arrowhead Game Studios'],['PlayStation Publishing LLC'],['Action'],['windows'],"['Multi-player', 'Co-op', 'Online Co-op', 'Steam Achievements', 'In-App Purchases', 'Adjustable Text Size', 'Camera Comfort', 'Chat Speech-to-text', 'Chat Text-to-speech', 'Color Alternatives', 'Custom Volume Controls', 'Adjustable Difficulty', 'Narrated Game Menus', 'Playable without Timed Input', 'Stereo Sound', 'Subtitle Options', 'Surround Sound', 'Partial Controller Support', 'Family Sharing']","Feb 8, 2024",3999.0,"-0.27593008,0.3056484,0.5645409,-0.472658,-0.017698335,0.33013257,-0.015896171,0.21943116,-0.012328302,-0.13564487,0.15296717,-0.14927875,0.29995367,0.00091882545,0.03884992,-0.08186292,0.03056796,0.17827766,-0.19962083,0.5850975,0.35103133,0.20771194,0.042223334,-0.15169536,0.36401078,0.13001359,-0.2779743,-0.46830997,0.026175747,-0.088380165,-0.45731935,0.6270952,0.16903599,0.030577322,0.2885783,0.25895587,-0.12522392,0.15755399,0.13974483,-0.40534303,-0.14781174,0.011317735,0.29871166,-0.30051917,-0.21766166,-0.12509425,0.207964,-0.2650816,0.12499043,-0.6872492,-0.07430479,-0.193718,0.14593114,0.7825392,-0.1323099,-2.2550817,0.033096667,0.055068504,1.1540242,0.55302644,-0.06683657,0.7106742,-0.4084519,-0.11240976,0.77885336,0.06487834,0.6576409,0.19574575,-0.0019433325,-0.20877324,0.08755449,-0.26837042,-0.04399841,-0.12670617,0.087792166,0.08767591,-0.10488667,-0.04919387,-0.38565353,0.022155248,0.33638582,0.013678913,-0.5495825,-0.07311658,-1.369501,-0.15549774,-0.076996334,-0.12931149,-0.26723123,-0.41763833,-0.2577922,-0.029546807,-0.057794172,-0.055638682,-0.27087796,0.077346995,-0.42882237,-0.31852648,0.44423914,0.27778903"
71,383,383,Palworld,1623730,always something to do good for those who enjoy adventure and building,71,73.16666666666667,2026-02-27 20:48:55,"50,000,000 .. 100,000,000",['Pocketpair'],['Pocketpair'],"['Action', 'Adventure', 'Indie', 'RPG', 'Early Access']",['windows'],"['Single-player', 'Multi-player', 'Co-op', 'Online Co-op', 'Cross-Platform Multiplayer', 'Steam Achievements', 'Full controller support', 'Steam Trading Cards', 'Steam Workshop', 'Steam Cloud', 'Family Sharing']","Jan 18, 2024",2999.0,"-0.05436775,0.34280202,0.20486303,-0.25897127,-0.07002099,0.18045074,-0.3408281,0.14275052,-0.12148424,-0.09691033,0.09082091,-0.115260005,0.15370598,0.05871691,0.037537493,-0.30696848,0.31764075,0.33855417,-0.5558817,0.54968077,0.17657281,0.114503086,0.16571815,-0.3321773,0.13706537,0.009352078,-0.306136,-0.6062991,0.064131655,-0.30772427,-0.24411577,0.6017067,-0.13819267,0.017285997,0.30143216,0.37524167,-0.0015412476,0.2865961,-0.018543022,-0.28838933,-0.3642024,-0.11472424,0.11914909,-0.48500243,-0.17423518,0.0071767545,0.1992924,-0.33416364,0.10395491,-0.8920326,-0.048871335,-0.15593001,0.04249436,1.1695776,-0.024462001,-2.3098917,0.20107977,-0.12360235,1.4688416,0.42161667,-0.23103218,0.8387992,-0.34254757,-0.079183586,0.7123916,0.08732399,0.70423627,0.28996962,0.06322059,-0.28714243,0.026308084,-0.39918992,-0.07167709,-0.41202882,0.058191508,0.1296619,-0.13950394,0.023413584,-0.6945804,-0.057845753,0.47059056,0.13205858,-0.4474032,0.18178426,-1.4169275,-0.07877251,-0.061977092,-0.090727806,-0.29576394,-0.45136335,0.0032123376,-0.23711284,0.11923766,-0.18206143,-0.6682213,-0.043831993,-0.31535158,-0.43310916,0.53005165,0.34809342"
72,1395,1395,Monster Hunter Wilds,2246340,i have played every monster hunter game since tri i love monster hunter game i love the challenge i love seeing the monster live in the enviroments i love the weapon and the combat the cooking the online community we had wholesome and hard hunt in mhu even when none of u could talk to eachother cause no one in the lobby could speak english mh wild is by far the worst and least enjoyable mh game i have ever played mh online wa better than this and i can t read chinese i didn t know what wa happening half the time the combat is great imo the graphic are really nice i think the seikret is a good addition and the area are great but this is not a true mh game it feel like final fantasy painted in mh colour i don t want to disable item i want to throw them out of the inventory the story is incredibly annoying we lost the mh language and the palico can shut up for all i care and the worst of it is the gogamizos fight it s an easy battle but the dp check is completely unnecessary yes we had dp check in all game yes it an established thing in the mh game but it wa always something special in mhu you could at least scale the wall during the ultimate attack you got cannon and railway and it felt like something wa at stake and worst of all this game run badly if you want an mh game to play go play world,1386,141.41666666666666,2026-02-28 12:20:34,"20,000,000 .. 50,000,000","['CAPCOM Co., Ltd.']","['CAPCOM Co., Ltd.']","['Action', 'Adventure', 'RPG']",['windows'],"['Single-player', 'Multi-player', 'Co-op', 'Online Co-op', 'Cross-Platform Multiplayer', 'Steam Achievements', 'Full controller support', 'Steam Trading Cards', 'Adjustable Text Size', 'Camera Comfort', 'Color Alternatives', 'Custom Volume Controls', 'Keyboard Only Option', 'Stereo Sound', 'Subtitle Options', 'Surround Sound', 'Steam Cloud', 'HDR available', 'Family Sharing']","Feb 27, 2025",6999.0,"-0.123927705,0.25971138,0.44095865,-0.3256133,-0.1513622,0.19202018,-0.08926907,0.14631215,-0.08962324,-0.0085889585,0.16396405,-0.02686187,0.16617605,0.0009075643,0.06339065,-0.14655042,0.16157706,0.12280419,-0.38303408,0.23575945,0.2861174,0.036909133,0.17596313,-0.04328444,0.2445145,0.0136486385,-0.08165357,-0.3460982,0.07181503,-0.1932009,-0.14017805,0.47721195,0.058468156,0.065375015,0.073785,0.17285866,-0.11488775,0.28837797,0.014106882,-0.19135983,-0.27433068,-0.14164384,0.06677552,-0.34994656,-0.065206274,0.043177392,0.25214064,-0.30333388,-0.037161667,-0.7127932,-0.04053216,-0.008920898,0.13674086,0.9032974,-0.23254362,-2.2500315,0.03528735,-0.059243917,1.3842949,0.49050465,-0.18957445,0.7367643,-0.33999956,0.054552898,0.7294001,0.031536873,0.44597182,0.25593734,0.03428131,-0.103350356,0.0199633,-0.2837008,-0.068065494,-0.28652257,0.177533,0.09319885,-0.1522964,-0.008800465,-0.73220783,-0.017371275,0.4609754,-0.04699433,-0.45404541,0.15265083,-1.249498,-0.12572582,-0.049046602,-0.23099135,-0.1488983,-0.24017808,-0.06592184,-0.08450623,-0.089922704,0.15273005,-0.45025596,-0.07417308,-0.25148395,-0.27569273,0.45331025,0.19139905"
73,1054,1054,Unturned,304930,amazing and now a nostalgic game to me have played since the alpha when there wasnt much in the game and only one map to play,127,26.6,2023-11-21 22:51:22,"50,000,000 .. 100,000,000",['Smartly Dressed Games'],['Smartly Dressed Games'],"['Action', 'Adventure', 'Casual', 'Indie', 'Free To Play']","['windows', 'mac', 'linux']","['Single-player', 'Multi-player', 'PvP', 'Online PvP', 'LAN PvP', 'Co-op', 'Online Co-op', 'LAN Co-op', 'Steam Achievements', 'Steam Trading Cards', 'Steam Workshop', 'In-App Purchases', 'Camera Comfort', 'Custom Volume Controls', 'Adjustable Difficulty', 'Playable without Timed Input', 'Stereo Sound', 'Steam Cloud', 'Valve Anti-Cheat enabled', 'Stats', 'Includes level editor', 'Remote Play on Tablet']","Jul 7, 2017",,"-0.09339727,0.2323048,0.37098524,-0.21738654,-0.07202288,0.2962789,0.04292053,0.19044559,-0.1785419,-0.0364021,0.10816384,-0.16356915,0.14701666,-0.11441311,0.1808168,-0.15673684,0.175677,0.23611823,-0.32090905,0.3016824,0.30623248,0.050918825,0.22188164,0.09603775,0.34616697,-0.14210524,-0.123625554,-0.3696513,0.16984256,-0.1463171,-0.22257185,0.5549348,-0.016820483,0.11933471,-0.02741878,0.21352075,-0.14567527,0.35499716,-0.09727335,-0.31670633,-0.2866273,-0.17486385,0.1755978,-0.31065032,-0.05187085,0.10725923,0.39975232,-0.35100347,0.090859,-0.67470145,-0.14479576,-0.029286627,0.15443137,1.0764388,-0.15839146,-2.4724345,-0.115245655,-0.25165048,1.3436697,0.6525675,-0.30306196,0.8201355,-0.4156432,0.17652933,0.6626885,0.029331423,0.37061453,0.35185426,0.08611052,-0.03461866,0.054442547,-0.29033884,0.03426258,-0.31168398,0.12999552,0.11230788,-0.1772046,-0.03748861,-0.71984035,0.012819276,0.47683114,0.020499226,-0.48286426,0.2013587,-1.2461215,-0.095084995,0.08471441,-0.16559137,-0.21747985,-0.2347838,-0.08588397,-0.024417195,-0.24867463,0.16183795,-0.52850217,-0.12213155,-0.32460478,-0.24939068,0.41059223,0.23115076"
74,755,755,Black Myth: Wukong,2358720,at first it is a really tough game but after you get through the first chapter it is extremely rewarding and satisfying the story is excellent a it follows chinese mythology and the combat system is unlike any game i have personally played i believe this game is one of the best game i have played in a really long time would recommend,348,49.3,2026-02-28 16:59:56,"50,000,000 .. 100,000,000",['Game Science'],['Game Science'],"['Action', 'Adventure', 'RPG']",['windows'],"['Single-player', 'Steam Achievements', 'Full controller support', 'Steam Trading Cards', 'Playable without Timed Input', 'Stereo Sound', 'Surround Sound', 'Steam Cloud', 'Family Sharing']","Aug 19, 2024",5999.0,"-0.16080026,0.22186819,0.47155482,-0.24015376,-0.1020403,0.24074861,-0.023116108,0.18429428,-0.18776132,-0.061900143,0.10475045,-0.09421737,0.18924585,-0.0373265,0.033040535,-0.16194442,0.18075614,0.114544146,-0.3229515,0.31205297,0.23813064,0.013321243,0.10250773,0.022964925,0.3456829,-0.040843546,-0.16962512,-0.4017968,-0.003463844,-0.1091717,-0.28512082,0.6206024,0.023210349,0.0018380327,0.16427453,0.18025005,-0.15217133,0.28966495,-0.037243143,-0.2161049,-0.31033835,-0.11760945,0.25089362,-0.32336614,-0.0710864,0.018312147,0.3820319,-0.3249335,0.020856986,-0.7605161,-0.01023601,-0.17497952,0.20877418,1.0262002,-0.27621907,-2.5826726,0.02716994,-0.13186783,1.4970737,0.6069646,-0.26208094,0.76732844,-0.3218468,0.054247316,0.7817843,-0.047269557,0.42125747,0.34767675,0.049532004,-0.091063894,0.047203533,-0.2728658,-0.032958314,-0.17495425,0.19762748,0.07038696,-0.24062277,-0.04654959,-0.83155555,0.0016190013,0.46056888,0.05024061,-0.59538513,0.12987407,-1.4297268,-0.13147627,-0.028339049,-0.2656567,-0.1296672,-0.3833697,-0.10473901,-0.061437484,-0.20484754,0.14972942,-0.37230986,-0.017456384,-0.30330396,-0.33264023,0.46201408,0.287992"
75,324,324,Palworld,1623730,gud,3,93.5,2026-03-01 10:47:23,"50,000,000 .. 100,000,000",['Pocketpair'],['Pocketpair'],"['Action', 'Adventure', 'Indie', 'RPG', 'Early Access']",['windows'],"['Single-player', 'Multi-player', 'Co-op', 'Online Co-op', 'Cross-Platform Multiplayer', 'Steam Achievements', 'Full controller support', 'Steam Trading Cards', 'Steam Workshop', 'Steam Cloud', 'Family Sharing']","Jan 18, 2024",2999.0,"-0.2023,-0.69344,-0.2624,-0.50064,-0.35787,-0.5723,0.47206,-0.59653,0.45067,0.014989,0.15317,-0.13769,-0.17393,0.032712,0.45187,0.23045,-0.3333,0.053065,0.13736,-0.11375,1.0385,0.53006,-0.63542,0.12811,0.14477,0.25575,-0.61793,-0.12827,-0.47551,-0.21687,0.67389,0.15367,-0.063293,-0.45894,0.41095,-1.0653,0.22685,0.26562,-0.14611,-0.44958,0.35293,0.49942,0.060162,0.13735,0.51898,-0.13771,-0.49816,0.17274,-0.0093175,0.59517,0.298,-0.37894,-0.21606,-0.60494,-0.49612,0.97373,0.24059,0.49453,-0.14353,-0.54702,0.51456,-0.375,-0.1006,-0.78767,-0.22266,0.19973,0.92659,-0.61405,-0.20474,0.3822,0.18853,0.17363,-0.66222,-0.56884,0.14473,0.52732,0.76844,-0.88846,0.59172,0.0035932,-0.4773,-0.027401,0.50108,0.28874,-0.017732,-0.4236,-0.0020707,-0.31763,0.36119,1.1529,-0.9927,0.34927,0.20096,-0.43416,0.59568,0.13787,0.50015,-1.1127,-0.028334,-0.31878"
76,1623,1623,ELDEN RING,1245620,uhh this game make me mad,26,3.7666666666666666,2026-03-01 20:01:42,"20,000,000 .. 50,000,000","['FromSoftware, Inc.']","['FromSoftware, Inc.', 'Bandai Namco Entertainment']","['Action', 'RPG']",['windows'],"['Single-player', 'Multi-player', 'PvP', 'Online PvP', 'Co-op', 'Online Co-op', 'Steam Achievements', 'Full controller support', 'Steam Trading Cards', 'Camera Comfort', 'Custom Volume Controls', 'Playable without Timed Input', 'Save Anytime', 'Stereo Sound', 'Surround Sound', 'Steam Cloud', 'Family Sharing']","Feb 24, 2022",5999.0,"-0.025036832,0.07547683,0.7384367,-0.49062502,-0.48951998,0.15352832,0.17783582,0.096894346,0.13400532,-0.30234584,0.040031,-0.042943846,-0.03213283,-0.11127449,0.11857066,0.1829855,-0.121524006,0.43756548,-0.40201387,0.58778,0.33362666,0.11592,-0.19867404,-0.127006,0.38283166,0.29111198,-0.10427167,-0.22031333,0.27547786,0.022613337,-0.2439555,0.55365664,0.23137017,-0.11866749,0.048185002,0.20451732,-0.37804732,0.10061083,-0.12357833,-0.40963504,-0.08264499,0.13383415,-0.0007959902,-0.5135767,-0.2549215,-0.09871409,0.18337584,-0.29240933,-0.09277067,-0.77752495,-0.069646664,0.15314448,0.01955066,0.60467166,-0.35031334,-2.055715,0.18495649,0.27487335,1.053195,0.21624398,-0.14407003,0.7218433,-0.4528393,-0.20254451,0.6686483,0.1453975,0.37498435,0.20378649,-0.15977831,-0.08355951,0.083032325,-0.11735632,-0.05562683,-0.19340019,0.16221717,0.23160982,-0.22170736,-0.102823675,-0.35573998,0.12933068,0.47528663,-0.08036217,-0.5098117,0.10419834,-1.2052702,0.0456485,-0.058530837,-0.027238498,-0.33026984,0.014381672,-0.12752767,-0.06497984,-0.04900834,-0.16190499,-0.15613534,-0.43234333,-0.17274301,-0.24722266,0.2653683,0.10846117"
77,787,787,Black Myth: Wukong,2358720,one of best game i ever played,31,78.51666666666667,2026-02-27 15:00:45,"50,000,000 .. 100,000,000",['Game Science'],['Game Science'],"['Action', 'Adventure', 'RPG']",['windows'],"['Single-player', 'Steam Achievements', 'Full controller support', 'Steam Trading Cards', 'Playable without Timed Input', 'Stereo Sound', 'Surround Sound', 'Steam Cloud', 'Family Sharing']","Aug 19, 2024",5999.0,"-0.06882286,0.27561945,0.6808929,-0.31840172,-0.128247,0.39667684,0.20357355,-0.013394718,-0.6087014,-0.06076416,0.305598,-0.24942029,0.03710543,0.011762278,0.07473614,-0.07587914,0.30413714,0.35195628,-0.41105434,0.5441986,0.28111985,0.26972657,0.087729864,-0.06877429,0.58184713,-0.19398,-0.06782443,-0.41182286,0.22828285,-0.076938145,-0.35883698,0.5882928,0.29468426,0.10174558,0.216962,0.037353285,-0.4416429,0.59191567,-0.20211372,-0.25164485,-0.21278128,-0.045036282,0.33768457,-0.31232658,-0.060315575,0.11173213,0.33277225,-0.61660427,0.15127572,-0.9223643,-0.14833501,-0.13089815,0.14997001,1.0556599,-0.16391715,-2.7157857,-0.13401072,0.08418943,1.1543571,0.8589341,-0.3701457,0.94184864,-0.5225733,0.16062148,0.72215575,-0.119920425,0.5268329,0.3770992,-0.060695857,0.053958,0.18659414,-0.17069785,-0.010183141,0.020863283,0.12838714,0.21487142,-0.2901957,-0.18930516,-0.63713276,-0.0005188563,0.5082914,0.116129674,-0.59019727,0.13326384,-1.6395715,-0.19101429,-0.3064173,-0.4015201,-0.04001013,-0.4045813,-0.25877658,0.009614142,-0.14725573,0.16583143,-0.5163029,0.05758285,-0.47985432,-0.112762876,0.54223543,0.3250797"
78,368,368,Palworld,1623730,hi,4,87.01666666666667,2026-02-28 03:47:57,"50,000,000 .. 100,000,000",['Pocketpair'],['Pocketpair'],"['Action', 'Adventure', 'Indie', 'RPG', 'Early Access']",['windows'],"['Single-player', 'Multi-player', 'Co-op', 'Online Co-op', 'Cross-Platform Multiplayer', 'Steam Achievements', 'Full controller support', 'Steam Trading Cards', 'Steam Workshop', 'Steam Cloud', 'Family Sharing']","Jan 18, 2024",2999.0,"0.1444,0.23979,0.96693,0.31629,-0.36064,-0.87674,0.098512,0.31078,0.47929,0.27175,0.30005,-0.23732,-0.31517,0.17925,0.61773,0.59821,0.49489,0.3423,-0.078034,0.60212,0.18683,0.5207,-0.12331,0.48313,-0.24117,0.59696,0.61078,-0.84414,0.27661,0.068767,-1.1388,0.089544,0.89842,0.53788,0.10841,-0.10038,0.12921,0.11476,-0.474,-0.8049,0.96,-0.36602,-0.43019,-0.39808,-0.096782,-0.71184,-0.31494,0.82346,0.42179,-0.69205,-1.4864,0.29498,-0.30875,-0.49995,-0.4649,-0.44524,0.8106,1.4757,0.53782,-0.28271,-0.045796,0.14454,-0.74485,0.35495,-0.40961,0.35779,0.40061,0.37339,0.72163,0.40813,0.26155,-0.14239,-0.020514,-1.1106,-0.4767,0.37832,0.89612,-0.17323,-0.50137,0.22991,1.5324,-0.82032,-0.10096,0.45202,-0.88639,0.089056,-0.19347,-0.42253,0.022429,0.29444,0.020747,0.48935,0.35991,0.092758,-0.22428,0.60038,-0.3185,-0.72424,-0.22632,-0.030972"
79,1819,1819,Path of Exile 2,2694490,johnathan,9,1132.4833333333331,2026-03-01 05:04:49,"20,000,000 .. 50,000,000",['Grinding Gear Games'],['Grinding Gear Games'],"['Action', 'Adventure', 'Massively Multiplayer', 'RPG', 'Early Access']",['windows'],"['Single-player', 'Multi-player', 'MMO', 'Co-op', 'Online Co-op', 'Full controller support', 'HDR available']","Dec 6, 2024",2999.0,"0.48783,-0.37359,0.38238,-0.40123,-0.79422,0.20289,0.48896,-0.4281,-0.54497,-0.14496,-0.15691,-0.29348,-0.16506,0.11338,0.92838,-0.12012,0.26061,0.19937,-0.57279,-0.12972,-0.12857,0.26526,0.60384,0.12189,0.18121,0.32876,-0.29482,0.19623,-0.56018,0.077469,-0.57182,0.24353,0.29367,-0.34515,-0.56557,-0.78899,0.091427,0.12897,-0.044712,-0.51982,-0.44556,0.43368,0.39756,0.13736,-0.532,0.067341,-0.090179,-0.84858,-0.1998,0.79812,0.28574,0.75069,-0.42672,-0.10177,-0.3589,0.024024,-0.25219,-0.14534,-0.99696,-0.75888,0.13089,-0.074804,0.076202,-0.028965,0.10501,-0.37108,0.31136,0.28726,0.0093999,-0.021978,0.14606,-0.097673,-0.30007,-0.39985,0.02641,0.37569,-0.023061,0.060386,1.2687,0.029415,0.18065,0.069703,-0.42164,-0.22335,0.41303,-0.51324,0.015095,0.049134,-0.033168,0.045257,-0.67497,0.66771,-0.16782,-0.32687,-0.3177,-0.2556,0.54297,-0.59094,-0.78678,0.083524"
80,69,69,Counter-Strike: Global Offensive,730,i can t stop help,22,1301.1166666666666,2026-03-01 23:01:47,"100,000,000 .. 200,000,000",['Valve'],['Valve'],"['Action', 'Free To Play']","['windows', 'linux']","['Multi-player', 'Cross-Platform Multiplayer', 'Steam Trading Cards', 'Steam Workshop', 'In-App Purchases', 'Adjustable Text Size', 'Camera Comfort', 'Color Alternatives', 'Custom Volume Controls', 'Playable without Timed Input', 'Stereo Sound', 'Surround Sound', 'Valve Anti-Cheat enabled', 'Stats', 'Remote Play on Phone', 'Remote Play on Tablet', 'Remote Play on TV', 'Steam Timeline']","Aug 21, 2012",,"-0.1228158,0.35370404,0.073239006,-0.2708276,-0.349006,0.21210079,-0.2621866,0.24738201,0.057069995,-0.17615059,0.1777974,-0.0095489565,0.129005,0.17314419,-0.0018569946,-0.14148322,0.121011995,0.2119348,-0.49204597,0.265056,0.18629399,0.102429196,0.0059646363,-0.0017846018,0.105411805,0.5258544,-0.29057723,-0.53851396,0.540148,-0.42655438,0.009523397,0.91591597,0.085096,0.1888582,0.21721998,0.2002866,-0.037668794,0.114953995,0.39419,-0.0863,-0.12547398,-0.21489796,-0.1680777,-0.84116805,-0.5227764,0.21887799,-0.11947241,-0.176232,-0.044518802,-0.9896,0.058869004,0.052091997,0.084321,0.92668563,-0.01505599,-2.25944,-0.162933,0.099759385,1.7224201,0.42240056,-0.249054,0.53270596,-0.3922826,-0.060563385,0.811376,0.4874014,0.4814454,0.546858,0.017931998,-0.39739797,0.175062,-0.5591824,-0.197392,-0.695014,0.33131662,0.049294002,0.093511194,0.2437932,-0.62613,-0.0796656,0.717852,-0.44387403,-0.75558007,-0.0671,-1.59743,0.037592396,0.042904,-0.17512119,-0.3172108,-0.15708439,-0.2760786,-0.07726099,0.1437866,-0.362802,-0.4093996,-0.1605366,0.024848,-0.280774,0.41250762,0.267255"
81,857,857,Grand Theft Auto V Legacy,271590,,1,86.85,2026-03-01 06:50:25,"50,000,000 .. 100,000,000",['Rockstar North'],['Rockstar Games'],"['Action', 'Adventure']",['windows'],"['Single-player', 'Multi-player', 'PvP', 'Online PvP', 'Co-op', 'Online Co-op', 'Steam Achievements', 'Full controller support', 'Remote Play on Phone', 'Remote Play on Tablet', 'Remote Play on TV']","Apr 13, 2015",,"-0.040383,-0.2132,0.055937,-0.070654,0.4657,0.14988,0.35069,0.38861,1.0382,0.31142,0.43467,1.0776,0.20412,0.11486,-0.15259,-1.2375,0.63977,-0.40243,-0.32668,-0.16361,0.4715,0.097336,-0.3228,0.82284,-0.05374,0.72566,0.077025,0.19049,-1.011,0.063992,-0.42976,0.492,0.3961,-0.22394,-0.32937,-0.68569,-0.038767,1.2796,-0.51853,-0.14503,-0.46248,-0.021891,-0.57194,0.066688,0.36953,0.7507,-0.94705,-0.29925,0.41504,-0.50964,-0.61258,0.20794,0.51331,0.20323,-0.25576,-0.016653,0.36026,0.29747,-0.25774,-0.0073715,-0.6191,-0.16447,-0.28221,0.16458,-0.13794,-0.36302,0.32537,1.4793,0.16161,0.018392,-0.29274,0.56243,0.3591,-0.26062,0.24564,-0.39409,-0.61024,-0.23352,-0.40417,-0.46959,0.45789,-0.074916,0.12149,-0.79923,0.27619,0.19909,-1.3364,0.47668,0.9909,-0.057745,0.91582,0.46617,0.10032,0.25265,-0.36012,-0.42818,-0.3804,-1.3927,-0.015867,0.11311"
82,1483,1483,HELLDIVERS 2,553850,for superearth,16,104.03333333333332,2026-03-01 18:42:16,"20,000,000 .. 50,000,000",['Arrowhead Game Studios'],['PlayStation Publishing LLC'],['Action'],['windows'],"['Multi-player', 'Co-op', 'Online Co-op', 'Steam Achievements', 'In-App Purchases', 'Adjustable Text Size', 'Camera Comfort', 'Chat Speech-to-text', 'Chat Text-to-speech', 'Color Alternatives', 'Custom Volume Controls', 'Adjustable Difficulty', 'Narrated Game Menus', 'Playable without Timed Input', 'Stereo Sound', 'Subtitle Options', 'Surround Sound', 'Partial Controller Support', 'Family Sharing']","Feb 8, 2024",3999.0,"-0.14401,0.32554,0.14257,-0.099227,0.72536,0.19321,-0.24188,0.20223,-0.89599,0.15215,0.035963,-0.59513,-0.051635,-0.014428,0.35475,-0.31859,0.76984,-0.087369,-0.24762,0.65059,-0.15138,-0.42703,0.18813,0.091562,0.15192,0.11303,-0.15222,-0.62786,-0.23923,0.096009,-0.46147,0.41526,-0.30475,0.1371,0.16758,0.53301,-0.043658,0.85924,-0.41192,-0.21394,-0.51228,-0.31945,0.12662,-0.3151,0.0031429,0.27129,0.17328,-1.3159,-0.42414,-0.69126,0.019017,-0.13375,-0.096057,1.7069,-0.65291,-2.6111,0.26518,-0.61178,2.095,0.38148,-0.55823,0.2036,-0.33704,0.37354,0.6951,-0.001637,0.81885,0.51793,0.27746,-0.37177,-0.43345,-0.42732,-0.54912,-0.30715,0.18101,0.2709,-0.29266,0.30834,-1.4624,-0.18999,0.92277,-0.099217,-0.25165,0.49197,-1.525,0.15326,0.2827,0.12102,-0.36766,-0.61275,-0.18884,0.10907,0.12315,0.090066,-0.65447,-0.17252,2.6336e-05,0.25398,1.1078,-0.073074"
83,1555,1555,Warframe,230410,grinding constantly enjoyable,29,287.1333333333333,2023-08-27 18:57:33,"20,000,000 .. 50,000,000",['Digital Extremes'],['Digital Extremes'],"['Action', 'RPG', 'Free To Play']",['windows'],"['Single-player', 'Multi-player', 'Co-op', 'Online Co-op', 'Cross-Platform Multiplayer', 'Steam Achievements', 'Full controller support', 'Steam Trading Cards', 'Steam Workshop', 'In-App Purchases', 'Camera Comfort', 'Color Alternatives', 'Custom Volume Controls', 'Playable without Timed Input', 'Stereo Sound', 'Surround Sound', 'Remote Play on Phone', 'Remote Play on Tablet', 'Remote Play on TV', 'HDR available']","Mar 25, 2013",,"-0.76885,0.25893334,-0.030343005,0.14540768,-0.37398434,0.46367,-0.32536665,0.60663337,0.45324,-0.16336285,0.038975667,-0.4236467,-0.09408734,-0.25801668,0.03631,-0.12547833,-0.18035333,0.01931833,0.20112999,0.24545002,0.25447667,0.36977568,0.010586669,-0.32761332,0.4165167,0.19566433,-0.35518,0.17728202,-0.039466333,0.039375674,-0.54353666,-0.028787302,-0.142186,-0.10489,0.027516663,-0.20595331,-0.30964366,-0.32615998,0.27416334,-0.47258332,-0.33156002,0.035169005,-0.17449467,-0.14931333,-0.33006236,0.191504,0.19276667,-0.25374332,0.442174,-0.8956833,0.06583333,-0.44642666,0.03036967,0.945813,0.25955534,-0.7074134,0.16180666,0.22026233,0.22331667,-0.022372663,0.11676333,0.34957233,-0.21328999,-0.08346667,0.29426667,-0.06576333,0.59453666,-0.30364966,0.110929996,-0.27058664,0.24336934,-0.11083334,0.27883,0.15077333,0.027907997,0.077058,-0.3670063,-0.10373667,0.30584,0.090676665,-0.15246333,0.26541,-0.60591763,0.57727,-0.93049,0.19969332,-0.036786664,-0.08535666,-0.90603,-0.20363499,-0.27905834,0.39702,-0.070533335,-0.23726666,0.16564333,-0.4036387,-0.44388667,-0.052833334,0.45625004,0.65906334"
84,1691,1691,ELDEN RING,1245620,malenia and ranni are both so bad and they both get me rock hard,66,38.03333333333333,2026-03-01 01:13:03,"20,000,000 .. 50,000,000","['FromSoftware, Inc.']","['FromSoftware, Inc.', 'Bandai Namco Entertainment']","['Action', 'RPG']",['windows'],"['Single-player', 'Multi-player', 'PvP', 'Online PvP', 'Co-op', 'Online Co-op', 'Steam Achievements', 'Full controller support', 'Steam Trading Cards', 'Camera Comfort', 'Custom Volume Controls', 'Playable without Timed Input', 'Save Anytime', 'Stereo Sound', 'Surround Sound', 'Steam Cloud', 'Family Sharing']","Feb 24, 2022",5999.0,"-0.23091438,0.2689131,0.301542,-0.4303617,-0.111708455,0.23042417,-0.31540924,0.14175223,-0.028083466,-0.1431677,0.25197363,-0.087584384,0.3092957,0.2650421,0.086527854,-0.32561958,-0.015684102,0.14168583,-0.43821466,0.49926007,0.34426153,0.153417,0.2943939,-0.022536997,0.056395613,0.08858769,-0.16206771,-0.5284008,0.23419592,-0.1257299,0.031710543,0.44175175,-0.062110387,0.0716803,0.18940584,0.226974,0.025635302,0.261708,0.021485765,-0.20057493,-0.2912017,-0.26362225,-0.069481544,-0.30715477,-0.281356,-0.07147077,0.20372464,-0.17884353,0.122256756,-0.6831347,-0.16094352,-0.012794768,0.0033073837,1.0293558,-0.042469997,-2.1933794,0.116814606,0.020577077,1.3407362,0.48076755,-0.10346985,0.9204355,-0.31140172,0.19886802,0.7159962,-0.047148697,0.7089046,0.35660923,0.23395485,-0.39843172,-0.09934681,-0.20862077,0.008851001,-0.27244812,0.081395544,0.06102554,-0.123527765,0.05319331,-0.43082997,-0.07936947,0.6473585,0.09274144,-0.51656544,0.062187232,-1.4004607,-0.15060854,-0.08026223,-0.05984869,-0.40966722,-0.30364773,-0.19786261,-0.30827653,-0.26307672,0.14205547,-0.58809155,-0.019493995,-0.4816408,-0.22281073,0.54931694,0.27962643"
85,1474,1474,HELLDIVERS 2,553850,unironically the best video game i have ever played,52,23.9,2026-03-01 19:18:09,"20,000,000 .. 50,000,000",['Arrowhead Game Studios'],['PlayStation Publishing LLC'],['Action'],['windows'],"['Multi-player', 'Co-op', 'Online Co-op', 'Steam Achievements', 'In-App Purchases', 'Adjustable Text Size', 'Camera Comfort', 'Chat Speech-to-text', 'Chat Text-to-speech', 'Color Alternatives', 'Custom Volume Controls', 'Adjustable Difficulty', 'Narrated Game Menus', 'Playable without Timed Input', 'Stereo Sound', 'Subtitle Options', 'Surround Sound', 'Partial Controller Support', 'Family Sharing']","Feb 8, 2024",3999.0,"0.014495745,0.21303076,0.5451432,-0.45480525,-0.06774587,0.24787512,0.17269562,0.08404337,-0.36837548,-0.11365251,0.31036323,-0.29422,0.18067563,-0.12363249,-0.0013706293,0.055836994,0.28416872,0.3058625,-0.45034504,0.4333825,0.26335612,0.14006351,0.2130685,-0.008131249,0.46926618,-0.16490373,-0.042537622,-0.3034875,0.19262624,0.017112494,-0.17377275,0.64367247,0.07867376,0.3179095,0.41979,0.07462137,-0.4504338,0.5488925,-0.17657037,-0.342208,-0.11899986,-0.04295675,0.14259526,-0.15866823,-0.0275525,0.049794495,0.29629248,-0.6111462,0.35337502,-0.9573613,-0.15255812,-0.03972963,0.16504374,1.0441314,-0.053116985,-2.6572876,-0.132128,0.10571701,1.2007875,0.8483074,-0.41111374,1.0198675,-0.538492,0.030451536,0.76245123,-0.04773787,0.44613937,0.39457488,-0.16406037,0.067422494,0.22383387,-0.16692187,0.061969377,-0.07516349,0.0053637475,0.22122626,-0.27213624,-0.039279997,-0.56269616,0.022890503,0.53393376,-0.030834774,-0.43900016,0.066197254,-1.7417002,-0.262315,-0.11867264,-0.31552702,-0.15678263,-0.29927674,-0.26573125,0.016184751,-0.1667825,0.08953625,-0.43324998,-0.051682513,-0.4578075,-0.076098755,0.62507975,0.2926545"
86,1798,1798,Terraria,105600,a bit like minecraft but better when i started i got lucky and ran into load of useful item but other people might be very confused because this game is not friendly for newbie most boss are ok but please make skeletron prime and skeletron less tanky i find them rlly hard other than that the gameplay is fun would definately reccomend,345,13.15,2026-03-01 13:12:11,"20,000,000 .. 50,000,000",['Re-Logic'],['Re-Logic'],"['Action', 'Adventure', 'Indie', 'RPG']","['windows', 'mac', 'linux']","['Single-player', 'Multi-player', 'PvP', 'Online PvP', 'Co-op', 'Online Co-op', 'Steam Achievements', 'Full controller support', 'Steam Trading Cards', 'Steam Cloud', 'Remote Play on Phone', 'Remote Play on Tablet', 'Remote Play on TV', 'Family Sharing']","May 16, 2011",999.0,"-0.21014392,0.2882536,0.44523612,-0.3774019,-0.1861366,0.18627466,-0.06409691,0.107815936,0.015701026,-0.08285446,0.1109372,-0.0447768,0.21105348,-0.10333809,0.1403963,-0.27364486,0.028257165,0.14875843,-0.32322702,0.37190813,0.29578483,0.06750823,0.13090144,-0.11226073,0.19705151,0.006472102,-0.15001592,-0.38559666,0.047328506,-0.102289945,-0.11863237,0.5367904,-0.058930453,-0.042094484,0.2526321,0.29398647,-0.09039084,0.2032894,-0.014031314,-0.28430882,-0.27625763,-0.18016939,0.19055907,-0.41680816,-0.20335352,-0.009209287,0.23901838,-0.25747922,0.022419184,-0.7152474,0.022542557,-0.13771701,0.10362807,0.99058074,-0.16541141,-2.1496298,0.0005767233,-0.036951467,1.4223129,0.48927748,-0.19226736,0.7938689,-0.37446487,0.12855724,0.76606387,-0.015772998,0.5412714,0.3249471,0.116130196,-0.24058366,-0.036740366,-0.37967044,0.036059186,-0.29137504,0.15215296,0.16944052,-0.16652764,0.00021061249,-0.65894336,-0.030950777,0.4920725,-0.04324518,-0.56492686,0.049723577,-1.4284358,-0.18272762,0.008458669,-0.10403258,-0.35137522,-0.4338878,-0.0655324,-0.10396859,-0.05667974,0.0036608845,-0.46622515,-0.054350097,-0.24863917,-0.29504696,0.39712444,0.27344215"
87,478,478,Team Fortress 2,440,great way to pas the time,27,3355.5666666666666,2026-02-17 18:30:55,"50,000,000 .. 100,000,000",['Valve'],['Valve'],"['Action', 'Free To Play']","['windows', 'linux']","['Multi-player', 'Cross-Platform Multiplayer', 'Steam Achievements', 'Steam Trading Cards', 'Captions available', 'Steam Workshop', 'In-App Purchases', 'Camera Comfort', 'Color Alternatives', 'Custom Volume Controls', 'Stereo Sound', 'Surround Sound', 'Partial Controller Support', 'Valve Anti-Cheat enabled', 'Stats', 'Includes level editor', 'Commentary available', 'Remote Play on Phone', 'Remote Play on Tablet']","Oct 10, 2007",,"-0.035301834,-0.08202517,0.49113336,-0.189484,-0.14781149,0.2467855,-0.12962517,0.22078265,-0.2412495,-0.0021018337,0.04481083,-0.06530417,0.07252266,-0.21672082,0.022651672,-0.36292496,0.29178834,0.028453154,-0.52615166,0.100728124,0.43624184,-0.021606661,0.0830555,0.012418498,0.090982415,-0.14781,-0.19782649,-0.52510047,0.40486813,-0.32835802,-0.345062,0.3214235,-0.037375,-0.031088332,-0.12793,0.3426896,-0.12703434,0.3692045,-0.10808901,-0.28084168,-0.5969384,-0.15326402,0.06548036,-0.4113593,-0.10633501,0.16491164,0.39363733,-0.43077835,-0.06145288,-0.48393166,-0.32141086,0.12769,0.274665,1.0890684,-0.38313985,-2.5053332,0.020868326,-0.023919836,1.445635,0.27421668,-0.24580036,0.5557517,-0.336676,0.29606,0.76260954,0.06817349,0.23807085,0.15035783,0.0021836658,-0.29616967,0.117811166,-0.24327499,-0.038357835,-0.6377866,0.065509506,-0.19816184,-0.23164916,-0.21165834,-0.6148283,0.12671016,0.5508633,0.031263333,-0.20133168,0.09984066,-1.3373533,0.030875495,-0.079884335,-0.10735449,-0.07879683,-0.31075,-0.12114582,-0.12500368,-0.19047783,0.23553218,-0.6048305,-0.25316334,-0.271361,-0.5144064,0.40824333,0.3183105"
88,281,281,PUBG: BATTLEGROUNDS,578080,stuff,7,2138.4,2026-02-19 02:11:49,"100,000,000 .. 200,000,000",['PUBG Corporation'],"['KRAFTON, Inc.']","['Action', 'Adventure', 'Massively Multiplayer', 'Free To Play']",['windows'],"['Multi-player', 'PvP', 'Online PvP', 'Stats', 'Remote Play on Phone', 'Remote Play on Tablet']","Dec 21, 2017",,"0.01327,0.60072,0.73302,-1.256,-0.71385,0.43125,-0.022509,-0.26617,0.16483,0.095718,0.67235,0.058833,-0.16134,0.52407,0.2645,0.17177,-0.071345,0.80138,0.42704,0.5182,0.24215,0.54886,-0.082901,-0.92855,0.14951,0.34004,-0.27553,-0.3111,-0.14184,-0.28741,-0.14895,0.24158,0.31788,-0.22528,-0.073609,0.27159,-0.59797,-0.21644,0.39243,-0.50838,0.13172,-0.19657,-0.44586,-1.0645,-0.98247,-0.2623,-0.17522,-0.14342,0.13081,-0.78544,0.58071,0.31643,-0.12833,0.45212,0.1223,-1.522,-0.035001,1.0612,1.358,0.35827,0.19296,1.429,-0.68311,-0.077891,0.76175,-0.10884,1.2128,-0.28429,-0.18811,-0.29839,0.52557,-0.32757,0.19553,0.25458,-0.05587,0.69471,-0.093532,0.01985,0.037797,0.51738,-0.090627,0.07836,-0.29865,-0.16254,-1.0912,0.009377,-0.37909,-0.20126,-0.65478,-0.14797,0.0080199,0.11249,0.23713,-0.34334,-0.22174,-0.11719,-0.16873,-0.11046,0.44013,1.0276"
89,1647,1647,ELDEN RING,1245620,best game ever made,19,115.68333333333334,2026-03-01 13:44:34,"20,000,000 .. 50,000,000","['FromSoftware, Inc.']","['FromSoftware, Inc.', 'Bandai Namco Entertainment']","['Action', 'RPG']",['windows'],"['Single-player', 'Multi-player', 'PvP', 'Online PvP', 'Co-op', 'Online Co-op', 'Steam Achievements', 'Full controller support', 'Steam Trading Cards', 'Camera Comfort', 'Custom Volume Controls', 'Playable without Timed Input', 'Save Anytime', 'Stereo Sound', 'Surround Sound', 'Steam Cloud', 'Family Sharing']","Feb 24, 2022",5999.0,"0.030934747,0.17879076,0.6782825,-0.36056298,0.009240255,0.128692,0.48159498,-0.15708077,-0.5240035,-0.07580202,0.250259,-0.3929675,0.009919509,-0.08391601,0.0054649934,0.118501514,0.42860252,0.47640753,-0.38450003,0.50331575,0.30415002,0.1625935,0.045983,0.03391,0.58024526,-0.18015,-0.19778275,-0.20086,0.115373,-0.21093,-0.40773746,0.664675,0.10309375,0.1055955,0.4436525,0.21143825,-0.65236276,0.4292625,-0.550165,-0.265875,-0.081429996,0.07562275,0.2034555,-0.14820826,0.008976746,0.051683,0.32404998,-0.71457005,0.256376,-1.0171751,-0.11433251,-0.120774,0.21532,1.0439376,-0.00948,-2.6207752,-0.226456,0.2251845,1.2355499,0.6946597,-0.55318,0.7926075,-0.5457275,0.2179495,0.6799825,-0.317125,0.3871775,0.35769725,-0.19633274,-0.0953875,0.19764301,-0.053531244,-0.031812496,0.09634051,0.075197496,0.26576,-0.55593,-0.11245501,-0.48751825,0.17229751,0.4421425,0.17634127,-0.50935453,0.149525,-1.588575,-0.229405,-0.11391076,-0.210805,-0.113040246,-0.3491525,-0.20636125,-0.041308254,-0.2114975,-0.09774451,-0.43271,-0.015570015,-0.55764,-0.053797506,0.605395,0.23833999"
90,1556,1556,Warframe,230410,i ve been playing warframe since gauss update which is around or so awesome fast paced looter shooter game i don t usually play third person shooter game with photo realistic design like these but this one is an exception the warframe design which are like bio mechas are amazing the gameplay is really fun and it s not just about the gun it also have melee and warframes ability which combine into unique build you can also change your warframes functionality like strength duration and range with mod and such the cinematic story are phenomenal and i still praise them till this day the game also ha a lot of game mode which we will also come to this later the game also ha amazingly friendly comunity a well this game is free to play while having aaa game level of design and you can grind premium currency ingame pretty easily however the game is quite grindy which is the least worst thing on the list you want to play with new stuff now but you have to wait day for it to finish crafting which kill off the hype every content update brings you new game mode which is another content island that ha barely anything to do with the rest of the game with material that once you have everything you can craft with that material will with no doubt never want to have anything to do with that game mode ever again although a lot of content update add a lot of refreshing new game mode and well content they all feel so different that it feel like another game entirely every time the game also lack a form of endgame content by that i don t mean sitting in survival for hour killing level foot soldier by that i mean actual hard boss assassinate mission are a joke the boss are forgettable save for eidolons orb and ropalolyst which are not available for majority of the player unless they grind really hard to unlock them not to mention actually be able to beat them railjacks are fun for the first hour or so but it s also another content island which you don t want to have anything to do with aside from those liches and sister hunt are actually quite fun challenging and memorable a a bos and doe give some nice us or raijacks a their dramatic final confrontation the new orowyrm in duviri paradox is also quite something too but wayy too easy i stopped playing warframe around the new war but it s still fun enough to keep me coming back to the game occasionally because of the fun gameplay the mechanic deep under it keep pushing me away and every update with new game mode keep getting me dumbfounded of what is going on and what to do every time i return tldr very fun game with fun gameplay but once you look deeper you will see a mess behind the mechanic,2795,2193.016666666667,2023-07-24 18:34:55,"20,000,000 .. 50,000,000",['Digital Extremes'],['Digital Extremes'],"['Action', 'RPG', 'Free To Play']",['windows'],"['Single-player', 'Multi-player', 'Co-op', 'Online Co-op', 'Cross-Platform Multiplayer', 'Steam Achievements', 'Full controller support', 'Steam Trading Cards', 'Steam Workshop', 'In-App Purchases', 'Camera Comfort', 'Color Alternatives', 'Custom Volume Controls', 'Playable without Timed Input', 'Stereo Sound', 'Surround Sound', 'Remote Play on Phone', 'Remote Play on Tablet', 'Remote Play on TV', 'HDR available']","Mar 25, 2013",,"-0.17986321,0.23718594,0.40985045,-0.3002252,-0.09713188,0.21737964,-0.082555026,0.1780369,-0.10566679,-0.01876138,0.14399666,-0.04993627,0.1929994,-0.04394885,0.13806015,-0.18160161,0.124968946,0.15418732,-0.32831374,0.29566813,0.26118132,-0.053215906,0.15718514,-0.036463615,0.2625536,-0.04258278,-0.13576922,-0.38158706,0.038980134,-0.16757303,-0.17428705,0.5025994,-0.09425488,0.013801396,0.1424971,0.22791092,-0.05867862,0.19316663,-0.034562293,-0.21835637,-0.2316188,-0.22825179,0.09557156,-0.31322214,-0.12418467,0.028941182,0.19232458,-0.31001598,-0.003911325,-0.7301101,0.021398319,-0.060695335,0.09621624,1.0159957,-0.132439,-2.3024778,-0.012578508,-0.13131748,1.4303404,0.496617,-0.18444052,0.7509382,-0.29691395,0.079746336,0.72094345,0.010128399,0.4729531,0.2508956,0.07638107,-0.18232085,0.02220069,-0.28041986,-0.03407293,-0.29224384,0.1582591,0.08509637,-0.16506737,-0.03128266,-0.68134946,0.010965104,0.47329324,-0.023382204,-0.50921774,0.07870142,-1.311331,-0.11057552,0.03286714,-0.13177218,-0.14034101,-0.2750704,-0.093400255,-0.066098236,-0.12840879,0.026635267,-0.41004178,-0.119004846,-0.2597868,-0.30810508,0.5244068,0.2436016"
91,1729,1729,Terraria,105600,i see the boulder and chest underneath them easy i think then i die becuase i didnt know it would explode,109,81.05,2026-03-01 21:58:42,"20,000,000 .. 50,000,000",['Re-Logic'],['Re-Logic'],"['Action', 'Adventure', 'Indie', 'RPG']","['windows', 'mac', 'linux']","['Single-player', 'Multi-player', 'PvP', 'Online PvP', 'Co-op', 'Online Co-op', 'Steam Achievements', 'Full controller support', 'Steam Trading Cards', 'Steam Cloud', 'Remote Play on Phone', 'Remote Play on Tablet', 'Remote Play on TV', 'Family Sharing']","May 16, 2011",999.0,"-0.16293034,0.31119078,0.38399845,-0.37346265,-0.46498644,0.27749926,-0.13975266,0.21341129,0.19459684,-0.04691045,0.3548919,0.24807349,0.25072396,0.06680467,0.12679723,-0.21139093,-0.10050219,0.36005005,-0.5460796,0.21308964,0.1425979,0.28691924,-0.048033126,-0.19630289,0.16365527,0.2266864,-0.22331814,-0.5263631,0.4433353,-0.34619313,-0.099762,0.5108123,0.19697875,0.088925704,0.09608991,0.2501715,-0.11347069,0.21233949,0.3291209,-0.30404764,-0.28031993,-0.1529237,-0.031783313,-0.5759667,-0.3977806,0.01575177,0.3122421,-0.19380143,-0.12381935,-0.7764502,-0.029133428,0.031187685,0.09285847,0.89327866,-0.23353888,-1.9563338,0.07991668,0.08680381,1.1747195,0.52866775,-0.061556753,0.94167763,-0.4569794,0.15722144,0.68181,0.14293496,0.59557533,0.3774341,-0.18012902,-0.23134656,0.2099993,-0.29606053,0.27522486,-0.35564572,0.13883309,0.052619867,-0.006750859,-0.059936814,-0.4134398,-0.06595642,0.45831186,-0.07356437,-0.61579907,0.092314675,-1.1869092,-0.39590114,0.051529903,-0.29386526,-0.47508913,-0.20714283,0.0044530965,-0.25159138,0.050320614,0.12566058,-0.46455237,-0.008358999,-0.059060223,-0.11544675,0.20647205,0.3008314"
92,210,210,PUBG: BATTLEGROUNDS,578080,still a game with mechanic with cheater with slow asf movment and wayyyy to small fast zone for map size literally the game is all about getting into zone and nothing else shame wa so much fun when it first came out,251,348.56666666666666,2026-02-28 10:59:18,"100,000,000 .. 200,000,000",['PUBG Corporation'],"['KRAFTON, Inc.']","['Action', 'Adventure', 'Massively Multiplayer', 'Free To Play']",['windows'],"['Multi-player', 'PvP', 'Online PvP', 'Stats', 'Remote Play on Phone', 'Remote Play on Tablet']","Dec 21, 2017",,"-0.15520589,0.26695964,0.4755156,-0.2590057,-0.09903346,0.2723261,-0.052907716,0.1720193,-0.011782382,-0.022294272,0.13835405,-0.059489407,0.14289403,-0.034505315,0.21098188,-0.165004,0.14191714,0.09327549,-0.26298252,0.17656153,0.25476587,0.12368718,0.17409463,-0.09317395,0.3032961,-0.0010831938,-0.23811361,-0.3039053,0.0039154375,-0.16223268,-0.19499724,0.45231795,-0.035554033,0.015670918,0.106369406,0.1630912,0.016290287,0.18592736,-0.0643419,-0.16673692,-0.23659359,-0.1852954,0.106304444,-0.2608366,-0.06745847,0.004216009,0.16225955,-0.14651608,0.026692292,-0.61237466,-0.11596589,-0.02874857,0.06872813,1.009599,-0.22181958,-2.2075489,-0.034945857,-0.08139551,1.3551044,0.54359126,-0.1370492,0.64871883,-0.2632417,0.118620545,0.5693109,0.07744728,0.44700423,0.16584897,0.15905729,-0.040288478,-0.06814786,-0.22724698,-0.050812297,-0.28507388,0.1858673,0.15941872,-0.16305412,-0.036882315,-0.6190894,0.10657796,0.48458248,0.057584926,-0.51674587,0.15591784,-1.090383,-0.08564123,0.06811247,-0.18821093,-0.17010307,-0.25055233,-0.05488301,-0.037692886,-0.22687875,0.02009988,-0.34280825,-0.14514163,-0.2027485,-0.16321021,0.48795053,0.1569033"
93,297,297,PUBG: BATTLEGROUNDS,578080,nice,4,362.2,2026-02-17 11:52:08,"100,000,000 .. 200,000,000",['PUBG Corporation'],"['KRAFTON, Inc.']","['Action', 'Adventure', 'Massively Multiplayer', 'Free To Play']",['windows'],"['Multi-player', 'PvP', 'Online PvP', 'Stats', 'Remote Play on Phone', 'Remote Play on Tablet']","Dec 21, 2017",,"-0.18554,0.047152,0.34867,-0.23114,-0.26083,0.63108,0.55687,0.61622,-0.15437,-0.38381,0.12445,-0.26999,-0.29196,0.1125,0.36035,0.70689,-0.33891,-0.2695,0.17481,0.97048,0.23014,0.63168,-0.24543,-0.7289,0.32517,-0.21118,-0.80354,-0.59863,-0.10182,-0.87826,-0.80162,0.20999,0.64598,-0.38239,0.64512,0.73046,-0.19881,0.35717,0.19135,-0.43686,0.75956,-0.66431,0.34509,-1.0383,-0.50491,0.19976,-0.041208,0.16952,0.17821,-0.84249,0.21992,-0.16474,-0.24669,0.34117,-0.59713,-2.3434,0.31484,0.69668,0.53368,-0.62857,-0.197,0.52241,-1.5903,-0.16475,0.62553,-0.094116,0.0070705,0.22617,-0.45698,-0.53268,0.11573,-0.19052,0.28086,-0.5591,0.35291,0.42552,0.47334,-0.41046,0.47275,0.22753,-0.097073,-0.11809,-0.25613,-0.10689,-1.2788,-0.085504,0.20205,0.23338,-0.52939,-0.49492,0.15289,-0.31324,0.41248,-0.10425,-0.65246,0.48348,-0.54844,0.095473,-0.1142,0.32743"
94,1884,1884,Path of Exile 2,2694490,flawed broken in place but worth the price of the early access supporter pack there s plenty to do to keep you busy for a hundred hour or more,148,100.41666666666669,2026-02-26 17:03:06,"20,000,000 .. 50,000,000",['Grinding Gear Games'],['Grinding Gear Games'],"['Action', 'Adventure', 'Massively Multiplayer', 'RPG', 'Early Access']",['windows'],"['Single-player', 'Multi-player', 'MMO', 'Co-op', 'Online Co-op', 'Full controller support', 'HDR available']","Dec 6, 2024",2999.0,"-0.115288965,0.26352778,0.27962056,-0.17942205,-0.023832316,0.22461782,-0.13055986,0.2353673,-0.18416725,-0.009906306,0.17165537,0.029780766,0.059613425,-0.025422312,0.07584334,-0.2972105,0.13817391,0.0143007515,-0.25351214,0.2522304,0.3877267,-0.011554114,0.18997458,-0.088032946,0.23085131,-0.105488755,-0.16454431,-0.45602453,0.051660854,-0.12829302,-0.056559347,0.34147307,-0.018682687,0.002260998,0.05100827,0.31142676,-0.026468461,0.16910596,0.06386652,-0.026674444,-0.3187306,-0.30483377,0.17073789,-0.36091843,-0.063205495,0.00032383256,0.12027885,-0.36066854,-0.057237245,-0.7046603,0.13019925,-0.0884202,0.09988293,0.9948507,-0.23595154,-2.307838,-0.042003784,-0.2853855,1.6951832,0.33984575,-0.20802918,0.66778815,-0.28908285,0.17330417,0.6490967,0.015884755,0.42882818,0.17900646,0.16974472,-0.26506495,-0.06379781,-0.22524755,-0.08420666,-0.2851146,0.10097596,0.05677817,-0.10803975,-0.014266973,-0.77356446,0.00781521,0.62989813,0.04723848,-0.4707119,0.11505904,-1.2527645,-0.07332534,0.053065132,-0.04741034,-0.13605832,-0.23131356,-0.029015146,0.021016411,-0.03329346,-0.00054773997,-0.64609134,-0.098718375,-0.094532356,-0.17165433,0.5921042,0.19438665"
95,1833,1833,Path of Exile 2,2694490,hmm,3,114.55,2026-02-28 05:20:21,"20,000,000 .. 50,000,000",['Grinding Gear Games'],['Grinding Gear Games'],"['Action', 'Adventure', 'Massively Multiplayer', 'RPG', 'Early Access']",['windows'],"['Single-player', 'Multi-player', 'MMO', 'Co-op', 'Online Co-op', 'Full controller support', 'HDR available']","Dec 6, 2024",2999.0,"-0.4564,0.53539,0.72034,-0.45474,-1.0291,-0.14448,0.69841,-0.51705,0.6687,0.45675,0.70884,0.029183,0.058466,-0.34465,0.081159,0.20523,-0.91305,0.76385,-0.11913,0.47557,-0.28065,0.80437,-0.1998,-0.28011,0.59128,0.68205,-0.092186,-0.030024,-0.048108,-0.30372,0.14119,0.092383,0.13182,-0.022411,-0.38397,0.25391,0.61422,0.3932,1.0835,-0.44601,0.4476,0.18173,-0.47565,-0.30465,-1.1324,-0.95464,0.45588,0.0064325,-0.49722,-0.16833,-0.20604,0.51837,0.21349,0.10941,-0.87584,0.55539,0.80727,-0.019031,-0.5546,0.21521,-0.91798,0.6483,-0.35224,0.45101,0.61582,0.42649,0.31206,-0.021135,-0.99383,0.50285,0.50037,-0.36433,0.14414,-0.22893,-0.10836,-0.45672,0.38147,-0.28949,-0.41661,-0.73352,0.17038,-0.28643,0.58405,0.12862,0.24734,0.66441,0.46953,-1.0126,-0.3184,0.4103,0.44806,0.43267,0.47766,-0.37395,0.27839,-0.30413,0.35063,-0.83672,-0.48547,0.4399"
96,651,651,New World: Aeternum,1063730,game is fun to play used to play in hype day and release but now it s just hard to start it again along with the server marging and pvp amazon did a good job creating a game like this gathering and pve are super fun pvp requires discord call and a balanced team with bomb squad to win will try it again soon,316,329.56666666666666,2026-02-19 08:45:29,"50,000,000 .. 100,000,000",['Amazon Game Studios'],['Amazon Game Studios'],"['Action', 'Adventure', 'Massively Multiplayer', 'RPG']",['windows'],"['Multi-player', 'MMO', 'PvP', 'Online PvP', 'Co-op', 'Online Co-op', 'Steam Achievements', 'In-App Purchases', 'Adjustable Text Size', 'Camera Comfort', 'Chat Speech-to-text', 'Chat Text-to-speech', 'Color Alternatives', 'Custom Volume Controls', 'Keyboard Only Option', 'Playable without Timed Input', 'Save Anytime', 'Stereo Sound', 'Subtitle Options', 'Surround Sound', 'Partial Controller Support']","Sep 28, 2021",,"-0.1980411,0.15648004,0.39755794,-0.33190608,-0.03822163,0.2496417,-0.042337757,0.16088535,-0.14451687,0.036513116,0.09965111,-0.1651057,0.13540187,-0.074585535,0.046547327,-0.106196694,0.21215306,0.15706366,-0.33777222,0.26344457,0.23401666,-0.08441089,0.20489779,0.106611095,0.24952179,-0.029106133,-0.17937797,-0.3112962,0.10697386,-0.12387986,-0.35812965,0.532728,-0.11379939,-0.00369202,0.20684087,0.19390416,-0.10963849,0.1979206,-0.09655237,-0.2009519,-0.20461671,-0.20135249,0.14293589,-0.33210662,-0.09889525,0.01070286,0.19063924,-0.31939992,0.045336034,-0.7726073,-0.07414075,-0.024763398,0.053977907,1.0092058,-0.0955685,-2.3733602,-0.070606485,-0.18287031,1.3531103,0.4783484,-0.29890516,0.62714446,-0.30664292,0.04189301,0.6441789,0.018360097,0.41112033,0.3228812,0.10389552,-0.17766939,0.032034684,-0.35312223,-0.08330869,-0.35422406,0.090945035,0.12441046,-0.18497148,0.018323664,-0.6003143,0.056581743,0.5143273,-0.008542057,-0.47330692,0.11351335,-1.1556015,-0.110856704,0.13310692,-0.03754572,-0.13604712,-0.2106223,-0.06395447,0.0076941615,-0.20893316,0.07740199,-0.36679155,-0.061391838,-0.14785266,-0.17546396,0.5610367,0.23343982"
97,1233,1233,War Thunder,236390,shoot plane plane go boom,27,734.1,2025-06-04 17:36:53,"20,000,000 .. 50,000,000",['Gaijin Entertainment'],['Gaijin Network Ltd'],"['Action', 'Massively Multiplayer', 'Simulation', 'Free To Play']","['windows', 'mac', 'linux']","['Single-player', 'Multi-player', 'MMO', 'PvP', 'Online PvP', 'Co-op', 'Online Co-op', 'Cross-Platform Multiplayer', 'Steam Achievements', 'Full controller support', 'VR Supported', 'Steam Trading Cards', 'In-App Purchases', 'Adjustable Text Size', 'Camera Comfort', 'Color Alternatives', 'Custom Volume Controls', 'Playable without Timed Input', 'Stereo Sound', 'Surround Sound', 'Remote Play on Phone', 'Remote Play on Tablet']","Aug 15, 2013",,"-0.1556292,0.1013448,0.54463637,-0.19956599,-0.21231,-0.099455595,0.025575388,0.383372,0.1974272,0.10786198,0.544798,0.228862,0.23316021,0.3416106,0.078758,-0.275526,-0.294588,0.520864,-0.026754003,0.089424,0.430204,0.20373602,0.0233366,-0.25057942,0.2489796,0.026636403,-0.582862,-0.06481521,0.38041598,-0.347514,-0.48066396,0.238628,-0.09035914,0.445926,0.1305714,0.23144802,0.24940439,0.06250318,0.63949335,-0.111376,-0.6745404,-0.2630372,-0.254656,0.048058003,0.157296,0.112312004,-0.018052006,0.032985996,-0.036119185,-0.5212924,-0.2234346,0.411692,0.018384002,1.188958,0.3410782,-1.7161201,-0.40153998,0.54639804,1.9966199,0.339309,-0.06381039,0.95719594,0.049846,0.0199136,0.046666592,0.2914748,0.024824005,-0.126356,-0.7049004,0.30782405,-0.323316,-0.619302,0.038367998,-0.24365039,0.1734824,-0.0916484,0.17103198,0.0770004,-0.5778224,0.16538398,0.298506,0.0303776,-0.16672,-0.33724278,-0.74954,-0.492284,0.3964334,-0.29226202,-0.338228,-0.22804801,0.022940999,0.13056101,0.104668,-0.29265362,-0.3473092,-0.068948,-0.0003512025,0.055174403,0.096014395,-0.5468901"
98,1502,1502,Warframe,230410,,3,47.25,2025-12-15 23:15:13,"20,000,000 .. 50,000,000",['Digital Extremes'],['Digital Extremes'],"['Action', 'RPG', 'Free To Play']",['windows'],"['Single-player', 'Multi-player', 'Co-op', 'Online Co-op', 'Cross-Platform Multiplayer', 'Steam Achievements', 'Full controller support', 'Steam Trading Cards', 'Steam Workshop', 'In-App Purchases', 'Camera Comfort', 'Color Alternatives', 'Custom Volume Controls', 'Playable without Timed Input', 'Stereo Sound', 'Surround Sound', 'Remote Play on Phone', 'Remote Play on Tablet', 'Remote Play on TV', 'HDR available']","Mar 25, 2013",,"-0.040383,-0.2132,0.055937,-0.070654,0.4657,0.14988,0.35069,0.38861,1.0382,0.31142,0.43467,1.0776,0.20412,0.11486,-0.15259,-1.2375,0.63977,-0.40243,-0.32668,-0.16361,0.4715,0.097336,-0.3228,0.82284,-0.05374,0.72566,0.077025,0.19049,-1.011,0.063992,-0.42976,0.492,0.3961,-0.22394,-0.32937,-0.68569,-0.038767,1.2796,-0.51853,-0.14503,-0.46248,-0.021891,-0.57194,0.066688,0.36953,0.7507,-0.94705,-0.29925,0.41504,-0.50964,-0.61258,0.20794,0.51331,0.20323,-0.25576,-0.016653,0.36026,0.29747,-0.25774,-0.0073715,-0.6191,-0.16447,-0.28221,0.16458,-0.13794,-0.36302,0.32537,1.4793,0.16161,0.018392,-0.29274,0.56243,0.3591,-0.26062,0.24564,-0.39409,-0.61024,-0.23352,-0.40417,-0.46959,0.45789,-0.074916,0.12149,-0.79923,0.27619,0.19909,-1.3364,0.47668,0.9909,-0.057745,0.91582,0.46617,0.10032,0.25265,-0.36012,-0.42818,-0.3804,-1.3927,-0.015867,0.11311"
99,1931,1931,Wallpaper Engine,431960,no linux compatibility shame,33,14.383333333333333,2026-03-01 20:12:02,"20,000,000 .. 50,000,000",['Wallpaper Engine Team'],['Wallpaper Engine Team'],"['Casual', 'Indie', 'Animation & Modeling', 'Design & Illustration', 'Photo Editing', 'Utilities']",['windows'],"['Steam Achievements', 'Steam Trading Cards', 'Steam Workshop', 'Steam Workshop', 'Includes level editor']","Nov 16, 2018",499.0,"-0.28490424,0.544065,0.38520253,-0.51769197,-0.07532499,0.3980175,-0.2376785,-0.42403996,0.6193875,0.029106256,0.07384625,0.3495279,0.46416998,-0.141155,0.28295976,-0.15341325,0.4213555,0.57527,-0.19692749,0.42623252,-0.463164,-0.19291,-0.0995225,0.08454251,0.31949002,0.37656224,-0.09384,-0.19671999,-0.044478744,-0.137205,0.197815,0.23313476,-0.35083026,0.3484125,0.53243995,0.718615,0.30327725,0.16146699,0.08378552,-0.12311,-0.1694595,0.026415002,0.33368498,-0.32849,-0.2482045,-0.26985598,0.39171177,-0.15982749,-0.3497525,-0.23021251,0.0790575,0.1521,-0.31411374,0.3715275,-0.036687747,-1.30802,0.21689975,0.030247755,0.96088,0.46334052,-0.18891074,-0.13048,-0.7260475,0.3806175,0.5250322,0.096601,0.428001,-0.44963673,0.22510548,0.004958257,-0.13678876,0.4804625,-0.055560004,-0.3814825,0.34353524,0.58438504,-0.012980994,-0.1154325,-0.300258,0.0892975,0.18577974,-0.382851,-0.25277504,0.62277246,-0.9837775,0.5801975,-0.11547751,-0.09223676,-0.22910523,0.0692425,-0.0627975,0.108134985,-0.18830526,-0.04148449,0.35566002,-0.26017898,-0.15698501,-0.175975,0.47820753,0.302544"
100,916,916,Left 4 Dead 2,550,lwd,3,11.45,2026-03-01 19:25:21,"50,000,000 .. 100,000,000",['Valve'],['Valve'],['Action'],"['windows', 'linux']","['Single-player', 'Multi-player', 'PvP', 'Online PvP', 'Co-op', 'Online Co-op', 'Steam Achievements', 'Full controller support', 'Steam Trading Cards', 'Captions available', 'Steam Workshop', 'Camera Comfort', 'Color Alternatives', 'Custom Volume Controls', 'Adjustable Difficulty', 'Playable without Timed Input', 'Stereo Sound', 'Surround Sound', 'Steam Cloud', 'Valve Anti-Cheat enabled', 'Stats', 'Includes Source SDK', 'Commentary available', 'Remote Play on Phone', 'Remote Play on Tablet', 'Remote Play on TV', 'Remote Play Together', 'Family Sharing', 'Steam Timeline']","Nov 16, 2009",999.0,"0.4153,0.072034,-0.27302,0.082893,-0.30728,-0.36693,0.21836,0.28096,0.30955,-0.18279,0.65137,-0.16349,0.15444,-0.35871,-0.25008,0.37994,-0.32968,0.48219,0.3323,0.0053663,-0.65605,0.2255,0.02561,-0.18771,-0.29453,-0.59566,-0.39379,0.19858,-0.50438,0.14428,-0.36273,-0.36111,-0.0073742,-0.0046491,-0.15497,-0.25507,-0.31775,-0.16927,0.44973,-0.033867,0.16831,-0.22636,-0.028129,0.37688,-0.26949,-0.45797,-0.1985,0.19935,-0.079854,0.18565,0.012414,0.34193,-0.49078,-0.28101,-0.032682,0.90566,-0.1598,0.029031,-0.39185,-0.64778,0.096044,-0.20592,0.074617,0.4525,-0.35134,-0.093235,-0.33482,-0.52105,-0.088391,0.16055,0.070491,0.16676,-0.067378,0.61901,-0.015873,-0.055553,-0.1413,0.27589,0.28777,0.0025089,-0.6663,-0.13377,0.23247,-0.22228,0.37907,0.64728,0.54086,0.018397,-0.0020424,0.3331,0.06077,-0.057589,0.4162,0.070322,0.50305,-0.3141,-0.27701,0.27499,-0.15726,-0.27469"
101,993,993,Left 4 Dead 2,550,this game is old but really fun and it fun to play with friend,66,58.41666666666666,2026-02-28 08:58:24,"50,000,000 .. 100,000,000",['Valve'],['Valve'],['Action'],"['windows', 'linux']","['Single-player', 'Multi-player', 'PvP', 'Online PvP', 'Co-op', 'Online Co-op', 'Steam Achievements', 'Full controller support', 'Steam Trading Cards', 'Captions available', 'Steam Workshop', 'Camera Comfort', 'Color Alternatives', 'Custom Volume Controls', 'Adjustable Difficulty', 'Playable without Timed Input', 'Stereo Sound', 'Surround Sound', 'Steam Cloud', 'Valve Anti-Cheat enabled', 'Stats', 'Includes Source SDK', 'Commentary available', 'Remote Play on Phone', 'Remote Play on Tablet', 'Remote Play on TV', 'Remote Play Together', 'Family Sharing', 'Steam Timeline']","Nov 16, 2009",999.0,"-0.20595363,0.2602431,0.55446297,-0.48491383,-0.18834408,0.3703845,0.041794986,0.20613435,-0.13255493,0.0017794307,0.057481997,-0.10651829,0.13001058,-0.09190894,0.19686058,-0.14657722,0.20842396,0.16069229,-0.44442788,0.58024013,0.2498047,0.09577157,0.2153317,-0.02672046,0.49874672,0.07706128,-0.27588528,-0.55149007,0.046585064,-0.076474,-0.53094953,0.73591,0.05663879,-0.009756559,0.10339328,0.22463216,-0.14548917,0.19880487,-0.06669479,-0.40154734,-0.12665215,-0.16087283,0.16779277,-0.3912057,-0.27961642,0.0069718002,0.25682887,-0.36123493,0.16412213,-0.77068335,-0.07221129,-0.18661085,0.23717973,1.066895,-0.06816162,-2.766007,-0.15831816,-0.025389565,1.2997786,0.565025,-0.19648163,0.80841064,-0.3667052,0.056435008,0.6705983,-0.019130852,0.76240927,0.37277132,0.049933143,-0.16624773,0.027977636,-0.37324142,0.036086,-0.36113524,0.12171827,0.2019687,-0.13836952,-0.051838327,-0.6594976,0.030772494,0.37639266,0.065217145,-0.48291928,0.11018828,-1.4322964,-0.13103428,-0.171594,-0.06251822,-0.23836787,-0.42032388,-0.123638295,-0.123856425,-0.083296075,0.039514065,-0.40889364,-0.119029425,-0.37478667,-0.4125913,0.4191203,0.3841924"
102,429,429,Team Fortress 2,440,this game is peak if you find the community server you like,59,43.583333333333336,2026-02-26 14:25:11,"50,000,000 .. 100,000,000",['Valve'],['Valve'],"['Action', 'Free To Play']","['windows', 'linux']","['Multi-player', 'Cross-Platform Multiplayer', 'Steam Achievements', 'Steam Trading Cards', 'Captions available', 'Steam Workshop', 'In-App Purchases', 'Camera Comfort', 'Color Alternatives', 'Custom Volume Controls', 'Stereo Sound', 'Surround Sound', 'Partial Controller Support', 'Valve Anti-Cheat enabled', 'Stats', 'Includes level editor', 'Commentary available', 'Remote Play on Phone', 'Remote Play on Tablet']","Oct 10, 2007",,"-0.2621121,0.41808274,0.59352976,-0.32177913,-0.22434497,0.20206301,-0.16503508,0.18335919,0.051596243,-0.17220508,0.12956734,-0.121371925,0.2783941,-0.18921457,0.05418541,-0.16882591,0.24032067,0.3439701,-0.48447832,0.4636358,-0.07491789,-0.0027360022,0.018659793,-0.019579917,0.33895835,0.088811666,-0.056743916,-0.4729046,0.0028582513,-0.25552198,-0.07587349,0.66000503,0.13537084,0.049864065,0.27727666,0.26694527,-0.19238734,0.20040567,0.2628886,-0.50039816,-0.2614381,-0.13293138,0.049542587,-0.41626087,-0.09859326,0.096089415,0.34176275,-0.41019967,0.044399172,-0.6804483,-0.032009244,-0.08031719,0.16319971,0.9092226,-0.19975542,-2.5648057,-0.014259062,-0.07259675,1.7117333,0.54998165,-0.1877165,0.75147504,-0.3273306,-0.06353968,0.8268211,0.059655085,0.57037705,0.10868466,0.22684492,-0.19378185,-0.030945836,-0.26760086,-0.06636592,-0.398944,0.27569932,0.02558208,-0.07946358,-0.12700759,-0.49331245,-0.017899498,0.38730726,0.03364016,-0.8404667,0.014016247,-1.2648066,-0.028842667,0.09648699,-0.24305582,-0.06723791,-0.2894125,-0.18568732,0.1244413,-0.074687675,0.04626207,-0.3726543,-0.15649144,-0.08984909,-0.26936874,0.69997907,0.34845486"
103,1370,1370,Monster Hunter Wilds,2246340,c,2,74.63333333333334,2026-02-28 20:53:45,"20,000,000 .. 50,000,000","['CAPCOM Co., Ltd.']","['CAPCOM Co., Ltd.']","['Action', 'Adventure', 'RPG']",['windows'],"['Single-player', 'Multi-player', 'Co-op', 'Online Co-op', 'Cross-Platform Multiplayer', 'Steam Achievements', 'Full controller support', 'Steam Trading Cards', 'Adjustable Text Size', 'Camera Comfort', 'Color Alternatives', 'Custom Volume Controls', 'Keyboard Only Option', 'Stereo Sound', 'Subtitle Options', 'Surround Sound', 'Steam Cloud', 'HDR available', 'Family Sharing']","Feb 27, 2025",6999.0,"-0.11752,0.97272,-0.29021,0.25914,-0.42644,-0.14736,0.62162,-0.00012626,-1.5885,0.30567,1.0951,-0.87477,-0.80877,0.37008,0.98138,-0.8704,-0.69067,-0.10754,0.023355,0.32394,0.1095,-0.28412,1.1034,0.58392,0.28271,0.74784,0.8053,0.10216,-0.01537,0.12624,0.22516,0.66591,-0.59523,0.51642,0.39173,0.67354,0.71769,0.5906,-0.12889,0.52605,0.191,-0.11437,-0.39725,-0.89456,0.081271,0.63898,-0.58567,0.23063,-0.11845,-0.49358,0.17417,0.60707,0.1918,-0.46645,-1.1239,-2.2339,-0.95387,-0.30962,1.5652,1.0899,-0.36337,-0.80285,-0.6304,0.36323,0.69253,0.32473,1.0351,0.63678,0.63749,0.18845,-0.5841,-0.033264,0.050673,0.0086712,0.59612,-0.64531,-0.38498,-0.1953,-0.41893,-0.29927,-0.53108,-0.70176,-0.21998,-1.2016,-0.1884,0.86845,-0.35293,-0.61548,0.1766,0.99418,-0.557,0.73609,0.37205,0.064293,-0.12736,0.31447,0.28212,-0.50598,-0.28476,-0.70045"
104,239,239,PUBG: BATTLEGROUNDS,578080,bubba g or fortnite bubba geeeeeeee,35,9.583333333333334,2026-02-23 12:30:13,"100,000,000 .. 200,000,000",['PUBG Corporation'],"['KRAFTON, Inc.']","['Action', 'Adventure', 'Massively Multiplayer', 'Free To Play']",['windows'],"['Multi-player', 'PvP', 'Online PvP', 'Stats', 'Remote Play on Phone', 'Remote Play on Tablet']","Dec 21, 2017",,"-0.08493251,0.1537625,0.00711751,-0.796861,-0.4812525,0.060310006,0.0845615,-0.17866027,-0.6886975,-0.07769426,0.34711048,-0.071116254,0.012855001,0.36624998,0.613335,-0.036944993,-0.120354496,0.22776,-0.21530001,0.53536004,0.433715,0.3864505,-0.1590015,0.2687,0.48575562,0.6398922,0.009937003,-0.468055,0.3897475,-0.2266175,0.0842325,0.4178975,0.25608253,0.29069102,0.298745,0.535625,-0.09000749,0.116550006,0.015396252,0.08883499,0.51731,-0.4345825,0.017202992,-0.0672625,-0.427845,0.11984751,-0.49108002,-0.0111204,-0.09711251,-0.5177,-0.3618305,0.37076253,0.311375,-0.15284726,-0.3643525,-1.06459,-0.08181449,-0.051357497,0.35469502,0.5943,-0.31282,-0.113220006,0.0763325,0.4006025,0.67712003,0.20293999,0.54425,0.27324,0.066515,0.16191751,-0.66772,-0.29812753,-0.28869373,-0.05281,-0.053437747,0.32799152,0.16093001,-0.2440925,-0.12253199,0.1417775,0.14621249,-0.33618397,-0.502775,0.47916776,-0.4138325,0.633705,-0.12423251,-0.297635,0.245812,-0.10389499,-0.53332,0.3076205,0.002432499,0.024777502,-0.142556,0.010599249,0.0036250055,-0.57738996,-0.16678725,-0.209864"
105,879,879,Grand Theft Auto V Legacy,271590,sick game cuz,13,289.5833333333333,2026-02-28 20:35:12,"50,000,000 .. 100,000,000",['Rockstar North'],['Rockstar Games'],"['Action', 'Adventure']",['windows'],"['Single-player', 'Multi-player', 'PvP', 'Online PvP', 'Co-op', 'Online Co-op', 'Steam Achievements', 'Full controller support', 'Remote Play on Phone', 'Remote Play on Tablet', 'Remote Play on TV']","Apr 13, 2015",,"0.12070767,0.338251,0.70148,-0.41055432,-0.89609003,0.39812335,0.33174333,-0.095079996,0.12106335,-0.5129333,-0.0056013367,-0.04223834,0.17158999,-0.31398067,0.30814335,-0.06797332,-0.19209667,0.35889998,-0.23376699,0.5949567,0.16015033,0.39520264,-0.18592532,0.055596665,0.32605666,0.22432332,-0.040136654,-0.086493336,0.09543666,0.26942,-0.09517667,0.5455,0.13683002,0.0001663367,-0.12854667,0.24365334,-0.7259967,0.32196334,-0.172011,-0.47629333,0.35262334,0.161,0.04657234,-0.36175632,-0.18868999,0.14164732,-0.056265663,0.014916669,0.42986667,-0.5008553,-0.06187667,-0.12999634,-0.28204867,0.13224329,-0.17684667,-1.0745934,0.24111669,0.08062001,0.80048275,0.57699364,-0.23797001,0.55025667,-0.32584465,-0.23883401,0.18603666,0.39027667,0.30965,-0.046419334,-0.35393,0.016604664,0.001519998,-0.1771601,0.30599335,0.015267332,0.16711666,0.40288332,-0.31547996,0.07080332,-0.17240466,0.21042567,0.18216501,0.0018400153,-0.6121467,0.27150068,-1.2449557,-0.04455967,-0.19627969,-0.02044333,-0.47334835,0.278802,-0.041183,-0.04438332,0.33883667,0.184044,-0.15653335,-0.32732335,0.070389986,0.22955932,0.09476,-0.220354"
106,620,620,New World: Aeternum,1063730,ending,9,373.4333333333333,2026-02-26 06:39:21,"50,000,000 .. 100,000,000",['Amazon Game Studios'],['Amazon Game Studios'],"['Action', 'Adventure', 'Massively Multiplayer', 'RPG']",['windows'],"['Multi-player', 'MMO', 'PvP', 'Online PvP', 'Co-op', 'Online Co-op', 'Steam Achievements', 'In-App Purchases', 'Adjustable Text Size', 'Camera Comfort', 'Chat Speech-to-text', 'Chat Text-to-speech', 'Color Alternatives', 'Custom Volume Controls', 'Keyboard Only Option', 'Playable without Timed Input', 'Save Anytime', 'Stereo Sound', 'Subtitle Options', 'Surround Sound', 'Partial Controller Support']","Sep 28, 2021",,"0.36081,0.15103,0.5018,0.54167,0.41191,-0.069793,0.11445,0.4427,-0.2138,-0.13704,-0.28484,-0.017433,0.30913,-0.18351,0.48557,0.16375,-0.4022,-0.34566,0.13444,0.21641,1.0111,-0.2971,0.053697,0.94143,0.8333,0.10226,-0.61778,-0.53678,0.39914,-0.10823,-0.39053,-0.1926,0.06773,-0.87962,-0.29884,-0.35338,-0.10284,-0.48619,-0.48757,-0.03056,0.20632,-0.13012,0.60873,0.29574,-0.096404,0.14456,0.31866,-0.34072,-0.10214,-0.94319,0.073869,-0.47407,0.042655,0.97439,-0.12985,-2.2558,-0.011548,-0.30823,1.4578,0.93227,-0.50095,-0.24952,-0.45342,-0.95931,0.22881,0.22324,0.13497,-0.095329,-0.72984,-0.23738,-0.25848,0.11279,-0.96911,0.085778,-0.12671,0.25482,-0.58735,0.44516,-1.3385,-0.22986,-0.039644,-0.093856,-0.14848,0.28657,-0.94754,0.54568,-0.43027,-0.077884,0.17039,0.18975,-0.60392,0.74184,-0.35473,0.5291,-0.4492,-0.11968,0.39293,0.32953,0.33034,0.079328"
107,256,256,PUBG: BATTLEGROUNDS,578080,you can hardly find a bigger dumpster fire on the internet apparently the developer were dropped on their head a kid just like the target audience of this game except the latter grind it with no personal life while the former are just clumsy and talentless ranked mode is locked until you reach level even though there absolutely no point in it even in bronze it full of unemployed tryhards who are already level along with an extra chromosome i wouldnt recommend this to anyone unless youre a masochist,537,132.03333333333333,2026-02-21 19:30:16,"100,000,000 .. 200,000,000",['PUBG Corporation'],"['KRAFTON, Inc.']","['Action', 'Adventure', 'Massively Multiplayer', 'Free To Play']",['windows'],"['Multi-player', 'PvP', 'Online PvP', 'Stats', 'Remote Play on Phone', 'Remote Play on Tablet']","Dec 21, 2017",,"-0.07445493,0.21016207,0.41197118,-0.21976776,-0.039102983,0.20351587,-0.09088217,0.18704538,-0.006043668,0.029371124,0.14059821,0.040844243,0.2281529,-0.008767853,0.17814817,-0.22773717,0.089246094,0.12652868,-0.3163028,0.19552697,0.22635022,0.049812116,0.16022381,-0.048071112,0.28379625,-0.103870265,-0.11325326,-0.40765876,0.030068194,-0.1704986,-0.050229672,0.37967148,-0.02154296,0.028469605,0.16126579,0.19461173,-0.070585,0.18231489,0.06034125,-0.12467671,-0.26953247,-0.17344373,0.16589056,-0.29940036,-0.024019629,0.023885207,0.22708479,-0.20438246,-0.06900423,-0.67553866,0.038067292,-0.13271762,0.08264274,0.9648742,-0.2049064,-2.2292273,-0.033650804,-0.23915,1.4491534,0.5102377,-0.11833798,0.63556147,-0.24388383,0.107935905,0.6912151,0.004240803,0.43676952,0.24173799,0.1106545,-0.107188694,-0.024816288,-0.26325047,-0.014226048,-0.22755915,0.12805325,0.087209314,-0.15172683,-0.0916744,-0.67244786,-0.046393026,0.51105237,0.012841102,-0.49919397,0.08402494,-1.1807544,-0.23411597,0.07517321,-0.12035115,-0.13132705,-0.28770065,-0.06863797,-0.03635451,-0.09274616,0.106592685,-0.42585447,-0.116985194,-0.24490929,-0.2541649,0.5062463,0.18989755"
108,611,611,New World: Aeternum,1063730,sad,6,1029.9666666666667,2026-02-28 12:22:04,"50,000,000 .. 100,000,000",['Amazon Game Studios'],['Amazon Game Studios'],"['Action', 'Adventure', 'Massively Multiplayer', 'RPG']",['windows'],"['Multi-player', 'MMO', 'PvP', 'Online PvP', 'Co-op', 'Online Co-op', 'Steam Achievements', 'In-App Purchases', 'Adjustable Text Size', 'Camera Comfort', 'Chat Speech-to-text', 'Chat Text-to-speech', 'Color Alternatives', 'Custom Volume Controls', 'Keyboard Only Option', 'Playable without Timed Input', 'Save Anytime', 'Stereo Sound', 'Subtitle Options', 'Surround Sound', 'Partial Controller Support']","Sep 28, 2021",,"-0.19532,0.20232,0.61203,-0.28992,-0.86588,0.7558,-0.64644,0.81501,0.84841,-0.44887,0.11233,-0.15414,0.0037169,-0.33247,-0.2841,0.41221,0.029481,-0.37827,0.4824,1.2798,0.68064,0.72289,-0.48955,0.2333,0.099052,0.20363,0.089845,0.64516,0.74412,0.28051,-0.15278,-0.20226,0.43044,-0.69753,-0.82179,-0.37686,0.24957,0.65398,0.61427,-0.78519,0.24869,0.18725,0.42488,-0.7323,-0.21912,0.24199,1.1491,0.72102,0.0076716,-0.70094,0.43828,-0.71392,0.54495,0.43827,-0.38535,-1.3452,0.50617,0.64701,0.46118,0.09306,0.14875,1.0391,-1.1242,-1.0595,0.6136,-0.55698,0.84552,0.34413,-0.67045,-0.33305,0.34069,-0.40519,0.1561,-0.1154,0.76092,0.58474,0.46913,0.11088,0.018671,-0.18142,-0.34331,0.32092,0.094817,0.26299,-1.7466,-0.080278,-0.70726,-0.38399,-0.24015,-0.16845,0.74608,0.4715,-0.51143,0.57181,-0.44642,0.33972,-0.224,-0.14648,-0.76086,0.59095"
109,544,544,Call of Duty: Modern Warfare II,1938090,boooooo bo boooooooo,21,839.5,2026-02-28 19:24:14,"50,000,000 .. 100,000,000","['Treyarch', 'Raven Software', 'Beenox', 'High Moon Studios', 'Sledgehammer Games', 'Infinity Ward', 'Activision Shanghai', 'Demonware']",['Activision'],['Action'],['windows'],"['Single-player', 'Multi-player', 'PvP', 'Online PvP', 'Co-op', 'Online Co-op', 'Cross-Platform Multiplayer', 'Steam Achievements', 'Captions available', 'In-App Purchases', 'Adjustable Text Size', 'Camera Comfort', 'Color Alternatives', 'Custom Volume Controls', 'Playable without Timed Input', 'Stereo Sound', 'Subtitle Options', 'Surround Sound', 'Partial Controller Support', 'HDR available']","Oct 27, 2022",,"-0.51563,-0.67918,0.37753,-0.78919,-0.14689,-0.30781,-0.11483,-0.14055,0.4695,-0.28626,-0.19766,0.51747,0.31849,0.15553,0.09576,0.36141,0.62668,-0.14325,-1.3195,0.32236,0.86281,0.50839,-0.53194,0.94286,-0.13975,0.22395,-0.78306,-0.85791,0.65413,-0.068583,-0.6709,0.30387,0.56314,-0.17512,-0.067077,-0.36204,0.48932,0.98083,-0.41149,-0.31839,-0.27197,-0.35215,0.40748,0.649,-0.43956,0.026794,-0.60343,-0.36517,0.66369,-0.071316,0.01154,-0.82089,-0.22844,-0.10758,-0.23077,-0.27664,-0.88718,0.30987,-0.60397,-0.37445,0.081608,-0.036718,-0.92665,0.56002,-0.3348,-0.088056,0.54529,0.79375,0.22275,0.80793,-0.1571,0.1347,0.002251,-0.47342,-0.13251,0.50765,-0.5447,-0.069793,0.043792,0.045205,0.22817,0.022525,-0.22438,-0.4316,-0.82758,0.91764,-0.52616,-0.61353,0.51437,-0.32796,1.0039,0.24636,-0.47006,0.30867,0.53326,-0.4181,-0.77828,-0.31838,0.74462,-0.35854"
110,771,771,Black Myth: Wukong,2358720,rigid,5,7.1,2026-02-28 03:19:44,"50,000,000 .. 100,000,000",['Game Science'],['Game Science'],"['Action', 'Adventure', 'RPG']",['windows'],"['Single-player', 'Steam Achievements', 'Full controller support', 'Steam Trading Cards', 'Playable without Timed Input', 'Stereo Sound', 'Surround Sound', 'Steam Cloud', 'Family Sharing']","Aug 19, 2024",5999.0,"-0.34321,0.30587,-0.17764,-0.19189,-1.1728,0.26587,-1.1763,0.15274,-0.32497,1.0266,0.076607,-0.17957,0.66632,0.51134,0.33291,-0.03407,0.10927,-0.26972,0.66798,-0.87713,0.60452,0.25461,0.26444,-0.29789,0.76647,-0.48788,-0.45513,-0.7476,-0.50367,0.50272,0.1555,0.48745,-0.31748,-0.85058,0.029894,0.54179,0.79755,-0.24619,0.015395,-0.24853,-0.37842,-0.20526,0.50238,0.63777,-0.74152,-0.71382,0.69195,1.0133,0.010337,-0.020658,0.47254,-0.32016,-0.21185,0.8696,0.40136,-0.55651,1.1608,0.30474,1.2751,0.15071,0.23905,-0.38187,-0.38083,0.83801,0.58249,-0.32615,-0.33698,-0.056098,-0.37455,-0.52106,0.1654,-0.32281,0.74368,0.42893,-0.099307,-0.46553,-0.32207,-0.61813,0.056414,-0.60561,0.084779,-0.17189,-0.67831,0.48115,-0.64428,0.36141,-0.08855,0.18741,-0.64411,0.030914,0.32323,0.2109,-0.21462,0.2107,0.85457,-0.75403,-0.36243,-0.9569,0.42443,0.25795"
111,1419,1419,HELLDIVERS 2,553850,anyone want a player team game that is fun i cant recommend this game enough at the time of writing i have hour on the game all on the stem deck oled i am writing this after the machinery of oppression came out and after the failed battle for cyberstan yes the game is not perfect the ar coyote is quite op the explosive crossbow is definetly op the quasar cannon basically one shot most thing on the bot front however the community is one of the best game community of all time there are basically no toxic player and the game is very fun on the downside if a toxic player hasn t connected a psn account the report button literally doe nothing and i mean nothing it literally say that we you try report a player with no psn account connected the best you can do is block them and move on also please for the love of god if you have a mic use push to talk it somewhere in setting push button is cap lock p s if anyone tell you you need to get the democratic detonation warbond first no you dont i have over hour in the game and numerous other warbonds but i dont have democratic detonation yet and i m doing just fine without it p p s democacy,1202,82.01666666666667,2026-03-01 22:54:29,"20,000,000 .. 50,000,000",['Arrowhead Game Studios'],['PlayStation Publishing LLC'],['Action'],['windows'],"['Multi-player', 'Co-op', 'Online Co-op', 'Steam Achievements', 'In-App Purchases', 'Adjustable Text Size', 'Camera Comfort', 'Chat Speech-to-text', 'Chat Text-to-speech', 'Color Alternatives', 'Custom Volume Controls', 'Adjustable Difficulty', 'Narrated Game Menus', 'Playable without Timed Input', 'Stereo Sound', 'Subtitle Options', 'Surround Sound', 'Partial Controller Support', 'Family Sharing']","Feb 8, 2024",3999.0,"-0.13647796,0.21193865,0.41991115,-0.30146825,-0.13126813,0.21042053,-0.09632155,0.2028144,-0.11032221,-0.02778843,0.21568456,-0.0010003926,0.15491939,0.00027452153,0.089500494,-0.14371623,0.118859924,0.13205256,-0.32854706,0.18473898,0.24348092,-0.0028168608,0.09595298,-0.07151678,0.2636924,-0.013347544,-0.11226762,-0.375028,0.050604254,-0.15543814,-0.10745125,0.50897443,0.0002715244,0.07538011,0.101186514,0.16198237,-0.061747797,0.23826993,0.058682397,-0.16352473,-0.30358082,-0.1735304,0.14326796,-0.31567007,-0.12557718,0.0034890946,0.19508642,-0.30949858,-0.09004866,-0.7116749,0.017586296,-0.030396534,0.121093735,0.9218853,-0.2531254,-2.2490869,0.0054569175,-0.10860083,1.4289649,0.5051114,-0.1669017,0.65549964,-0.31152344,0.09607063,0.7691777,0.052747004,0.45549145,0.26264745,0.050349068,-0.15122436,-0.008115595,-0.21392117,-0.017682098,-0.30685154,0.1664754,0.056717206,-0.13158582,-0.038487773,-0.710555,-0.020123748,0.5051291,-0.041283317,-0.5256083,0.047062565,-1.2254587,-0.14565583,0.053552363,-0.17248915,-0.06371663,-0.28772032,-0.11180381,-0.045061506,-0.112097844,0.13150746,-0.3975763,-0.07205806,-0.19544218,-0.2930374,0.49421275,0.23085774"
112,1041,1041,Unturned,304930,unturned is a sleeper hit that really pull you in the crafting system is way deeper than it look at first and the open world packed with place to explore loot to snag and weird little surprise around every corner there a ton of stuff to gather and build with so you can totally make your playstyle your own whether you re going full survivalist base builder or just roaming and causing chaos multiplayer take it to another level you can team up with your buddy or go full rogue and mess with other player either way it keep thing fresh and wild with it super addictive loop and a community thats always doing cool stuff unturned easily earns it spot a a must try if youre into survival game,729,1053.8666666666666,2024-04-02 14:03:10,"50,000,000 .. 100,000,000",['Smartly Dressed Games'],['Smartly Dressed Games'],"['Action', 'Adventure', 'Casual', 'Indie', 'Free To Play']","['windows', 'mac', 'linux']","['Single-player', 'Multi-player', 'PvP', 'Online PvP', 'LAN PvP', 'Co-op', 'Online Co-op', 'LAN Co-op', 'Steam Achievements', 'Steam Trading Cards', 'Steam Workshop', 'In-App Purchases', 'Camera Comfort', 'Custom Volume Controls', 'Adjustable Difficulty', 'Playable without Timed Input', 'Stereo Sound', 'Steam Cloud', 'Valve Anti-Cheat enabled', 'Stats', 'Includes level editor', 'Remote Play on Tablet']","Jul 7, 2017",,"-0.16824716,0.26711917,0.42371807,-0.29017454,-0.091065735,0.24547589,-0.14094931,0.18175443,0.020850165,0.041576143,0.1226024,0.032528084,0.16875915,0.022635745,0.13310416,-0.14798738,0.14471315,0.20581928,-0.31217268,0.24802874,0.25279206,0.05837464,0.13885942,-0.13619314,0.25178725,0.03693103,-0.18755142,-0.38076943,0.07455689,-0.20087364,-0.18888398,0.45492837,-0.05020188,-0.014925525,0.123589344,0.2196108,-0.108518034,0.10289151,0.03581799,-0.2004412,-0.19213787,-0.24309146,0.07421394,-0.42141396,-0.13184798,0.089528054,0.097822,-0.17646514,-0.046637584,-0.7024528,-0.07563343,-0.01879859,0.047646947,0.9852773,-0.13599496,-2.2356942,0.056620467,-0.11166048,1.4446796,0.42952204,-0.12010816,0.73980945,-0.26159307,0.109492496,0.67403173,0.015180842,0.45096707,0.22054031,0.12166685,-0.23815238,0.0074302866,-0.30561155,-0.055761978,-0.3521021,0.1590163,0.08570722,-0.12619253,-0.08679342,-0.53349686,0.070720166,0.5265047,0.086209856,-0.50313586,0.13313043,-1.0688624,-0.11656997,0.15022328,-0.030519783,-0.16711935,-0.25456288,-0.11421373,0.001299698,-0.09578356,-0.06122145,-0.3781182,-0.122515224,-0.12505324,-0.24240896,0.52198213,0.2931341"
113,1789,1789,Terraria,105600,classic staple to own on every device,38,173.76666666666668,2026-03-01 15:35:33,"20,000,000 .. 50,000,000",['Re-Logic'],['Re-Logic'],"['Action', 'Adventure', 'Indie', 'RPG']","['windows', 'mac', 'linux']","['Single-player', 'Multi-player', 'PvP', 'Online PvP', 'Co-op', 'Online Co-op', 'Steam Achievements', 'Full controller support', 'Steam Trading Cards', 'Steam Cloud', 'Remote Play on Phone', 'Remote Play on Tablet', 'Remote Play on TV', 'Family Sharing']","May 16, 2011",999.0,"-0.31059858,0.13026485,0.2943573,-0.13839152,0.15505743,0.21777043,0.08108143,0.058766715,-0.20800897,0.18277529,-0.072334714,-0.019491145,0.0020654371,-0.0062267208,0.15103228,-0.074664555,0.52571434,0.14142285,-0.110152416,0.008971428,0.36359867,-0.3676494,0.38791427,-0.09269285,0.3099978,-0.044944566,-0.06886356,-0.41159716,-0.036132865,0.019613279,-0.130504,0.49791998,0.07302873,0.118779145,-0.07982042,0.4058881,-0.17949043,0.17275143,0.06201872,-0.27466172,-0.15321872,-0.029360002,-0.00026529175,-0.21611714,-0.15491258,-0.066255435,-0.04633715,-0.3913543,-0.13573323,-0.72085714,-0.056519862,0.102281146,0.3436863,0.8335057,-0.10553109,-2.20042,-0.26795986,-0.1573395,1.7114573,0.19421257,0.04690329,0.81859297,-0.1281187,0.10946829,0.5544757,-0.171364,0.20612629,-0.0047928607,0.05915029,-0.23589627,-0.23010387,-0.16646,0.050863568,0.0043771393,0.042556576,0.046679284,-0.0060428465,-0.04525715,-0.6022843,0.082953,0.39600998,-0.044298142,-0.32314613,0.31750712,-1.2610514,-0.015992865,0.002047096,0.07719029,-0.25032443,0.016948147,-0.046350718,0.31118387,0.0069971466,-0.042403765,-0.5707429,-0.25247097,-0.1895303,-0.3659229,0.92635,0.35746855"
114,759,759,Black Myth: Wukong,2358720,one of the best game ever made without a doubt,53,130.46666666666667,2026-02-28 14:28:31,"50,000,000 .. 100,000,000",['Game Science'],['Game Science'],"['Action', 'Adventure', 'RPG']",['windows'],"['Single-player', 'Steam Achievements', 'Full controller support', 'Steam Trading Cards', 'Playable without Timed Input', 'Stereo Sound', 'Surround Sound', 'Steam Cloud', 'Family Sharing']","Aug 19, 2024",5999.0,"-0.06901179,0.099086404,0.57478106,-0.2813452,0.086490706,0.2553091,0.075389996,-0.015255297,-0.3904863,0.043693088,0.1049446,-0.04304592,0.113303915,-0.0535886,0.09561281,-0.1679864,0.29758742,0.1783654,-0.2695378,0.27853927,0.2396167,0.035387896,0.06128479,-0.086509004,0.4681851,-0.1981043,-0.0928431,-0.366162,0.022838198,-0.1620947,-0.1660834,0.3887592,0.015058312,-0.0033081945,0.11735539,0.096361004,-0.24232909,0.4084035,-0.2023299,-0.12101229,-0.35170597,-0.039912093,0.45287117,-0.2406213,0.0946382,0.0061471937,0.39314458,-0.45672196,-0.12454261,-0.835425,0.051431805,-0.1100536,0.099589996,1.065014,-0.19560099,-2.73113,-0.097067,-0.13940358,1.512538,0.5846229,-0.2970356,0.78895,-0.3197359,0.22730474,0.771989,-0.120360196,0.43174252,0.3182374,-0.112937294,-0.1338614,0.013552403,-0.057258498,-0.085796,-0.12552759,0.212675,0.2509536,-0.324709,-0.20878358,-0.94912827,0.084907204,0.58059406,0.14137009,-0.5071408,0.15704069,-1.50281,-0.193979,-0.02026689,-0.11500402,0.028751496,-0.426998,-0.0529961,-0.0639125,-0.2538823,0.09540779,-0.42075688,-0.069528304,-0.3387079,-0.24318501,0.61257493,0.25947753"
115,382,382,Palworld,1623730,just a feel good game,21,525.2666666666667,2026-02-27 21:11:58,"50,000,000 .. 100,000,000",['Pocketpair'],['Pocketpair'],"['Action', 'Adventure', 'Indie', 'RPG', 'Early Access']",['windows'],"['Single-player', 'Multi-player', 'Co-op', 'Online Co-op', 'Cross-Platform Multiplayer', 'Steam Achievements', 'Full controller support', 'Steam Trading Cards', 'Steam Workshop', 'Steam Cloud', 'Family Sharing']","Jan 18, 2024",2999.0,"-0.0413678,0.2579798,0.659426,-0.47125596,-0.35868198,0.524538,0.1965452,0.144334,-0.27032,-0.159278,-0.054138802,-0.14194503,0.1195292,-0.23915501,0.206274,-0.030204404,-0.025704399,0.2529212,-0.3197556,0.5629792,0.39139718,0.348245,-0.004893364,-0.17923021,0.46942598,0.07193799,-0.3489396,-0.33749995,0.083337985,-0.193414,-0.37849802,0.779024,0.07046159,-0.1049178,0.27784163,0.110697806,-0.435216,0.43958798,0.048374046,-0.2559724,0.000169003,-0.2112998,0.414608,-0.42196998,-0.168654,-0.07182041,0.39109522,-0.16115001,0.07164521,-1.096832,-0.12147419,-0.2883714,-0.019201199,0.94546396,-0.1080112,-2.9491,0.1216526,0.018246198,1.5592401,0.527352,-0.24251862,0.80936795,-0.846492,-0.09841569,0.54955804,0.0688234,0.64335,0.26830247,-0.31413,-0.1319318,-0.025151994,-0.12838659,0.1187736,-0.1758654,0.24494,0.3311172,-0.271822,-0.12964976,-0.4689334,0.10903261,0.38245803,0.1720026,-0.730074,0.1132318,-1.4361,-0.127072,0.09709859,-0.0700284,-0.3315538,-0.46296802,0.0749312,-0.10074719,-0.1499796,-0.0496106,-0.42090502,-0.11751561,-0.1832456,-0.25805598,0.456994,0.4676116"
116,1103,1103,Lost Ark,1599340,very bad experience if u want to return or start new,53,181.63333333333333,2026-02-22 18:23:28,"50,000,000 .. 100,000,000",['Smilegate RPG'],['Amazon Game Studios'],"['Action', 'Adventure', 'Massively Multiplayer', 'RPG', 'Free To Play']",['windows'],"['Single-player', 'Multi-player', 'MMO', 'PvP', 'Online PvP', 'Co-op', 'Online Co-op', 'Steam Achievements', 'In-App Purchases', 'Adjustable Text Size', 'Camera Comfort', 'Color Alternatives', 'Custom Volume Controls', 'Keyboard Only Option', 'Playable without Timed Input', 'Save Anytime', 'Partial Controller Support']","Feb 11, 2022",,"-0.047928274,0.26142308,0.4099022,-0.17327733,-0.39623788,0.052616455,-0.20833483,0.23141263,-0.023763645,0.02212727,0.06721046,0.03794501,0.21576186,0.037280817,0.12126954,-0.25029364,0.116194725,0.11318254,-0.2710748,0.51615864,0.27509746,0.025071729,0.0064980835,-0.008104185,0.06002632,0.08825537,-0.10722528,-0.45667487,0.34342727,-0.17522281,-0.15766917,0.66955906,-0.18516918,-0.110880286,0.015536362,0.2728339,-0.012390634,0.18696715,-0.034089547,-0.34191346,-0.37993562,-0.2790292,0.105322726,-0.5284231,-0.16223091,0.04067861,0.107271284,-0.26137847,0.06415708,-0.9049628,0.048522636,-0.054270826,0.14476,0.8950127,-0.059882723,-2.3933256,0.10497454,-0.0629589,1.7134182,0.3218682,-0.34873447,0.6782118,-0.4913724,-0.08640282,0.7728827,0.07367245,0.4936741,0.29835546,-0.026061457,-0.3195964,-0.050549272,-0.3386318,-0.231856,-0.5696148,0.21355881,0.050484087,-0.2841122,0.053713277,-0.58329815,-0.093873814,0.5037822,-0.06644254,-0.4821515,0.110310405,-1.3832964,-0.0060490905,0.1790218,-0.11113382,-0.18594094,-0.43565455,-0.18919693,0.037281003,-0.04145309,-0.021194322,-0.5176336,-0.09206572,-0.09348602,-0.19569115,0.40812322,0.10085364"
117,973,973,Left 4 Dead 2,550,yes,3,6.033333333333333,2026-02-28 19:58:41,"50,000,000 .. 100,000,000",['Valve'],['Valve'],['Action'],"['windows', 'linux']","['Single-player', 'Multi-player', 'PvP', 'Online PvP', 'Co-op', 'Online Co-op', 'Steam Achievements', 'Full controller support', 'Steam Trading Cards', 'Captions available', 'Steam Workshop', 'Camera Comfort', 'Color Alternatives', 'Custom Volume Controls', 'Adjustable Difficulty', 'Playable without Timed Input', 'Stereo Sound', 'Surround Sound', 'Steam Cloud', 'Valve Anti-Cheat enabled', 'Stats', 'Includes Source SDK', 'Commentary available', 'Remote Play on Phone', 'Remote Play on Tablet', 'Remote Play on TV', 'Remote Play Together', 'Family Sharing', 'Steam Timeline']","Nov 16, 2009",999.0,"-0.050131,0.66356,0.84315,-0.75295,-0.42848,0.161,-0.03673,0.074777,0.35251,-0.28556,0.20641,-0.043102,-0.37978,-0.052587,0.29311,-0.45879,-0.47363,0.20305,-0.45185,0.81729,0.16955,0.55388,-0.56667,-0.6804,0.10162,0.43306,-0.041035,-0.33196,0.39855,-0.42924,0.16037,0.67055,0.56775,-0.036795,0.36762,0.20562,0.48372,-0.0023657,0.30896,-0.55975,-0.093893,0.045387,0.13003,-0.47783,-0.62755,-0.92217,0.034079,-0.23645,-0.7976,-1.0137,0.11884,0.051346,0.18324,0.44278,-0.47314,-1.5531,0.56763,0.63797,0.64317,0.21479,-0.20058,0.28966,-0.66742,-0.7743,0.70983,0.25972,0.4592,0.27178,-0.57331,-0.072424,0.36847,0.46355,-0.018428,-0.41952,0.13414,0.33214,-0.033299,0.10074,-0.43861,-0.37786,0.3342,-0.66378,0.20946,-0.36172,-1.2676,-0.42479,0.34666,-0.42305,-0.33995,0.18723,-0.04235,-0.33479,0.24331,0.57645,-0.49779,0.072397,-0.26301,0.16489,0.048798,0.50359"
118,352,352,Palworld,1623730,i play this game all the time it so amazing you have got to play this more,75,98.55,2026-02-28 14:39:43,"50,000,000 .. 100,000,000",['Pocketpair'],['Pocketpair'],"['Action', 'Adventure', 'Indie', 'RPG', 'Early Access']",['windows'],"['Single-player', 'Multi-player', 'Co-op', 'Online Co-op', 'Cross-Platform Multiplayer', 'Steam Achievements', 'Full controller support', 'Steam Trading Cards', 'Steam Workshop', 'Steam Cloud', 'Family Sharing']","Jan 18, 2024",2999.0,"-0.1594203,0.32916132,0.56664026,-0.45502084,-0.36045086,0.2947535,0.002154292,0.3076451,-0.21177717,-0.16980356,0.2633172,-0.023219647,0.106213056,-0.16496788,0.065987,-0.18440424,0.057715695,0.42349154,-0.46191716,0.43368223,0.34440836,0.07429164,0.1571463,-0.007883829,0.44040668,-0.124947704,-0.13684994,-0.49931762,0.26076728,-0.25487694,-0.3299231,0.6821635,0.032272305,0.05251964,0.10138323,0.23212959,-0.2577253,0.3555844,-0.16597906,-0.28621852,-0.23553069,-0.15088336,0.0974977,-0.40478948,-0.2230947,0.028122189,0.36347547,-0.490765,0.12759475,-0.9974446,-0.11668999,-0.06032293,0.16438581,1.0860153,-0.2124012,-2.7784882,0.015748234,-0.11065576,1.5631523,0.70468473,-0.27939346,1.034737,-0.5193768,0.0781346,0.8254982,-0.05035765,0.5153044,0.42327714,0.009236588,-0.19306885,0.039493885,-0.3920285,0.067889646,-0.3757969,0.24973059,0.08461311,-0.3504269,-0.13267349,-0.727079,0.07333006,0.5309864,-0.009046881,-0.66763717,0.15605459,-1.6386858,-0.14150141,0.08249335,-0.23532617,-0.32766438,-0.3369296,-0.18272194,-0.026573155,-0.20955648,0.0010071853,-0.5816759,-0.19516051,-0.31725615,-0.2905515,0.4093684,0.4290483"
119,1605,1605,ELDEN RING,1245620,elden ring completely captivated me from the moment i stepped into the land between it a once in a lifetime experience,121,112.1,2026-03-01 23:54:34,"20,000,000 .. 50,000,000","['FromSoftware, Inc.']","['FromSoftware, Inc.', 'Bandai Namco Entertainment']","['Action', 'RPG']",['windows'],"['Single-player', 'Multi-player', 'PvP', 'Online PvP', 'Co-op', 'Online Co-op', 'Steam Achievements', 'Full controller support', 'Steam Trading Cards', 'Camera Comfort', 'Custom Volume Controls', 'Playable without Timed Input', 'Save Anytime', 'Stereo Sound', 'Surround Sound', 'Steam Cloud', 'Family Sharing']","Feb 24, 2022",5999.0,"0.037211,0.023248235,0.36253056,-0.05825668,0.038032956,0.25780696,-0.06492039,0.2208157,-0.062557526,-0.026493857,0.056179754,0.11567618,0.1477901,0.028746257,0.16071478,-0.2643227,0.11131029,0.1818557,-0.38797832,0.11373113,0.27515253,0.096234284,0.15219447,-0.095245086,0.4876214,-0.02689381,-0.14465784,-0.32342485,0.16738425,-0.14425011,-0.025667764,0.4094656,0.073994465,-0.0038549062,0.0015285746,0.1784157,-0.10562923,0.27453408,-0.035479147,-0.118504375,-0.3456714,-0.22752957,0.22236694,-0.2815236,0.009024522,0.1341992,0.3034618,-0.13359542,0.064318135,-0.6403346,-0.11692723,-0.016817093,0.2585013,0.90850765,-0.20060024,-2.3553543,-0.04798744,-0.18637204,1.5625981,0.42041406,-0.020798909,0.8740735,-0.26279998,0.06488362,0.62997663,0.006330902,0.42844668,0.14841506,0.022944381,0.0590053,0.09918542,-0.13765366,-0.048570566,-0.26384968,0.15137103,-0.009394474,-0.16494757,-0.14547762,-0.6973862,0.14194551,0.40314206,0.0973771,-0.395859,0.17770259,-0.97852373,-0.052776,-0.013612912,-0.17249256,-0.20756856,-0.4075579,-0.022352982,-0.070161045,-0.1658477,0.18928334,-0.30686033,-0.100359716,-0.20297715,-0.08822764,0.29537398,0.23872726"
120,1825,1825,Path of Exile 2,2694490,the one arpg to rule them all,30,302.7333333333333,2026-02-28 17:48:10,"20,000,000 .. 50,000,000",['Grinding Gear Games'],['Grinding Gear Games'],"['Action', 'Adventure', 'Massively Multiplayer', 'RPG', 'Early Access']",['windows'],"['Single-player', 'Multi-player', 'MMO', 'Co-op', 'Online Co-op', 'Full controller support', 'HDR available']","Dec 6, 2024",2999.0,"-0.096147336,0.09501067,0.45862666,-0.31155732,-0.14103584,0.5119005,-0.38107166,0.16313116,-0.2904339,0.042123158,0.21234052,0.14508116,0.25628835,-0.026479661,0.141683,-0.3663467,0.30725482,0.08449616,-0.6162999,0.22798665,0.37594664,-0.24077465,0.40903345,-0.0041893274,0.28630733,-0.44175336,-0.09690765,-0.6146533,0.20265232,-0.24298616,0.107726336,0.41163167,-0.04827483,0.008881334,-0.13636467,0.38387218,0.070645,0.198232,-0.22764301,-0.22458535,-0.7445317,-0.15087666,0.16421002,-0.4897633,-0.03655217,0.10551634,0.23109531,-0.295655,-0.264234,-0.73206663,-0.112476826,0.06752216,0.12928967,1.336285,-0.27527183,-2.4687667,0.0012266537,-0.26006415,2.0261831,0.5876117,-0.23479168,0.73547,-0.179368,0.33284664,0.87846994,0.0083971685,0.39447585,0.456605,-0.09137737,-0.21598901,-0.073148005,-0.37269136,-0.12284616,-0.43937835,0.19962616,0.037949998,-0.49891815,-0.17888457,-1.0366999,-0.050549496,0.7487933,0.042218503,-0.48254332,0.31331885,-1.5116018,0.0748915,0.085757665,-0.13456166,0.011546495,-0.21539001,-0.15261184,-0.12882082,-0.29298,-0.04551533,-0.792955,-0.30339184,-0.3698484,-0.251725,0.4670317,0.19702"
121,1036,1036,Unturned,304930,great grahics,15,103.75,2024-05-12 05:44:09,"50,000,000 .. 100,000,000",['Smartly Dressed Games'],['Smartly Dressed Games'],"['Action', 'Adventure', 'Casual', 'Indie', 'Free To Play']","['windows', 'mac', 'linux']","['Single-player', 'Multi-player', 'PvP', 'Online PvP', 'LAN PvP', 'Co-op', 'Online Co-op', 'LAN Co-op', 'Steam Achievements', 'Steam Trading Cards', 'Steam Workshop', 'In-App Purchases', 'Camera Comfort', 'Custom Volume Controls', 'Adjustable Difficulty', 'Playable without Timed Input', 'Stereo Sound', 'Steam Cloud', 'Valve Anti-Cheat enabled', 'Stats', 'Includes level editor', 'Remote Play on Tablet']","Jul 7, 2017",,"-0.013786,0.38216,0.53236,0.15261,-0.29694,-0.20558,-0.41846,-0.58437,-0.77355,-0.87866,-0.37858,-0.18516,-0.128,-0.20584,-0.22925,-0.42599,0.3725,0.26077,-1.0702,0.62916,-0.091469,0.70348,-0.4973,-0.77691,0.66045,0.09465,-0.44893,0.018917,0.33146,-0.35022,-0.35789,0.030313,0.22253,-0.23236,-0.19719,-0.0053125,-0.25848,0.58081,-0.10705,-0.17845,-0.16206,0.087086,0.63029,-0.76649,0.51619,0.14073,1.019,-0.43136,0.46138,-0.43585,-0.47568,0.19226,0.36065,0.78987,0.088945,-2.7814,-0.15366,0.01015,1.1798,0.15168,-0.050112,1.2626,-0.77527,0.36031,0.95761,-0.11385,0.28035,-0.02591,0.31246,-0.15424,0.3778,-0.13599,0.2946,-0.31579,0.42943,0.086969,0.019169,-0.27242,-0.31696,0.37327,0.61997,0.13889,0.17188,0.30363,-1.2776,0.044423,-0.52736,-0.88536,-0.19428,-0.61947,-0.10146,-0.26301,-0.061707,0.36627,-0.95223,-0.39346,-0.69183,-1.0426,0.28855,0.63056"
122,1107,1107,Lost Ark,1599340,the combat wa immaculate the atmosphere phenomenal control over the character great end game difficulty ranging from acceptable to demanding the world jaw dropping the original korean devs were praised and glorified we were lied to wanted to believe and no matter how great a south korean developer might be unfortunately they are irreformable in their philosophy of paywin and bloated design just like the japanese developer are they are amazing at pretty much everything else but being so stuck in their way in those two aspect unfortunately trump whatever amazingness they did do and will deliver in the future people blame amazon but the outcome wa set from the start they were merely a handler unable to alter the most vital decision of the south korean it wa inevitable now it s a dream long dead,840,927.4666666666668,2026-02-21 12:13:43,"50,000,000 .. 100,000,000",['Smilegate RPG'],['Amazon Game Studios'],"['Action', 'Adventure', 'Massively Multiplayer', 'RPG', 'Free To Play']",['windows'],"['Single-player', 'Multi-player', 'MMO', 'PvP', 'Online PvP', 'Co-op', 'Online Co-op', 'Steam Achievements', 'In-App Purchases', 'Adjustable Text Size', 'Camera Comfort', 'Color Alternatives', 'Custom Volume Controls', 'Keyboard Only Option', 'Playable without Timed Input', 'Save Anytime', 'Partial Controller Support']","Feb 11, 2022",,"-0.05448754,0.15474768,0.4142968,-0.15628456,-0.108242676,0.08983609,-0.1703488,0.12139663,-0.084789656,0.06833647,0.070305996,0.03613056,0.29135168,0.01174574,0.037302088,-0.2718019,0.15412065,0.10198073,-0.36846644,0.123557545,0.31556737,-0.032440953,0.27600783,-0.0527427,0.13209283,-0.074706234,-0.107441954,-0.34998438,0.016300626,-0.15489495,-0.06556515,0.36141133,-0.08837607,0.027674915,0.058944643,0.17086075,0.029706534,0.2402838,-0.068621434,-0.17005065,-0.3718628,-0.16048688,0.116991125,-0.21337046,0.015440597,0.050368074,0.28347763,-0.1776289,-0.094293505,-0.64048976,0.002211501,-0.048489425,0.14645214,0.96282333,-0.15679948,-2.1361873,-0.0001522921,-0.21022852,1.4158218,0.44958714,-0.21928567,0.70400304,-0.28423545,0.083831176,0.67163914,-0.006302989,0.38324708,0.31391126,0.0447643,-0.18607467,-0.008618409,-0.22441912,-0.14190535,-0.3473046,0.10595142,0.09118383,-0.15624242,0.032328285,-0.7719289,0.02472307,0.49733752,0.09203744,-0.425109,0.1334268,-1.312147,-0.16194908,-0.018560443,-0.10953042,-0.15993816,-0.30073318,-0.026803948,-0.11092518,-0.14392199,0.14566799,-0.495522,-0.09008696,-0.30892903,-0.29544014,0.51662815,0.18070352"
123,494,494,Team Fortress 2,440,i quit tf year ago because of cheater and i m quitting until people stop cheating get me theropy i need it,114,64.68333333333334,2026-02-14 06:15:44,"50,000,000 .. 100,000,000",['Valve'],['Valve'],"['Action', 'Free To Play']","['windows', 'linux']","['Multi-player', 'Cross-Platform Multiplayer', 'Steam Achievements', 'Steam Trading Cards', 'Captions available', 'Steam Workshop', 'In-App Purchases', 'Camera Comfort', 'Color Alternatives', 'Custom Volume Controls', 'Stereo Sound', 'Surround Sound', 'Partial Controller Support', 'Valve Anti-Cheat enabled', 'Stats', 'Includes level editor', 'Commentary available', 'Remote Play on Phone', 'Remote Play on Tablet']","Oct 10, 2007",,"0.1514916,0.25371242,0.34031674,-0.32378843,-0.41563928,0.17454277,-0.041390613,0.31335413,0.0784957,-0.015892569,0.40662566,0.09313796,0.17924476,0.04264657,0.13111837,-0.3817266,-0.088621855,0.17548929,-0.44278806,0.30671668,0.18931957,0.20248465,0.07350976,-0.077007845,0.18172391,0.20685196,-0.107528865,-0.55887747,0.44364816,-0.20694415,-0.0944589,0.53759086,0.20257051,-0.101906106,-0.058766995,0.25507537,-0.08810812,0.08571577,0.06652247,-0.18766186,-0.4676271,-0.094358206,0.2459962,-0.57684433,-0.32845786,0.120189495,0.16347514,-0.39829373,-0.06262519,-0.9150752,-0.056152552,-0.14438573,0.064398564,0.9900977,-0.38782042,-1.9915081,0.016923666,0.02644724,1.3106589,0.50736,-0.07657476,0.6234689,-0.4944186,0.058350228,0.6379757,0.16745725,0.56199104,0.24923113,0.20029518,-0.14914754,0.11461074,-0.22682813,-0.111313425,-0.24731457,-0.12203312,0.13155258,-0.12951961,0.045106623,-0.63434476,-0.07539777,0.5915705,-0.15922591,-0.4627195,0.15372175,-1.2133628,-0.18471718,0.009670336,-0.17482072,-0.3138044,-0.33703196,-0.18740505,-0.044041142,0.02559438,0.13871042,-0.44152078,0.03685209,-0.17771702,-0.018370096,0.3522984,0.17417991"
124,393,393,Palworld,1623730,one of best game,16,875.6833333333333,2026-02-27 11:07:44,"50,000,000 .. 100,000,000",['Pocketpair'],['Pocketpair'],"['Action', 'Adventure', 'Indie', 'RPG', 'Early Access']",['windows'],"['Single-player', 'Multi-player', 'Co-op', 'Online Co-op', 'Cross-Platform Multiplayer', 'Steam Achievements', 'Full controller support', 'Steam Trading Cards', 'Steam Workshop', 'Steam Cloud', 'Family Sharing']","Jan 18, 2024",2999.0,"-0.04423275,0.11860575,0.8006525,-0.33923,0.0954175,0.4394975,0.231595,-0.1620875,-0.7822665,0.06394225,0.197484,-0.2758255,-0.047103003,-0.10608101,0.134142,-0.036634997,0.43921497,0.20476851,-0.28319,0.5925975,0.34204924,-0.013111001,0.15366575,0.052269995,0.7282125,-0.31182,0.10922475,-0.24356751,-0.062115,-0.16439925,-0.33405474,0.44979,0.10139251,0.031403005,0.124833494,-0.0021599978,-0.42487502,0.6236525,-0.307774,-0.229341,-0.1492925,-0.03938249,0.330933,-0.264795,-0.026377253,0.17818299,0.1422315,-0.6184525,-0.04593,-0.64195997,-0.11423001,-0.18761227,0.013359999,1.0845624,-0.17548001,-2.858475,-0.08221875,-0.08813849,1.47205,0.79321474,-0.44463998,0.80065,-0.19965324,0.325332,0.7288925,-0.10693249,0.522585,0.26034603,0.032325,-0.034136012,0.010710005,0.030321253,-0.047995,0.03378825,0.20022999,0.2842775,-0.39497,-0.1809815,-0.76175576,0.062172003,0.5060975,0.32282647,-0.761555,0.16828825,-1.625725,-0.0365675,-0.31139702,-0.31441498,0.20464127,-0.38122,-0.09654525,0.1216605,-0.1606425,0.1208975,-0.589675,-0.07663001,-0.47869003,-0.25025752,0.7778025,0.351542"
125,1546,1546,Warframe,230410,great game worth the time i spent on it,40,1249.65,2024-02-06 22:00:40,"20,000,000 .. 50,000,000",['Digital Extremes'],['Digital Extremes'],"['Action', 'RPG', 'Free To Play']",['windows'],"['Single-player', 'Multi-player', 'Co-op', 'Online Co-op', 'Cross-Platform Multiplayer', 'Steam Achievements', 'Full controller support', 'Steam Trading Cards', 'Steam Workshop', 'In-App Purchases', 'Camera Comfort', 'Color Alternatives', 'Custom Volume Controls', 'Playable without Timed Input', 'Stereo Sound', 'Surround Sound', 'Remote Play on Phone', 'Remote Play on Tablet', 'Remote Play on TV', 'HDR available']","Mar 25, 2013",,"0.056359887,0.2278209,0.55964553,-0.23888376,-0.12844755,0.23135702,0.030259779,0.26864997,-0.31049,-0.21252257,0.3363662,-0.07505388,-0.04242934,-0.18862444,0.07459533,-0.4384524,0.2955589,0.19807045,-0.4460448,0.25776985,0.24577922,0.29218188,-0.020880444,0.008002777,0.4570211,-0.044513777,-0.14008243,-0.29336587,0.083363324,-0.14525755,-0.31372353,0.47682434,0.08833789,0.03378655,-0.12824112,0.2545067,-0.34149906,0.38495144,-0.09680088,-0.24221312,-0.26106888,-0.26112083,0.28717607,-0.27699956,-0.16488944,0.033717796,0.32528698,-0.62786114,0.16204394,-0.8394789,0.023128198,-0.09529845,0.32562268,1.0617844,-0.39020532,-2.731411,-0.12640545,-0.26519987,1.6884224,0.7442667,-0.13118356,0.9279367,-0.53078616,0.13527982,0.61530995,-0.057507675,0.4020999,0.326484,-0.007008223,-0.0028708975,0.06124833,-0.24994288,0.060086448,-0.15910643,0.10303933,0.17710878,-0.27762425,0.038179,-0.9172933,0.25006756,0.54714113,0.09991256,-0.54193664,0.20884,-1.276089,-0.06699967,-0.09357391,-0.35063186,-0.29424056,-0.37685266,-0.283871,-0.06932484,0.00041477216,0.10020133,-0.6898422,-0.15032691,-0.2499302,-0.20515314,0.68276644,0.24196233"
126,464,464,Team Fortress 2,440,best game ever,15,271.1333333333333,2026-02-20 00:58:18,"50,000,000 .. 100,000,000",['Valve'],['Valve'],"['Action', 'Free To Play']","['windows', 'linux']","['Multi-player', 'Cross-Platform Multiplayer', 'Steam Achievements', 'Steam Trading Cards', 'Captions available', 'Steam Workshop', 'In-App Purchases', 'Camera Comfort', 'Color Alternatives', 'Custom Volume Controls', 'Stereo Sound', 'Surround Sound', 'Partial Controller Support', 'Valve Anti-Cheat enabled', 'Stats', 'Includes level editor', 'Commentary available', 'Remote Play on Phone', 'Remote Play on Tablet']","Oct 10, 2007",,"0.107313,0.33307102,0.8557634,-0.37455395,-0.10498633,0.23004268,0.47061667,-0.283731,-0.57110465,-0.09589969,0.22182201,-0.40775666,-0.04840399,-0.281508,-0.14582334,0.20649868,0.4308,0.49386668,-0.40398335,0.6514333,0.31435335,0.18471932,0.045132667,-0.02678,0.7838467,-0.19875668,-0.155877,-0.21582,0.18644333,-0.11378,-0.49517664,0.6126633,0.15044333,0.147023,0.5255833,0.027277669,-0.89867,0.44061998,-0.55063665,-0.36156335,0.117963344,0.11044001,0.12766732,-0.13305433,-0.00899667,0.172014,0.36386666,-0.76911,0.32662666,-1.0411167,-0.11453334,-0.165893,0.13839,1.05305,0.18132333,-2.6616335,-0.182688,0.31404334,1.2035333,0.7010363,-0.6670633,0.8122933,-0.61789334,0.077702664,0.75269336,-0.16736,0.33056334,0.260653,-0.18741699,0.06043333,0.23616333,0.0034516752,-0.09673666,0.25513402,-0.008980006,0.23829667,-0.60213333,-0.29578668,-0.320181,0.14947666,0.31398332,0.20369135,-0.65368336,0.07061999,-1.5955,-0.17807667,-0.22009434,-0.24373333,-0.034257,-0.29659334,-0.250005,0.116372325,-0.11094668,-0.11411334,-0.37217999,0.110899985,-0.47544003,0.10691666,0.63381,0.296388"
127,886,886,Grand Theft Auto V Legacy,271590,very good game,14,65.4,2026-02-28 19:42:18,"50,000,000 .. 100,000,000",['Rockstar North'],['Rockstar Games'],"['Action', 'Adventure']",['windows'],"['Single-player', 'Multi-player', 'PvP', 'Online PvP', 'Co-op', 'Online Co-op', 'Steam Achievements', 'Full controller support', 'Remote Play on Phone', 'Remote Play on Tablet', 'Remote Play on TV']","Apr 13, 2015",,"-0.2698233,0.15192766,0.5730867,-0.46879664,-0.6280233,0.20745401,0.31069866,-0.09403666,-0.51101,-0.34468332,-0.07925801,-0.37354335,0.08868667,-0.328327,0.056863334,0.008482665,-0.105714,0.278982,-0.22071534,0.7343033,0.19259198,0.22178598,-0.042729337,-0.08111334,0.50805503,0.110219985,-0.29176998,-0.2573667,-0.20479333,0.13130666,-0.55494,0.7709033,-0.01501666,-0.182507,0.5359233,0.13085668,-0.60781264,0.43454996,-0.3231766,-0.47487,0.205175,-0.14692967,0.33714,-0.37447,-0.28517333,-0.21780603,0.46528533,-0.25341332,0.142663,-1.0635966,0.029713333,-0.2966697,0.050961334,0.93747336,0.013261338,-2.9233334,0.19967999,0.10814301,1.4645667,0.48936665,-0.51285404,0.86907,-0.8749166,-0.058115333,0.66875666,-0.075833,0.6025867,0.269253,-0.03434332,-0.1256,0.08534668,-0.140131,0.41714334,-0.26970264,0.5719,0.27152333,-0.47908333,-0.13202333,-0.31098667,0.13861,0.51664,0.28596333,-0.82557994,0.12131667,-1.5921,-0.035523336,-0.18672508,-0.120276995,-0.4385983,-0.43689668,-0.14578067,-0.085133664,-0.167886,0.20644332,-0.3916,-0.08646667,-0.61547,-0.27106002,0.31767002,0.49834934"
128,1193,1193,Lost Ark,1599340,mid,3,7907.5,2025-11-20 00:50:22,"50,000,000 .. 100,000,000",['Smilegate RPG'],['Amazon Game Studios'],"['Action', 'Adventure', 'Massively Multiplayer', 'RPG', 'Free To Play']",['windows'],"['Single-player', 'Multi-player', 'MMO', 'PvP', 'Online PvP', 'Co-op', 'Online Co-op', 'Steam Achievements', 'In-App Purchases', 'Adjustable Text Size', 'Camera Comfort', 'Color Alternatives', 'Custom Volume Controls', 'Keyboard Only Option', 'Playable without Timed Input', 'Save Anytime', 'Partial Controller Support']","Feb 11, 2022",,"-0.39459,-0.26386,0.24428,0.42974,-0.24832,-0.52822,0.55789,0.2615,-0.57,0.43696,0.16742,-0.40344,0.22421,-0.12006,0.59035,-0.45391,-0.68879,-0.28221,0.40206,-0.48244,0.51342,0.11101,0.43807,0.037739,0.097365,-0.03539,-0.68942,-0.17902,-0.13137,-0.18582,0.17484,-0.16792,-0.24605,-0.14899,-0.063108,0.46927,-0.27818,-0.20616,-0.061412,0.042231,-0.31714,-0.23805,-0.13953,0.2011,0.034642,0.086604,0.73299,-0.52931,0.62506,-0.823,-0.14645,-0.13952,-0.28173,0.18041,-0.60487,-1.8334,-1.1644,-0.20324,2.1462,0.49181,-0.40491,0.93782,-0.22634,0.26025,0.43554,0.12062,-0.23136,-0.054697,-0.1718,-0.21937,0.15733,0.023693,-0.91638,-0.70556,-0.28066,-0.28524,-0.566,-0.23389,-0.31951,-0.38387,0.49189,0.10992,0.27526,-0.46837,-0.30136,-0.16928,-0.33248,-0.061466,0.16276,0.5965,0.06869,0.70738,-0.31692,0.37845,-1.1032,0.77206,0.25932,0.36226,0.39813,-0.61688"
129,366,366,Palworld,1623730,everything,10,82.05,2026-02-28 05:34:21,"50,000,000 .. 100,000,000",['Pocketpair'],['Pocketpair'],"['Action', 'Adventure', 'Indie', 'RPG', 'Early Access']",['windows'],"['Single-player', 'Multi-player', 'Co-op', 'Online Co-op', 'Cross-Platform Multiplayer', 'Steam Achievements', 'Full controller support', 'Steam Trading Cards', 'Steam Workshop', 'Steam Cloud', 'Family Sharing']","Jan 18, 2024",2999.0,"0.013026,0.33335,0.62812,-0.089324,-0.13434,0.26948,-0.17045,0.039592,0.19847,-0.054669,0.59498,0.31745,0.28691,0.42015,-0.23682,-0.3583,-0.45421,0.87357,-0.26887,0.38228,-0.013516,0.18781,0.11409,-0.91682,0.17019,0.14309,-0.52976,-0.9702,-0.21943,-0.4512,-0.25972,0.55875,-0.07939,0.098255,-0.15482,0.11926,0.034281,-0.079117,-0.18668,-0.64334,0.026627,-0.15963,0.12529,-0.44979,-0.99793,0.13604,-0.28778,-0.059987,0.019177,-1.2517,0.5363,0.37451,0.12018,0.93167,-0.16836,-1.9662,0.19831,0.70928,1.3088,0.22569,-0.028412,1.2327,-0.44345,-0.34264,0.6256,0.43331,0.95851,0.030527,-0.10855,-0.17556,0.37907,-0.12585,0.32332,0.10456,0.80106,0.32022,-0.073298,0.020626,-0.53155,0.47124,0.73076,0.0048294,-0.60191,0.36261,-1.2432,-0.070735,-0.22735,-0.16984,-0.77984,-0.37359,0.15763,-0.20682,0.17747,-0.16221,-0.60065,-0.62195,-0.087764,0.10573,0.41712,0.80295"
130,1893,1893,Path of Exile 2,2694490,i m very early into it but the game is so addicting,51,8.116666666666667,2026-02-26 01:41:04,"20,000,000 .. 50,000,000",['Grinding Gear Games'],['Grinding Gear Games'],"['Action', 'Adventure', 'Massively Multiplayer', 'RPG', 'Early Access']",['windows'],"['Single-player', 'Multi-player', 'MMO', 'Co-op', 'Online Co-op', 'Full controller support', 'HDR available']","Dec 6, 2024",2999.0,"-0.15408832,0.24109565,0.5094525,-0.28968626,-0.29920566,0.23982543,0.11950577,0.19189875,-0.025211997,-0.07482009,0.28572965,-0.026548645,0.08316425,-0.18265559,0.06908175,-0.1935,-0.038931344,0.20898676,-0.32725304,0.18575574,0.36749515,0.18147166,0.190436,0.119271584,0.40520823,0.14573973,-0.12607266,-0.37768832,-0.06361016,-0.16765283,-0.2709713,0.5778952,-0.017753923,-0.009441744,0.17927648,0.16860525,-0.18906437,0.2316521,-0.1910975,-0.21228594,-0.23874502,-0.14857043,0.116684355,-0.3364242,-0.174284,0.0009106,0.4976758,-0.2111783,0.09699145,-0.6538192,-0.046998832,-0.19317251,0.33522117,0.9670275,-0.35520408,-2.555944,-0.08081165,-0.07843575,1.5969825,0.54293007,-0.18300551,0.86771274,-0.22947681,0.17550369,0.8328142,-0.06600966,0.5390281,0.287633,0.16576631,-0.19149029,0.11094975,-0.38116124,0.106130905,-0.2816557,0.30109861,-0.06560867,-0.2734689,-0.10211241,-0.65206087,-0.012523833,0.48523593,-0.0091367485,-0.70087934,0.1840444,-1.2335299,-0.1104095,-0.021837188,-0.34688497,-0.20804127,-0.26679525,-0.093917884,0.013192001,-0.23225714,0.31084022,-0.35461143,-0.093756415,-0.4169824,-0.22753882,0.32455355,0.22915316"
131,1873,1873,Path of Exile 2,2694490,ti very good yes,18,1292.8,2026-02-26 20:25:18,"20,000,000 .. 50,000,000",['Grinding Gear Games'],['Grinding Gear Games'],"['Action', 'Adventure', 'Massively Multiplayer', 'RPG', 'Early Access']",['windows'],"['Single-player', 'Multi-player', 'MMO', 'Co-op', 'Online Co-op', 'Full controller support', 'HDR available']","Dec 6, 2024",2999.0,"-0.33374497,0.238115,0.3615294,-0.30570176,-0.439758,-0.0355425,0.023731498,-0.07672574,0.12680751,-0.11035749,0.099885,0.04774199,0.20758002,-0.0723865,-0.048122495,-0.44399053,-0.2916705,-0.032276,0.03986849,0.7677075,0.2484665,0.2787425,-0.147591,-0.104017496,0.116828755,0.46591502,-0.059648745,-0.38585323,-0.042788245,-0.05374474,-0.10797,0.56843746,0.252935,0.010043752,0.33215252,0.3043875,0.031158008,0.26200607,0.057784796,-0.43984002,-0.086124495,-0.122008,0.019427508,-0.4997275,-0.2747175,-0.5542675,0.106276244,-0.213495,-0.29355526,-1.0360351,-0.22202751,-0.18716815,-0.047319993,0.57799,-0.3065765,-1.712115,0.391565,0.49756473,0.9546875,0.0077175014,-0.029405504,0.617447,-0.734215,-0.16068599,0.58361673,-0.069164746,0.475275,0.4234375,-0.010206252,-0.19212098,0.34556,0.288328,0.16408049,-0.52580744,0.390275,0.09693749,-0.10711225,-0.08048324,-0.45954248,-0.27075,0.64088494,-0.140525,-0.28395247,0.103382505,-1.2517425,-0.02116,0.0522112,-0.19658774,-0.08486248,-0.26144502,-0.1354055,-0.06054774,0.06254725,0.4009825,-0.18404749,0.12759176,-0.36515376,-0.58916247,-0.030330498,0.4044525"
132,744,744,Black Myth: Wukong,2358720,beautiful,9,21.616666666666667,2026-03-01 00:57:47,"50,000,000 .. 100,000,000",['Game Science'],['Game Science'],"['Action', 'Adventure', 'RPG']",['windows'],"['Single-player', 'Steam Achievements', 'Full controller support', 'Steam Trading Cards', 'Playable without Timed Input', 'Stereo Sound', 'Surround Sound', 'Steam Cloud', 'Family Sharing']","Aug 19, 2024",5999.0,"-0.18173,0.49759,0.46326,0.22507,0.46379,0.70062,-0.55155,0.79148,-0.18582,0.19755,0.19881,0.09037,0.02684,0.036921,0.25217,0.30879,0.33164,0.2714,-0.12808,1.1721,-0.072969,0.34904,0.11161,-0.36056,0.59628,0.42417,-0.69904,-0.19768,-0.35599,-0.23141,-0.38503,-0.12665,0.77121,-0.37397,0.59642,-0.24416,-0.25387,-0.065911,0.21035,-0.83429,0.28604,-0.022707,0.06746,0.088804,0.23424,0.20475,0.085396,0.55393,0.34153,-0.095455,-0.19291,-0.55262,1.0229,0.3866,-0.24254,-2.3519,0.43561,1.1172,0.77358,-0.73769,-0.35302,1.6699,-0.63955,-0.39244,0.56454,-0.27873,0.9252,-0.13997,-0.096213,-1.1242,0.49031,0.36918,0.41195,-0.038159,0.84123,0.24619,0.081767,0.07483,0.44646,-0.19423,0.013369,0.37712,0.23276,0.25728,-0.85934,-0.36652,-0.060819,-0.4635,-0.21186,-0.50654,0.33397,-0.24091,0.5626,-0.0414,-1.0032,0.1337,-1.8932,-0.81877,-0.44116,0.51389"
133,529,529,Call of Duty: Modern Warfare II,1938090,extremely pissed that activision used dark magic to transmute my roughly hour on mw into this cod hq garbage every game since that one ha been downgrading to straight not trying bo or anything onwards this company is greed incarnate making utter slop i did try mw which also got removed from codhq but left it hour behind and bo they had minor redeeming quality but were really not worth it,417,804.85,2026-03-01 04:45:02,"50,000,000 .. 100,000,000","['Treyarch', 'Raven Software', 'Beenox', 'High Moon Studios', 'Sledgehammer Games', 'Infinity Ward', 'Activision Shanghai', 'Demonware']",['Activision'],['Action'],['windows'],"['Single-player', 'Multi-player', 'PvP', 'Online PvP', 'Co-op', 'Online Co-op', 'Cross-Platform Multiplayer', 'Steam Achievements', 'Captions available', 'In-App Purchases', 'Adjustable Text Size', 'Camera Comfort', 'Color Alternatives', 'Custom Volume Controls', 'Playable without Timed Input', 'Stereo Sound', 'Subtitle Options', 'Surround Sound', 'Partial Controller Support', 'HDR available']","Oct 27, 2022",,"-0.09447327,0.14587723,0.3564607,-0.26583222,-0.10718882,0.18472576,0.0076284283,0.20119293,0.029822424,0.055190243,0.1975274,0.111107334,0.22781777,0.013227387,0.13080962,-0.3082311,0.153265,0.19084013,-0.3083945,0.19889517,0.34684354,0.05736118,0.1489566,0.01114658,0.23546927,0.026958475,-0.17162712,-0.24221505,0.076954745,-0.16927238,-0.07526407,0.38470793,-0.11875296,0.08707257,-0.059982203,0.24383923,-0.020189606,0.15542929,-0.07321362,-0.10460325,-0.21634251,-0.14037846,0.08705425,-0.28251407,-0.08289486,0.042271804,0.21282424,-0.3221097,0.016112562,-0.61727273,-0.015454139,-0.09643564,0.13711849,0.8829205,-0.24382995,-1.9534128,-0.11232099,-0.11770911,1.1953949,0.4634996,-0.09229432,0.6386983,-0.32054082,0.20672481,0.57719934,-0.04976165,0.45117468,0.122679844,0.11465194,-0.1658477,-0.037506375,-0.2245367,-0.010394323,-0.24966384,0.082072414,0.06339746,-0.12963149,0.017740102,-0.6562979,0.10756923,0.34886107,-0.024474556,-0.55012316,0.12764576,-1.1431917,-0.10572834,0.10256726,-0.130913,-0.12213128,-0.1951389,-0.10266342,-0.1396596,-0.17381473,-0.019180888,-0.38589916,-0.102963224,-0.20122378,-0.27812585,0.3757887,0.11139002"
134,802,802,Grand Theft Auto V Legacy,271590,the golden game,18,355.1,2026-03-01 23:57:37,"50,000,000 .. 100,000,000",['Rockstar North'],['Rockstar Games'],"['Action', 'Adventure']",['windows'],"['Single-player', 'Multi-player', 'PvP', 'Online PvP', 'Co-op', 'Online Co-op', 'Steam Achievements', 'Full controller support', 'Remote Play on Phone', 'Remote Play on Tablet', 'Remote Play on TV']","Apr 13, 2015",,"0.20598167,-0.10246033,0.6896467,-0.57936335,0.11356735,0.24121435,0.013923327,0.11960331,-0.8019033,-0.156497,0.056551997,-0.36964333,0.04322334,-0.26108333,-0.25751665,0.14216,0.48362336,0.15995668,-0.24274667,0.087153345,0.0008233388,-0.17798434,-0.17134266,0.12835701,1.0046533,0.09958667,-0.058527667,-0.15545332,-0.17464334,-0.18214,-0.14087066,0.46065667,0.12948334,0.012396333,0.052260336,-0.21726233,-0.47768667,0.74797004,-0.27577332,-0.16554935,0.052760005,-0.39005664,0.0045299977,-0.19666667,0.23135668,0.220101,0.34535,-0.41621336,0.12639667,-0.47131196,-0.23192734,-0.024903001,0.092616,0.83110666,-0.36218333,-2.8753002,-0.21346998,0.089353345,1.4625767,0.72051,-0.67889667,0.95900005,-0.40312198,0.26579598,0.4562417,-0.13056666,-0.06787833,0.098703675,-0.46713734,0.06715999,-0.18262267,-0.018272998,0.08584001,0.10032067,-0.037836663,0.17811935,-0.69955,-0.08852001,-0.464162,0.38263133,0.47569332,0.22455937,-0.549887,0.15393966,-1.1825733,-0.058007002,-0.13761269,-0.25194666,0.53348166,0.06707,-0.15357867,-0.010606329,-0.3401967,0.24861665,-0.70669335,-0.53059334,-0.60043335,0.08722133,0.53676337,0.11164666"
135,1223,1223,War Thunder,236390,i only play warthunder because i cant stop i go away dont play it then the next day im playing it again i dont want this this is against my own will please send help d,171,134.63333333333333,2025-08-05 23:43:11,"20,000,000 .. 50,000,000",['Gaijin Entertainment'],['Gaijin Network Ltd'],"['Action', 'Massively Multiplayer', 'Simulation', 'Free To Play']","['windows', 'mac', 'linux']","['Single-player', 'Multi-player', 'MMO', 'PvP', 'Online PvP', 'Co-op', 'Online Co-op', 'Cross-Platform Multiplayer', 'Steam Achievements', 'Full controller support', 'VR Supported', 'Steam Trading Cards', 'In-App Purchases', 'Adjustable Text Size', 'Camera Comfort', 'Color Alternatives', 'Custom Volume Controls', 'Playable without Timed Input', 'Stereo Sound', 'Surround Sound', 'Remote Play on Phone', 'Remote Play on Tablet']","Aug 15, 2013",,"-0.16251639,0.26677725,0.47768468,-0.37574866,-0.35744947,0.31123662,-0.19632213,0.3321961,-0.0020030022,-0.180516,0.25527793,0.058109745,0.09723824,-0.043821234,0.012953311,-0.20544882,0.037843607,0.32177916,-0.46816334,0.2697318,0.23269743,0.18139593,0.08484231,0.026957197,0.21324798,0.08653668,-0.23006813,-0.51061827,0.44981495,-0.2371249,-0.30590734,0.63506365,0.16442758,0.09705812,0.092615865,0.29490072,-0.13652328,0.21822667,0.067293525,-0.23306975,-0.285205,-0.10176619,0.0866259,-0.4992923,-0.25343293,-0.06141726,0.15024939,-0.4278201,-0.030991884,-0.8647915,-0.08506066,0.0734958,0.094590545,0.858004,-0.271292,-2.3577118,0.015645195,-0.060586996,1.3568224,0.44788605,-0.1278132,0.73839283,-0.44895598,0.011785307,0.7183738,0.13341117,0.45430857,0.465962,-0.14278945,-0.18911214,0.11706944,-0.39978743,0.02976235,-0.53471845,0.1839699,0.074574225,-0.14270489,-0.054825235,-0.62235326,-0.060483243,0.49546388,-0.18651238,-0.6070434,0.021494124,-1.3295419,-0.17929387,-0.026597334,-0.20600374,-0.21288435,-0.26726803,-0.26731202,-0.085710555,0.070599146,0.13065456,-0.45471916,-0.061315197,-0.01611938,-0.20138448,0.27234358,0.3542978"
136,1978,1978,Wallpaper Engine,431960,if my wall dont move then they shouldn t be wall,51,5.15,2026-03-01 04:13:45,"20,000,000 .. 50,000,000",['Wallpaper Engine Team'],['Wallpaper Engine Team'],"['Casual', 'Indie', 'Animation & Modeling', 'Design & Illustration', 'Photo Editing', 'Utilities']",['windows'],"['Steam Achievements', 'Steam Trading Cards', 'Steam Workshop', 'Steam Workshop', 'Includes level editor']","Nov 16, 2018",499.0,"-0.046452917,0.2698886,0.216641,-0.33583084,-0.44103166,0.13421184,-0.2613453,0.14238791,0.09821172,-0.23540407,0.2915968,0.32269046,0.46718705,-0.020908372,0.033553,-0.017395914,-0.11397727,0.38174868,-0.21966,-0.12514755,0.2712583,0.032035545,-0.090583995,0.06513173,0.32017055,0.081810445,-0.23206119,-0.49675897,0.21940337,-0.43305796,0.29334176,0.595479,-0.045286357,0.1619928,0.13218719,0.22397117,-0.08891954,0.12023945,0.14264555,-0.14148937,-0.07355707,-0.37010908,0.016944824,-0.32231274,-0.30207875,-0.012749446,-0.033820186,0.032784544,0.08586727,-0.77486575,0.10808435,0.048433017,0.09801399,0.7839262,-0.3273901,-2.013659,-0.10152927,-0.01189528,1.2904236,0.41711763,-0.19012772,0.6851401,-0.3839964,0.08942464,0.63271564,0.21760482,0.46942586,0.40717632,-0.165733,-0.31343308,0.11186964,-0.101619355,-0.14748853,-0.56537014,0.053125724,-0.16563554,0.19521418,0.06815337,-0.38353002,-0.18282782,0.57481724,-0.2407979,-0.64223456,-0.16452418,-1.1287255,-0.40326908,0.09807455,-0.25308973,-0.032690905,-0.19216146,-0.14900509,-0.3020273,0.021641152,-0.045596365,-0.3265153,-0.099975355,0.17924492,-0.21171564,0.2235742,0.36139873"
137,1905,1905,Wallpaper Engine,431960,er,3,9.55,2026-03-02 01:14:34,"20,000,000 .. 50,000,000",['Wallpaper Engine Team'],['Wallpaper Engine Team'],"['Casual', 'Indie', 'Animation & Modeling', 'Design & Illustration', 'Photo Editing', 'Utilities']",['windows'],"['Steam Achievements', 'Steam Trading Cards', 'Steam Workshop', 'Steam Workshop', 'Includes level editor']","Nov 16, 2018",499.0,"-0.28562,-0.35218,0.41583,-0.35463,-0.77694,-0.27359,0.16974,0.36138,0.18875,0.043672,0.12706,-0.015556,0.18944,0.62415,0.56194,-0.47691,-0.12648,0.16516,0.5945,0.35772,0.22756,0.33196,-1.1716,0.74177,0.6789,0.40584,0.36728,0.13896,0.34234,0.17773,-0.057351,0.13482,0.049341,0.23622,-0.56911,1.0137,0.10307,0.42594,0.072613,0.74878,0.53657,0.15166,-1.1558,-0.12121,0.67635,-0.56351,-1.0755,-0.0064401,0.048574,0.17747,-1.1061,-0.10337,0.10956,0.29386,-0.80105,-0.47388,0.52243,0.23469,-0.3375,0.29286,-0.56597,0.16852,0.058135,-0.042696,0.83865,0.5238,0.29802,0.21237,-0.56287,0.9508,0.032464,-0.49193,0.177,-0.12536,0.59354,0.012497,-0.34054,-0.017069,0.11111,-0.37111,-0.012287,-0.22313,-0.19721,-0.14806,-1.7475,0.7225,-0.57203,-0.14406,0.067732,0.27522,0.18776,0.21018,0.51795,-0.036283,0.081762,-0.10802,0.71985,-0.58346,-0.14836,0.088934"
138,1699,1699,ELDEN RING,1245620,negative go due to intermittent freezing game still suffers from intermittent freezing google easily brings you down to when people were complaining and suffering s freeze are not ok camera auto centering again same a before came out broken in stayed like that went over post of some past year it seems there wa an attempt to fix it did not manage albeit there is a toggle now that help a tiny bit optimization for the love of god at least put dlss if you cannot manage dlss came out in i e year before the original game launch there is no excuse for occasional fps tanking to fps most of the time it stick at a cap of though on rtx ti not to mention that the gpu chill at utilization during a tank even less loaded otherwise,819,10.866666666666667,2026-02-28 23:50:48,"20,000,000 .. 50,000,000","['FromSoftware, Inc.']","['FromSoftware, Inc.', 'Bandai Namco Entertainment']","['Action', 'RPG']",['windows'],"['Single-player', 'Multi-player', 'PvP', 'Online PvP', 'Co-op', 'Online Co-op', 'Steam Achievements', 'Full controller support', 'Steam Trading Cards', 'Camera Comfort', 'Custom Volume Controls', 'Playable without Timed Input', 'Save Anytime', 'Stereo Sound', 'Surround Sound', 'Steam Cloud', 'Family Sharing']","Feb 24, 2022",5999.0,"-0.1359516,0.17005593,0.35638383,-0.17032889,-0.064240105,0.17816545,-0.116402194,0.18394078,-0.06009412,-0.011043068,0.11347205,0.050473325,0.21650173,0.02472127,0.16986094,-0.23025909,0.1017318,0.06718592,-0.2836209,0.17295226,0.29333815,-0.0009301986,0.18311739,0.056930702,0.23581044,-0.07449478,-0.17713204,-0.32717806,0.051809333,-0.15246241,-0.093134135,0.40147224,-0.09712516,0.0776487,-0.036032006,0.26363704,0.009203343,0.13596417,0.004003543,-0.15334643,-0.3431256,-0.16236489,0.06230384,-0.288386,-0.052672457,0.013711292,0.2181578,-0.26626718,-0.043546055,-0.7183357,0.045544,-0.08450706,0.13975297,0.9628413,-0.20089497,-2.1991694,-0.018786442,-0.22758274,1.4153274,0.47393447,-0.17950429,0.6340072,-0.28106928,0.15255699,0.60241014,0.026022118,0.4257508,0.108546205,0.07129355,-0.13136818,-0.0384447,-0.24104579,-0.094670065,-0.27896538,0.12584284,0.068846464,-0.12769598,-0.047961757,-0.7738659,0.023325318,0.5462095,-0.019565532,-0.49786505,0.12346436,-1.1952387,-0.13482922,0.16160326,-0.067369476,-0.11956471,-0.25918114,-0.051365647,-0.02218376,-0.1376424,0.06910729,-0.3858876,-0.08349496,-0.113828994,-0.17744489,0.46085462,0.0862239"
139,1544,1544,Warframe,230410,addictive and keep coming back even after burnout,49,1715.1333333333334,2024-03-27 13:49:39,"20,000,000 .. 50,000,000",['Digital Extremes'],['Digital Extremes'],"['Action', 'RPG', 'Free To Play']",['windows'],"['Single-player', 'Multi-player', 'Co-op', 'Online Co-op', 'Cross-Platform Multiplayer', 'Steam Achievements', 'Full controller support', 'Steam Trading Cards', 'Steam Workshop', 'In-App Purchases', 'Camera Comfort', 'Color Alternatives', 'Custom Volume Controls', 'Playable without Timed Input', 'Stereo Sound', 'Surround Sound', 'Remote Play on Phone', 'Remote Play on Tablet', 'Remote Play on TV', 'HDR available']","Mar 25, 2013",,"0.045977756,-0.008951247,0.39409634,-0.3771675,-0.15598449,0.215361,-0.16017763,0.042076994,0.11824126,-0.045806244,0.13646625,-0.08506839,-0.054228373,-0.08892948,0.18732625,-0.21150851,0.010357376,0.10129413,-0.25868776,0.17589849,0.34209248,0.052598752,0.035360374,0.19997749,0.2804458,0.29945073,-0.3148625,-0.47340262,0.021793628,-0.19333288,-0.14355199,0.2167,-0.1470145,-0.072613634,-0.09661651,0.14850412,-0.19789627,0.095438614,-0.26867875,-0.19986674,-0.29404712,-0.21121877,0.10912363,-0.35999513,-0.081951626,0.068029635,0.2067775,-0.15994735,0.19128822,-0.9009663,0.109394506,-0.12957874,-0.07886376,1.0320375,0.06474649,-1.9368907,0.033225495,-0.17233312,1.1935939,0.63629586,-0.15292262,0.7814538,-0.12735212,0.1526924,0.40896627,0.078783765,0.68070215,0.08067761,0.14281213,-0.27009124,-0.046976246,-0.29088825,-0.118283,-0.336655,-0.13018963,0.081426196,-0.1545375,-0.09693787,-0.43792948,-0.045502,0.5590912,0.055817503,-0.57967865,0.21611163,-1.14217,-0.28272662,-0.046288878,0.079226494,-0.534375,-0.2936471,-0.1878291,0.0013212487,-0.111273736,0.18367851,-0.4403925,-0.20042005,-0.07029213,0.013102995,0.44734746,-0.004690744"
140,1313,1313,Monster Hunter Wilds,2246340,if you like hunting monster i would get this game if your pc is good i would get this game,92,163.5,2026-03-01 18:19:03,"20,000,000 .. 50,000,000","['CAPCOM Co., Ltd.']","['CAPCOM Co., Ltd.']","['Action', 'Adventure', 'RPG']",['windows'],"['Single-player', 'Multi-player', 'Co-op', 'Online Co-op', 'Cross-Platform Multiplayer', 'Steam Achievements', 'Full controller support', 'Steam Trading Cards', 'Adjustable Text Size', 'Camera Comfort', 'Color Alternatives', 'Custom Volume Controls', 'Keyboard Only Option', 'Stereo Sound', 'Subtitle Options', 'Surround Sound', 'Steam Cloud', 'HDR available', 'Family Sharing']","Feb 27, 2025",6999.0,"-0.21425608,0.3539846,0.69932044,-0.5527805,-0.41924158,0.15877679,-0.010639161,0.13483801,0.0074247955,-0.21637034,0.1398708,0.056232356,0.19097358,-0.16150105,0.10624665,-0.0650687,0.10532661,0.44909716,-0.46295577,0.5472141,0.1401414,0.0698081,-0.0036222502,-0.110233985,0.37616828,0.2139928,-0.31438437,-0.53969723,0.1023757,-0.24155235,-0.08346975,0.741753,0.092910655,0.011492895,0.2780565,0.37700462,-0.31169328,0.26647303,0.16430734,-0.43321347,-0.15944204,-0.18017201,0.13917364,-0.547835,-0.3545174,-0.038501807,0.15101184,-0.45659286,0.036644053,-1.0092674,-0.027828578,-0.106607534,0.10782005,0.94755757,-0.12687519,-2.547529,0.10978879,0.08194341,1.645133,0.582852,-0.16271922,0.88441896,-0.5717145,0.07306219,0.86016303,0.18842033,0.5584116,0.32863542,-0.058250498,-0.16475001,0.08724834,-0.41134992,0.08183211,-0.3777518,0.0923225,0.114329204,-0.24801071,-0.10359931,-0.6000842,0.08397319,0.50757307,-0.1351735,-0.769762,0.046565842,-1.5083284,-0.15008005,0.05094949,-0.30652416,-0.205367,-0.4140864,-0.18705896,-0.09767997,0.07396485,-0.042172004,-0.3919642,-0.2134684,-0.061822943,-0.1550455,0.5658158,0.3119468"
141,306,306,Palworld,1623730,i love this game i truly do but the bug and glitch seriously need to be fixed the game will crash several time if you re playing online with friend there is a horrible bug that will take you to the character creation screen and attempt to delete your saved file and all progress forcing you restore from old backup wont always work i know the game is still in development but these are serious issue impacting gameplay,435,460.2166666666666,2026-03-01 22:28:29,"50,000,000 .. 100,000,000",['Pocketpair'],['Pocketpair'],"['Action', 'Adventure', 'Indie', 'RPG', 'Early Access']",['windows'],"['Single-player', 'Multi-player', 'Co-op', 'Online Co-op', 'Cross-Platform Multiplayer', 'Steam Achievements', 'Full controller support', 'Steam Trading Cards', 'Steam Workshop', 'Steam Cloud', 'Family Sharing']","Jan 18, 2024",2999.0,"-0.1825277,0.21750318,0.42580628,-0.28156152,-0.12160009,0.2035159,-0.11103365,0.123617575,0.06442878,-0.050822966,0.13161455,0.03284107,0.2309348,-0.057424385,0.045520652,-0.18921067,0.17374578,0.23455527,-0.36060873,0.3121829,0.102894895,-0.081814595,0.15671623,0.029878164,0.29722738,-0.06656705,-0.1827866,-0.398511,0.08615581,-0.12520544,-0.1672147,0.5166175,-0.048427563,0.06477126,0.070056625,0.18240434,-0.11449976,0.14423624,0.03660176,-0.24538434,-0.30429178,-0.13616632,0.11407313,-0.34092143,-0.19677825,0.10250733,0.1784951,-0.33045474,-0.031992637,-0.7652922,0.028322205,-0.03573339,0.042470653,0.99368024,-0.0908754,-2.2403076,0.06843663,-0.13416907,1.4630631,0.5390539,-0.21630429,0.80837953,-0.35529003,0.0968808,0.77689534,0.054005355,0.45682868,0.27301416,0.038319167,-0.22246914,0.03363731,-0.29272065,-0.02793548,-0.34769788,0.19044858,0.061130114,-0.17235991,0.027441472,-0.68490803,-0.010697921,0.48326096,-0.028413057,-0.45349166,0.09869202,-1.4265853,-0.10737028,0.03194327,-0.11070738,-0.26428944,-0.34385628,-0.12167694,-0.03486755,-0.09530277,0.025202509,-0.40814131,-0.045062706,-0.13404053,-0.32652402,0.4429248,0.21592708"
142,1666,1666,ELDEN RING,1245620,fantastic game can get a little difficult at time,51,152.91666666666666,2026-03-01 09:04:41,"20,000,000 .. 50,000,000","['FromSoftware, Inc.']","['FromSoftware, Inc.', 'Bandai Namco Entertainment']","['Action', 'RPG']",['windows'],"['Single-player', 'Multi-player', 'PvP', 'Online PvP', 'Co-op', 'Online Co-op', 'Steam Achievements', 'Full controller support', 'Steam Trading Cards', 'Camera Comfort', 'Custom Volume Controls', 'Playable without Timed Input', 'Save Anytime', 'Stereo Sound', 'Surround Sound', 'Steam Cloud', 'Family Sharing']","Feb 24, 2022",5999.0,"-0.16243243,0.22072834,0.37081954,-0.25715554,-0.35927445,0.21190044,-0.02972811,0.29639944,-0.22750878,-0.16559058,0.15233622,-0.059378795,0.021082997,-0.24020587,0.12919822,-0.14095677,0.13655223,0.21529502,-0.3561509,0.36978146,0.3754798,0.120553106,0.09009978,-0.13575713,0.43478167,-0.044419333,-0.245866,-0.3804911,0.12620421,-0.145898,-0.4331383,0.5269425,-0.020736665,-0.106304556,0.20101,0.2557189,-0.4691496,0.3577491,0.076437116,-0.26078764,-0.10959233,-0.21506211,-0.029390223,-0.46047533,-0.20042112,0.11604987,0.32524422,-0.18125254,0.05433456,-0.7931678,0.022795197,-0.31436488,0.11377434,1.0585166,-0.0007649962,-2.7893336,-0.07008032,-0.022968557,1.4317511,0.5182316,-0.336285,0.87976336,-0.62450516,0.039204054,0.6110966,-0.0996671,0.38736367,0.21510512,0.06254356,-0.23674777,-0.15480529,-0.2154891,0.029903442,-0.2267358,0.20111121,0.14764157,-0.2898467,-0.246673,-0.6069211,0.15366589,0.5899225,0.07167433,-0.58212894,-0.07964123,-1.4758211,-0.037013896,0.25698087,-0.022001555,-0.24446143,-0.40986,-0.16446584,0.07053912,-0.051939785,0.005204898,-0.4140628,-0.16937143,-0.14820331,-0.17790535,0.49450752,0.31970456"
143,862,862,Grand Theft Auto V Legacy,271590,online portion of the game previously worked via proton but online feature is now inaccessible due to anti cheat compatibility decision with no confirmed plan to restore linux access,185,154.65,2026-03-01 03:58:34,"50,000,000 .. 100,000,000",['Rockstar North'],['Rockstar Games'],"['Action', 'Adventure']",['windows'],"['Single-player', 'Multi-player', 'PvP', 'Online PvP', 'Co-op', 'Online Co-op', 'Steam Achievements', 'Full controller support', 'Remote Play on Phone', 'Remote Play on Tablet', 'Remote Play on TV']","Apr 13, 2015",,"-0.1868728,0.05999093,0.29918423,-0.13364995,0.18785448,0.08212775,-0.17655662,0.08536468,0.13069178,0.0821417,0.10274319,0.044194445,0.23055692,-0.24444214,0.13321738,-0.22443055,0.40142798,0.08383507,-0.26775235,0.16197926,0.08912068,-0.13939762,0.19514081,0.21379048,0.13484353,-0.18706931,0.037659947,-0.24859896,-0.06850291,-0.012938174,-0.049278464,0.5094161,-0.18666068,0.068240665,0.24411379,0.33721086,0.042799555,0.13212739,-0.12722504,-0.09920392,-0.2759317,-0.07821297,0.07249894,-0.23829986,-0.041927554,0.05977877,0.11873675,-0.29760256,0.047114342,-0.3837305,0.10705562,0.09755935,0.1182533,0.70470285,-0.06315638,-2.0950391,-0.100233816,-0.30511957,1.5429913,0.38955647,-0.22653545,0.31658667,-0.087399215,0.057324726,0.6635202,0.028779654,0.27465153,0.14077982,0.23338032,-0.14532492,-0.024536995,-0.15739264,0.027161932,-0.32601234,0.07304614,0.027949136,-0.12723257,0.094823726,-0.7518122,-0.04836827,0.55754274,-0.08395055,-0.40987208,0.12129504,-1.1933436,0.04377948,0.1344931,-0.024346756,-0.1725667,-0.10082304,-0.10114807,0.012098833,-0.16028227,0.08381296,-0.22118571,-0.061060622,-0.12924524,-0.15307894,0.60722816,0.09322201"
144,1566,1566,Warframe,230410,damn i got this game back during the golden age i had it on p it wa free and rhino prime just came out the black and gold rhino prime so i bought the pack and sunk deeper and deeper into the game i eventually lvl d up high maybe or so and i had then purchased nearly every warframe in the game now then then deep immersive story load of customisation option from weapon to skin warframes and color pallet ship resource and more huge shop warframes are like action figure each come with a few power u activate using simple button combo best rd person speed runner space game i can think of great community and community chat support clan dojo s faction s and guild fun alone or with multiplayer i consider warframe one of my daily s and my nd favourite video game constantly being worked on and updated i give this game a full recommendation for anyone,918,656.0166666666667,2022-10-30 07:29:16,"20,000,000 .. 50,000,000",['Digital Extremes'],['Digital Extremes'],"['Action', 'RPG', 'Free To Play']",['windows'],"['Single-player', 'Multi-player', 'Co-op', 'Online Co-op', 'Cross-Platform Multiplayer', 'Steam Achievements', 'Full controller support', 'Steam Trading Cards', 'Steam Workshop', 'In-App Purchases', 'Camera Comfort', 'Color Alternatives', 'Custom Volume Controls', 'Playable without Timed Input', 'Stereo Sound', 'Surround Sound', 'Remote Play on Phone', 'Remote Play on Tablet', 'Remote Play on TV', 'HDR available']","Mar 25, 2013",,"-0.11540368,0.266882,0.33573133,-0.24762009,-0.02315542,0.20659374,-0.025865449,0.16677523,-0.10925199,0.04596455,0.18594554,-0.053892348,0.108825915,0.034095805,0.13291796,-0.19538711,0.1023828,0.087013036,-0.3531848,0.16532986,0.22012797,0.0076122284,0.14511119,-0.008747516,0.3222014,0.036925863,-0.12252745,-0.28645268,0.10881689,-0.14291035,-0.045188993,0.5167522,-0.060541447,0.06959194,0.15532129,0.18975757,-0.09048514,0.27023464,-0.002374525,-0.19086564,-0.23187384,-0.23713972,0.117028505,-0.3239423,-0.09983621,0.036853977,0.074728504,-0.25893724,0.113916606,-0.5795782,-0.06311789,0.011151532,0.09049149,0.9416045,-0.18179247,-2.144249,-0.025093645,-0.09865772,1.3908094,0.49882132,-0.1074093,0.6547709,-0.30450362,0.1445372,0.6609512,0.006422218,0.41068143,0.19178559,0.14066678,-0.026082274,-0.0085539995,-0.16524805,-0.01900389,-0.2926854,0.08456843,0.15522856,-0.18672259,0.0056400253,-0.5896495,-0.023609485,0.42568347,0.043452192,-0.40453824,0.1220879,-1.0952353,-0.11301736,0.027899036,-0.20126663,-0.10267949,-0.26189074,-0.12619352,-0.053734105,-0.059965808,0.098790176,-0.43554577,-0.093042,-0.23307349,-0.24869826,0.5281801,0.1588748"
145,530,530,Call of Duty: Modern Warfare II,1938090,great gameplay,14,12.65,2026-03-01 04:21:50,"50,000,000 .. 100,000,000","['Treyarch', 'Raven Software', 'Beenox', 'High Moon Studios', 'Sledgehammer Games', 'Infinity Ward', 'Activision Shanghai', 'Demonware']",['Activision'],['Action'],['windows'],"['Single-player', 'Multi-player', 'PvP', 'Online PvP', 'Co-op', 'Online Co-op', 'Cross-Platform Multiplayer', 'Steam Achievements', 'Captions available', 'In-App Purchases', 'Adjustable Text Size', 'Camera Comfort', 'Color Alternatives', 'Custom Volume Controls', 'Playable without Timed Input', 'Stereo Sound', 'Subtitle Options', 'Surround Sound', 'Partial Controller Support', 'HDR available']","Oct 27, 2022",,"-0.29688302,0.2329465,0.48687,-0.028389998,-0.1455778,-0.0695385,-0.12517,-0.4515,-0.210505,-0.224405,0.03424999,-0.42905998,-0.0064100027,-0.96157,-0.043645002,0.153575,-0.29476,0.120942,-0.48658347,0.64572,0.2607105,-0.18220997,-0.39771,-0.4723,0.59803,-0.13735,-0.23759,0.4706385,-0.09444499,-0.022314996,-0.675555,0.35503152,-0.517935,-0.525265,0.31669,0.08071375,-0.22055501,0.2551505,-0.29712,-0.681825,0.175575,-0.231827,0.55228496,0.11469501,0.018419996,0.534625,0.29824,-0.324135,0.63471,-0.13178,-0.011899993,-0.095485,0.082635,0.776935,0.6436225,-1.75899,0.32988,-0.426685,0.741855,0.42638,-0.421656,0.917255,-0.433857,0.36245,0.83342505,-0.136905,0.08551,-0.226835,0.03543,0.058660008,0.049384996,-0.018567495,0.42244,0.1647,0.179591,0.23785451,-0.11687049,0.11472499,-0.06401,0.11468,-0.03485498,-0.09251501,-0.231895,-0.024135008,-1.36405,0.55186146,-0.53038,-0.733185,-0.3814,-0.2933415,-0.119495004,-0.105685495,-0.1863285,0.45914,0.025035024,-0.559755,-0.882265,-0.836485,0.72742504,0.543015"
146,654,654,New World: Aeternum,1063730,give me my money back,22,72.71666666666667,2026-02-18 19:00:43,"50,000,000 .. 100,000,000",['Amazon Game Studios'],['Amazon Game Studios'],"['Action', 'Adventure', 'Massively Multiplayer', 'RPG']",['windows'],"['Multi-player', 'MMO', 'PvP', 'Online PvP', 'Co-op', 'Online Co-op', 'Steam Achievements', 'In-App Purchases', 'Adjustable Text Size', 'Camera Comfort', 'Chat Speech-to-text', 'Chat Text-to-speech', 'Color Alternatives', 'Custom Volume Controls', 'Keyboard Only Option', 'Playable without Timed Input', 'Save Anytime', 'Stereo Sound', 'Subtitle Options', 'Surround Sound', 'Partial Controller Support']","Sep 28, 2021",,"0.15703002,0.213818,0.543022,-0.493826,-0.1859112,0.41318998,-0.30343202,0.2444804,0.087955,-0.23923202,0.2872216,0.4249282,-0.0170332,0.1983462,-0.07956602,-0.3373926,-0.198558,0.341148,-0.408044,0.551064,0.18695322,0.289534,-0.3003038,-0.095382,0.0902532,0.2960216,-0.50361204,-0.909852,0.5446,-0.354734,0.081076406,0.623752,0.214612,0.10829401,-0.298876,0.49957594,-0.44115037,0.306044,-0.03429801,-0.23841622,-0.219313,-0.34771982,0.3092268,-0.643004,-0.490452,-0.110056184,-0.25429899,-0.2906776,0.024572194,-1.046944,-0.1753246,0.29064003,0.09185158,1.0210841,-0.078688,-2.6048598,0.166481,-0.053878,1.7831199,0.21533339,0.3429324,1.0299981,-0.53535604,0.16100243,0.65493196,0.08875596,0.676736,0.49603,-0.045687996,-0.104762,0.0839666,-0.013068223,0.045232408,-0.77295196,0.2667302,0.39693397,-0.3155112,-0.16810219,-0.58127606,-0.0040853964,0.712858,0.168276,-0.486728,-0.26732022,-1.413914,-0.09428324,-0.09556399,0.10526705,-0.5420308,-0.3022652,-0.3274364,-0.1750888,0.37962303,-0.20314999,-0.44315606,-0.455864,-0.0005593881,0.091155395,0.3149318,0.43498176"
147,1259,1259,War Thunder,236390,i loaded up my first match only to get killed when a pixel of my tank poke out from the side of the building would get sniped again,140,533.7333333333333,2024-10-09 05:43:41,"20,000,000 .. 50,000,000",['Gaijin Entertainment'],['Gaijin Network Ltd'],"['Action', 'Massively Multiplayer', 'Simulation', 'Free To Play']","['windows', 'mac', 'linux']","['Single-player', 'Multi-player', 'MMO', 'PvP', 'Online PvP', 'Co-op', 'Online Co-op', 'Cross-Platform Multiplayer', 'Steam Achievements', 'Full controller support', 'VR Supported', 'Steam Trading Cards', 'In-App Purchases', 'Adjustable Text Size', 'Camera Comfort', 'Color Alternatives', 'Custom Volume Controls', 'Playable without Timed Input', 'Stereo Sound', 'Surround Sound', 'Remote Play on Phone', 'Remote Play on Tablet']","Aug 15, 2013",,"-0.09914335,0.18670015,0.36646387,-0.3017717,-0.12210067,0.31640965,-0.07791593,0.22756276,-0.18361847,0.16842768,0.22382481,0.1448061,0.26308566,0.09529753,0.23678443,-0.2174479,0.09183133,0.10671757,-0.43146852,0.04360237,0.4017772,-0.017483754,0.2439713,-0.008158461,0.3252492,-0.08365172,-0.2543406,-0.35479805,0.23021805,-0.20722139,-0.07490985,0.45668992,0.09568526,0.13957272,0.009954714,0.15465784,-0.17493357,0.30255723,0.0636908,-0.014488427,-0.34169367,-0.33301184,0.17996643,-0.37908295,0.00783585,0.16924147,0.04280753,-0.26500943,-0.063840464,-0.6375036,-0.04285207,0.021918492,0.06360062,1.0872475,-0.30230504,-2.3635104,-0.061540455,-0.13396034,1.4936182,0.529106,0.029052584,0.86261094,-0.27041608,0.4029581,0.5589617,0.001187038,0.37701178,0.27541262,-0.068150826,-0.09276147,0.05468675,-0.1782509,0.09353586,-0.43129253,0.0763157,0.22351015,-0.14332807,-0.10731014,-0.7778107,0.03220434,0.52984965,0.18241595,-0.5526004,0.09061729,-1.2015741,-0.21986344,0.11161138,-0.120049335,-0.1519543,-0.29695195,-0.05890281,-0.045835756,-0.10734882,0.15310386,-0.5270122,-0.1431555,-0.09723123,-0.03630337,0.49759954,0.21203181"
148,233,233,PUBG: BATTLEGROUNDS,578080,cool,4,214.8333333333333,2026-02-24 05:15:38,"100,000,000 .. 200,000,000",['PUBG Corporation'],"['KRAFTON, Inc.']","['Action', 'Adventure', 'Massively Multiplayer', 'Free To Play']",['windows'],"['Multi-player', 'PvP', 'Online PvP', 'Stats', 'Remote Play on Phone', 'Remote Play on Tablet']","Dec 21, 2017",,"-0.74587,-0.31105,0.50803,-0.29089,-0.27585,0.36639,0.11195,0.064536,-0.49929,0.24547,0.16176,-0.52799,0.006528,-0.25769,0.13147,-0.05776,-0.43521,-0.38571,0.095668,-0.037963,0.10614,0.58842,0.13133,-0.72813,-0.12345,0.84321,-0.51126,-0.54044,-0.43643,-0.17442,-0.13725,0.45419,-0.32037,0.10308,-0.19441,0.87384,0.44916,-0.72491,0.40962,-0.82056,-0.080839,-1.0468,-0.32499,-0.38805,0.24453,-0.15281,-0.23598,0.22905,0.97877,-1.1883,-0.023652,-0.32838,0.16727,0.59475,-0.19604,-2.441,0.55152,0.40888,0.57289,-0.070599,0.18115,1.0243,-1.0689,0.29498,0.79422,0.28825,0.80208,-0.30532,0.27398,-0.78987,0.4938,-0.090447,0.11786,0.11613,0.055007,0.44122,0.22263,-0.31549,1.088,-0.12486,0.43743,-0.096397,-0.97517,0.34338,-0.32867,-0.025447,0.084205,0.58633,0.029914,-0.15884,0.03439,0.8434,0.024171,-0.47234,-0.47491,-0.022972,-0.43367,-0.14636,-0.255,0.24235"
149,120,120,Apex Legends,1172470,this game suck and i love it,29,1194.1166666666666,2025-07-16 19:51:27,"100,000,000 .. 200,000,000",['Respawn'],['Electronic Arts'],"['Action', 'Adventure', 'Free To Play']",['windows'],"['Multi-player', 'PvP', 'Online PvP', 'Co-op', 'Online Co-op', 'Steam Achievements', 'Full controller support', 'Steam Trading Cards', 'In-App Purchases', 'Chat Speech-to-text', 'Playable without Timed Input']","Nov 4, 2020",,"-0.19172187,0.35325903,0.6992773,-0.51244146,-0.3099243,0.42868283,-0.06392686,0.15097572,0.023300001,-0.18683556,0.13416228,-0.00814343,0.052390855,0.13166514,0.14015529,-0.20460442,0.13530228,0.4598101,-0.42452428,0.5480443,0.33280173,0.11392028,0.061500434,0.0747297,0.5785,0.29728255,-0.20344642,-0.34353712,0.31713814,-0.26717213,-0.27195427,0.7481857,0.05387857,0.03700786,-0.08044957,0.27636713,-0.16277452,0.31321216,-0.04072099,-0.38541815,-0.12522015,-0.14662276,-0.042810466,-0.4607986,-0.30826983,0.04437389,0.21661285,-0.4351654,0.20091757,-0.87855,-0.170383,0.067656286,0.25123772,1.0054543,-0.25851557,-2.5360105,0.13010514,0.0032229978,1.2414558,0.6777988,-0.15749572,0.88535005,-0.5061573,0.06782861,0.7744815,0.09970456,0.66148573,0.25027427,0.07784172,-0.23957285,0.20025742,-0.35122785,0.18712543,-0.27615586,0.050118573,0.24571785,-0.2267767,-0.08493199,-0.61182433,0.11666143,0.3319343,0.032991,-0.67015564,0.38406712,-1.3314155,-0.12843071,-0.10908927,-0.31838527,-0.3322384,-0.17033914,-0.17441258,-0.23232314,-0.076659,0.10836886,-0.35497573,-0.15050173,-0.35140797,-0.3487997,0.327398,0.44871685"
150,1697,1697,ELDEN RING,1245620,ha to be one of the worst game i have ever played if we talking gamplay only good thing about this game are the graphic and the story,142,47.1,2026-03-01 00:04:14,"20,000,000 .. 50,000,000","['FromSoftware, Inc.']","['FromSoftware, Inc.', 'Bandai Namco Entertainment']","['Action', 'RPG']",['windows'],"['Single-player', 'Multi-player', 'PvP', 'Online PvP', 'Co-op', 'Online Co-op', 'Steam Achievements', 'Full controller support', 'Steam Trading Cards', 'Camera Comfort', 'Custom Volume Controls', 'Playable without Timed Input', 'Save Anytime', 'Stereo Sound', 'Surround Sound', 'Steam Cloud', 'Family Sharing']","Feb 24, 2022",5999.0,"-0.093891665,0.32477477,0.5760199,-0.32615277,-0.2319803,0.23698977,-0.03300537,0.16387236,-0.18045633,-0.07851709,0.24941576,-0.05497281,0.27331385,-0.06921557,0.15541537,-0.14017694,0.17634399,0.20993763,-0.40914035,0.32494462,0.3314718,0.07382313,0.13030821,0.01571092,0.3588209,-0.13657449,-0.040167443,-0.3854126,-0.020662092,-0.14959852,-0.16818088,0.442816,0.08786411,0.056576554,0.042289767,0.13115042,-0.13995634,0.36923584,-0.045147587,-0.17883676,-0.35652497,-0.16774811,0.1655522,-0.3211514,-0.034882642,0.08249804,0.30063042,-0.49709395,-0.052256707,-0.8669555,-0.004913627,-0.12996763,0.1460265,1.0993638,-0.24407445,-2.4859812,0.015345073,-0.0640149,1.4580246,0.6787389,-0.32720107,0.9371704,-0.42935672,-0.052856907,0.9103778,-0.022114262,0.5135411,0.38684863,0.017710036,-0.12167168,0.058554456,-0.27881587,-0.066801615,-0.23975275,0.19972719,0.10216404,-0.17442255,-0.04993433,-0.82663107,0.07028129,0.51987034,0.050207846,-0.55437034,0.07666934,-1.5041995,-0.173863,-0.06794971,-0.23627537,-0.09656448,-0.36981282,-0.09496118,-0.02632663,-0.177802,0.08265948,-0.5769241,-0.055975776,-0.34440294,-0.3078018,0.5222809,0.2902543"
151,949,949,Left 4 Dead 2,550,got hour jk it a good game,35,911.8666666666668,2026-03-01 05:22:57,"50,000,000 .. 100,000,000",['Valve'],['Valve'],['Action'],"['windows', 'linux']","['Single-player', 'Multi-player', 'PvP', 'Online PvP', 'Co-op', 'Online Co-op', 'Steam Achievements', 'Full controller support', 'Steam Trading Cards', 'Captions available', 'Steam Workshop', 'Camera Comfort', 'Color Alternatives', 'Custom Volume Controls', 'Adjustable Difficulty', 'Playable without Timed Input', 'Stereo Sound', 'Surround Sound', 'Steam Cloud', 'Valve Anti-Cheat enabled', 'Stats', 'Includes Source SDK', 'Commentary available', 'Remote Play on Phone', 'Remote Play on Tablet', 'Remote Play on TV', 'Remote Play Together', 'Family Sharing', 'Steam Timeline']","Nov 16, 2009",999.0,"-0.24624428,0.07135414,0.432158,-0.31485686,-0.34469286,0.45139974,0.49306712,0.2643214,-0.23993716,-0.060445424,0.28054088,-0.054614894,-0.01766828,-0.007990428,0.14289714,-0.079533875,0.16449401,-0.020296285,-0.20922971,0.38763115,0.44082087,0.08782486,-0.14583115,0.095051,0.5922057,-0.0128125595,-0.32903716,-0.16681282,-0.074323714,-0.07281,-0.4586993,0.7449737,0.097709715,0.06969415,0.086014286,0.116537146,-0.33307928,0.22479571,-0.012703104,0.016788559,-0.017021434,-0.2048489,0.21726857,-0.300982,-0.1501657,-0.08243455,0.14401087,-0.4724266,0.14571302,-0.7661371,-0.141864,-0.28098744,-0.1265923,0.89046854,-0.23789372,-2.4560986,-0.049046423,0.18246427,1.2960857,0.42999572,-0.10175971,0.70003283,-0.5890857,0.04050519,0.5082552,0.015003271,0.5118404,0.2122924,-0.20858428,-0.03523485,-0.03758343,-0.17556758,0.14588213,-0.24081828,0.027988149,0.16625658,-0.34963927,-0.22458999,-0.67501724,0.043068714,0.29620385,-0.047587838,-0.51070285,0.13278629,-1.1601528,-0.04357,0.062039714,-0.10663443,-0.16203271,-0.142279,0.10531913,-0.07544786,-0.26947114,-0.084617294,-0.36858502,-0.079195574,0.101031415,-0.052661143,0.529102,0.37537545"
152,617,617,New World: Aeternum,1063730,class action incoming this will be referenced,47,8.033333333333333,2026-02-26 15:30:51,"50,000,000 .. 100,000,000",['Amazon Game Studios'],['Amazon Game Studios'],"['Action', 'Adventure', 'Massively Multiplayer', 'RPG']",['windows'],"['Multi-player', 'MMO', 'PvP', 'Online PvP', 'Co-op', 'Online Co-op', 'Steam Achievements', 'In-App Purchases', 'Adjustable Text Size', 'Camera Comfort', 'Chat Speech-to-text', 'Chat Text-to-speech', 'Color Alternatives', 'Custom Volume Controls', 'Keyboard Only Option', 'Playable without Timed Input', 'Save Anytime', 'Stereo Sound', 'Subtitle Options', 'Surround Sound', 'Partial Controller Support']","Sep 28, 2021",,"-0.28991,0.3188167,0.38757685,-0.33359045,-0.11808072,0.086682856,-0.06715343,0.22203657,-0.2104713,0.200905,0.009664428,-0.11013329,0.199066,-0.1474097,0.039729994,-0.3628773,0.16258943,0.30352715,-0.30300817,0.05236486,0.25750002,-0.43682286,0.020011855,0.118020006,0.069632284,-0.14983428,-0.04943485,-0.22930615,0.11140772,-0.108718134,-0.12383187,0.6287978,-0.20369498,0.13116658,0.307206,0.365159,-0.046654284,-0.0077100075,-0.18437256,0.033716857,-0.57223374,-0.2315947,-0.002174569,-0.16398713,0.19325113,0.044998858,0.15452258,-0.25917572,-0.14452787,-0.53778994,0.18472144,-0.11842056,0.242349,0.73882,-0.14647613,-1.9214141,0.08286829,-0.038352143,1.5133473,0.33854657,-0.33200714,0.66746,-0.18340586,0.024709145,0.83252996,-0.015799288,0.3124129,0.47707143,0.19012013,-0.25131854,0.19641912,-0.56062996,-0.039695416,-0.28581885,0.203943,0.055476554,-0.13661686,0.0072417133,-0.8105615,-0.28745458,0.24063571,-0.39572614,-0.4500099,-0.11313872,-1.3175972,-0.18544729,0.031097855,-0.32080713,0.06801943,-0.52649856,-0.494515,0.08140042,-0.18353285,0.15738213,-0.0695457,0.089419864,0.01848214,-0.38921887,0.42626587,0.06119358"
153,1178,1178,Lost Ark,1599340,i will leave you my few cent regarding lostark a someone with over k hour in the game for the past year think i can pretty much tell you the reason why you should and shouldn t play this game at all so for the should are you unemployed or rich then definitely this might be the game for you a it currently stand for a ready to raid player you will be needing either a lot of time to catch up or spend more than k usd on rmt to have your basic stuff ready for it do you enjoy combat with great feel design then again this game is definitely for you lostark biggest strength lie on it s combat feel now for the shouldn t if you are someone who is not prepared to be put through long playing time because either there is someone who is messing up a lot with late raid then yeah expect to lose a lot of time in pull if you are someone who get frustated because the class you picked up is doing poorly then again you are out of luck smilegate the developer ha been pretty bad at balancing older class v newly released one are you familiar with wow fomo system then be prepared that every new raid might introduce a new gold sink and a new progression system are you someone who enjoys having to get your feedback ignored then be prepared while amazon doe a good job at compiling a lot of the feedback the sad reality is that it get ignored by smilegate are you someone who want to min max well that s too bad because smilegate doesn t like it that you can min max your build or char there is always a need to keep you running on the wheel you like raiding a lot well good news currently you can do up to raid a week between character oh also i forgot unless you are putting some into the game then you must be mindful on your investment into your character too hence those raid a week done might be done for you to funnel a character into a hard raid status raid ready while the rest rot in the bottom while lostark ha creative raid and combat design it is constantly constrained and weighted down by many of the system design that smilegate want to push forward there is no denying in the potential that the game could have is still there locked behind an incompetent developer that listens to whale first rather than the casual player yes there are still express event that will let you raise character to a playable status but this won t be enough for you to feel at an okay pace to play the game my honest opinion is that really there are better thing to do learn a language workout more or other useful thing lostark is not a game you want to currently play unless you can ignore all the shouldn t and can be okay with the should to play it so yeah that s it folk if you play and don t want to stress make valkyrie and go full support or bard too then you have boob and not so rough time so yeah imma go keep playing more whk rogue trader cheer,2955,9396.616666666669,2025-12-03 04:54:39,"50,000,000 .. 100,000,000",['Smilegate RPG'],['Amazon Game Studios'],"['Action', 'Adventure', 'Massively Multiplayer', 'RPG', 'Free To Play']",['windows'],"['Single-player', 'Multi-player', 'MMO', 'PvP', 'Online PvP', 'Co-op', 'Online Co-op', 'Steam Achievements', 'In-App Purchases', 'Adjustable Text Size', 'Camera Comfort', 'Color Alternatives', 'Custom Volume Controls', 'Keyboard Only Option', 'Playable without Timed Input', 'Save Anytime', 'Partial Controller Support']","Feb 11, 2022",,"-0.1490401,0.27714294,0.39908546,-0.30659842,-0.1322025,0.20369057,-0.14607039,0.21375293,-0.082715966,-0.026014764,0.1291106,0.02359442,0.20967181,0.012656955,0.100455895,-0.24057373,0.13872664,0.17638215,-0.34167075,0.27818936,0.23666905,0.008648753,0.14426811,-0.06285673,0.2034279,-0.0058062617,-0.1742351,-0.4640423,0.11351048,-0.17700115,-0.120168924,0.56372607,-0.032816153,0.04287458,0.13739404,0.26994196,-0.060350392,0.19777104,0.050645515,-0.19176199,-0.2725759,-0.2103378,0.094417945,-0.38068584,-0.14369091,0.020875536,0.15501,-0.2736419,-0.04940742,-0.7882617,-0.0031395364,-0.085516505,0.13854223,1.0048065,-0.20808244,-2.2700982,0.03578747,-0.1519069,1.4966061,0.46477017,-0.1440235,0.72829443,-0.3492161,0.07196643,0.7439965,0.067939885,0.49221808,0.32348228,0.06833742,-0.16218083,-0.00035438384,-0.3051973,-0.092378356,-0.34374103,0.16974035,0.055097595,-0.1294474,-0.024817476,-0.66950285,-0.034501735,0.5343329,-0.057775464,-0.56208163,0.057513498,-1.3351722,-0.17568454,0.08526416,-0.100056015,-0.17376095,-0.31135753,-0.1290487,-0.07077769,-0.08003431,-0.028606437,-0.4187504,-0.08709033,-0.14769118,-0.29460117,0.47772256,0.24545084"
154,307,307,Palworld,1623730,great beta keep adding decorating item and new pal and it s a winner,72,154.01666666666668,2026-03-01 21:33:36,"50,000,000 .. 100,000,000",['Pocketpair'],['Pocketpair'],"['Action', 'Adventure', 'Indie', 'RPG', 'Early Access']",['windows'],"['Single-player', 'Multi-player', 'Co-op', 'Online Co-op', 'Cross-Platform Multiplayer', 'Steam Achievements', 'Full controller support', 'Steam Trading Cards', 'Steam Workshop', 'Steam Cloud', 'Family Sharing']","Jan 18, 2024",2999.0,"-0.17881437,0.16801365,0.27280813,-0.19418919,0.12447286,0.04929036,-0.032844715,0.15357448,-0.07481642,0.23209406,0.11305565,-0.13303357,0.001694558,0.07346635,-0.07170365,-0.17959093,0.24998094,-0.076039426,-0.07833685,0.27255842,0.051616576,-0.097235285,0.11742999,0.14985558,0.36371914,0.11433398,-0.12074971,-0.3546568,-0.040482137,-0.24442379,-0.07177336,0.5220795,-0.09509128,0.10110658,0.07541543,0.19504571,0.032851815,0.10838216,-0.0963275,-0.22825672,-0.19690278,-0.25450495,0.31413412,-0.31591818,0.027295792,0.099099874,0.006136497,-0.25608137,0.016109833,-0.45845637,-0.02986214,-0.011730002,0.13287397,0.87037706,-0.23344444,-2.0671344,-0.08197594,0.06577993,1.3411564,0.39903125,-0.18296044,0.57442063,-0.27150363,0.20698483,0.6278514,-0.014703709,0.355382,0.3863036,0.298633,-0.12364044,0.0011787117,-0.0970825,-0.017306004,-0.3206919,0.183763,0.1617775,-0.15111049,-0.07878757,-0.64128876,-0.1513135,0.34602857,-0.12435435,-0.2897095,0.06607715,-0.88759136,-0.11139858,-0.05742879,-0.1428667,-0.09908598,-0.35185918,-0.018836716,0.016002787,-0.028491216,0.028873354,-0.5877244,-0.11325184,-0.06359736,-0.36475965,0.5506086,0.2176251"
155,135,135,Apex Legends,1172470,why is ash still alive im sure cooper turned her into ash,58,9.0,2025-03-07 22:18:17,"100,000,000 .. 200,000,000",['Respawn'],['Electronic Arts'],"['Action', 'Adventure', 'Free To Play']",['windows'],"['Multi-player', 'PvP', 'Online PvP', 'Co-op', 'Online Co-op', 'Steam Achievements', 'Full controller support', 'Steam Trading Cards', 'In-App Purchases', 'Chat Speech-to-text', 'Playable without Timed Input']","Nov 4, 2020",,"-0.16509463,0.19729997,0.3051573,-0.49844667,-0.07823416,0.20726633,-0.1340583,0.08423557,0.18685342,-0.29206774,0.35470644,0.2668383,0.21230209,0.16798733,-0.11079008,-0.3650225,0.26176924,0.141502,-0.10570666,0.19628392,0.12912916,0.31263918,0.15189475,0.13743542,0.27237833,0.20433335,-0.14912608,-0.4210916,0.03131567,0.08911934,-0.18247317,0.31904915,-0.10583333,0.104215175,-0.032881424,0.054902833,0.024564499,0.168611,0.028646745,-0.0614395,-0.58656996,-0.20584959,0.017074997,-0.17758332,0.025735334,0.02793225,0.05965467,-0.008541244,0.19718134,-0.5785317,0.07672458,-0.20422368,0.16353416,0.8184209,-0.27912375,-2.0056932,-0.05212,-0.039371505,1.1269099,0.352885,0.26872516,0.8804007,-0.12579742,0.021052176,0.64350086,0.023645336,0.74194914,0.16086058,-0.130703,-0.2007904,0.014766663,-0.24159916,-0.04418935,-0.232051,0.17534302,0.07212,0.26770797,-0.330311,-0.45600796,0.0026175033,0.47964415,0.09161958,-0.38941666,-0.1557554,-0.8202088,-0.36591426,0.05817766,-0.15013005,-0.12968242,-0.04194266,0.06322885,-0.12080676,0.013753672,0.35402167,-0.2325076,0.086601056,-0.10927734,-0.20892148,0.14313383,0.17901085"
156,554,554,Call of Duty: Modern Warfare II,1938090,i have been play call of duty for a long time now i don t like bo it really bad and warzone is bad to the map from mw on warzone is not bad the gameplay is i hate it so much i wish they made a game really like modern warfare and like warzone one we need a game for fan not a crappy for money hungry company that only care for money activision i m giving you real feed back learn from cod mobile that wa a really good game it almost had all the map from that past game even new one all of the fan base want a free to play multiplayer game and a good warzone like warzone build of the modern warfare engine don t say it not possible it is modder s are able to bring back that engine if you really want money listen to this please activision we all want this p also from me i really enjoyed mw and mw i want to play a game that s ha fast movement and smooth buttery game play for warzone and multiplayer and maybe zombie i don t really mind not having zombie but like i said i enjoy stuff like that it make me feel like really good to play please again listen thank you for reading this activision and fan of call of duty,1181,291.1333333333333,2026-02-28 10:36:04,"50,000,000 .. 100,000,000","['Treyarch', 'Raven Software', 'Beenox', 'High Moon Studios', 'Sledgehammer Games', 'Infinity Ward', 'Activision Shanghai', 'Demonware']",['Activision'],['Action'],['windows'],"['Single-player', 'Multi-player', 'PvP', 'Online PvP', 'Co-op', 'Online Co-op', 'Cross-Platform Multiplayer', 'Steam Achievements', 'Captions available', 'In-App Purchases', 'Adjustable Text Size', 'Camera Comfort', 'Color Alternatives', 'Custom Volume Controls', 'Playable without Timed Input', 'Stereo Sound', 'Subtitle Options', 'Surround Sound', 'Partial Controller Support', 'HDR available']","Oct 27, 2022",,"-0.1448184,0.29046294,0.41733816,-0.33462414,-0.15548939,0.2137692,-0.090513654,0.11315856,-0.10239227,-0.03601856,0.14355193,-0.052579205,0.14350212,-0.031853136,0.108802,-0.23589462,0.13653414,0.18233795,-0.3480404,0.34947953,0.23235567,0.079481006,0.09298668,-0.069498256,0.23137684,0.079214655,-0.15601508,-0.3783042,0.10417377,-0.1539815,-0.14250039,0.5643247,-0.011883466,0.051577874,0.11863686,0.25247514,-0.07214921,0.25726354,0.030739918,-0.24290483,-0.23478718,-0.14974996,0.111782365,-0.35866266,-0.20207486,0.027705088,0.15774117,-0.3162923,0.036736693,-0.7586738,-0.049809556,-0.00130098,0.07068325,0.8749294,-0.16855675,-2.2413785,0.028088402,-0.0893227,1.3832855,0.48181304,-0.14494866,0.6849823,-0.41658348,0.02220941,0.71443015,0.07472243,0.477217,0.3043541,0.066182554,-0.17051797,0.06626241,-0.27803826,-0.033762056,-0.32870573,0.15130998,0.08883019,-0.07345872,0.033863623,-0.68145317,0.013711058,0.4977602,-0.07027453,-0.5348366,0.13560292,-1.2906865,-0.06579955,-0.0026404352,-0.19045712,-0.19239306,-0.3121148,-0.055648685,-0.091590874,-0.08563577,0.0008583065,-0.40229368,-0.14268407,-0.20826358,-0.28778085,0.45799753,0.24623647"
157,1673,1673,ELDEN RING,1245620,perfect game no note,21,233.31666666666663,2026-03-01 06:55:06,"20,000,000 .. 50,000,000","['FromSoftware, Inc.']","['FromSoftware, Inc.', 'Bandai Namco Entertainment']","['Action', 'RPG']",['windows'],"['Single-player', 'Multi-player', 'PvP', 'Online PvP', 'Co-op', 'Online Co-op', 'Steam Achievements', 'Full controller support', 'Steam Trading Cards', 'Camera Comfort', 'Custom Volume Controls', 'Playable without Timed Input', 'Save Anytime', 'Stereo Sound', 'Surround Sound', 'Steam Cloud', 'Family Sharing']","Feb 24, 2022",5999.0,"-0.00087949634,0.33925074,0.6309475,-0.29378322,-0.31394178,0.463665,0.30016246,-0.11323051,-0.32771,-0.04329875,0.12401775,-0.0574075,-0.06656,0.045523256,0.30491206,0.35908252,0.052165493,0.25718,-0.17120144,0.41031325,0.18727326,0.11075699,-0.17432949,-0.029757492,0.600555,-0.013924504,-0.188165,-0.05456425,-0.049546257,-0.197591,-0.17592499,0.42222726,-0.08438,-0.033351995,0.306085,0.0798865,-0.35017228,0.23007399,-0.05771698,-0.41115502,0.2411775,-0.17004724,0.22246931,-0.3274125,-0.12592751,-0.165477,0.1199025,-0.46628,-0.108224995,-0.96429,0.27874225,-0.10312225,0.123787254,0.7940275,0.0028697513,-2.5794,0.08982251,0.11867776,1.2653075,0.8087375,-0.68126,0.404425,-0.8450675,-0.1385255,0.6244675,-0.210845,0.3680025,0.1798155,-0.24026749,-0.06532501,-0.452235,0.20942876,0.1647425,-0.3671445,0.4315775,0.50785995,-0.19637151,-0.2916275,-0.49778003,-0.07516499,0.19515574,-0.1046625,-0.701195,-0.17764,-1.2487575,-0.006073499,0.22495499,-0.13955325,-0.013411497,-0.088507496,-0.16813251,0.1205925,-0.08388025,0.0019031987,-0.36923748,-0.137114,-0.4743225,-0.3177025,0.25285548,0.226302"
158,583,583,Call of Duty: Modern Warfare II,1938090,good game play,14,625.1833333333333,2026-02-27 05:13:42,"50,000,000 .. 100,000,000","['Treyarch', 'Raven Software', 'Beenox', 'High Moon Studios', 'Sledgehammer Games', 'Infinity Ward', 'Activision Shanghai', 'Demonware']",['Activision'],['Action'],['windows'],"['Single-player', 'Multi-player', 'PvP', 'Online PvP', 'Co-op', 'Online Co-op', 'Cross-Platform Multiplayer', 'Steam Achievements', 'Captions available', 'In-App Purchases', 'Adjustable Text Size', 'Camera Comfort', 'Color Alternatives', 'Custom Volume Controls', 'Playable without Timed Input', 'Stereo Sound', 'Subtitle Options', 'Surround Sound', 'Partial Controller Support', 'HDR available']","Oct 27, 2022",,"-0.06963,0.056886002,0.76908,-0.5593867,-0.55319667,0.48631,0.44215533,-0.14505665,-0.7873633,-0.35562333,-0.05079734,-0.47656333,-0.120236665,-0.14049698,0.07621,0.22024934,0.15725933,0.6437053,-0.34516668,0.7650834,0.07662133,0.180116,0.031004002,0.14919,0.7349866,-0.08425,-0.3351833,-0.22545666,0.10132333,0.15338667,-0.8900666,0.8775533,0.01407667,-0.162057,0.4101833,-0.12190333,-0.77129334,0.5388966,-0.5146633,-0.5472534,0.346465,-0.13928066,0.17022,-0.29412332,-0.27650666,-0.13285267,0.189952,-0.61833334,0.26711634,-1.1720899,-0.30842334,-0.014076333,-0.08983433,0.86626333,0.22335468,-2.9512665,-0.02757,-0.06549,1.2116833,0.7518334,-0.73123,0.6934033,-0.8749034,-0.059252005,0.52431005,0.020514,0.43370667,0.33970967,-0.40034333,-0.057702664,0.02557367,-0.20658767,0.4633,-0.29109934,0.31224665,0.25675666,-0.44720665,-0.03733253,-0.09433333,0.24376333,0.47789335,0.19177,-0.79169005,0.047001,-1.6370665,-0.01965,-0.32121566,0.026253,-0.24101166,-0.25383,-0.320973,-0.04195,-0.22633266,0.17647667,-0.44594336,-0.11166667,-0.35751,-0.019026332,0.50418,0.52268934"
159,1640,1640,ELDEN RING,1245620,goated,7,25.33333333333333,2026-03-01 16:18:47,"20,000,000 .. 50,000,000","['FromSoftware, Inc.']","['FromSoftware, Inc.', 'Bandai Namco Entertainment']","['Action', 'RPG']",['windows'],"['Single-player', 'Multi-player', 'PvP', 'Online PvP', 'Co-op', 'Online Co-op', 'Steam Achievements', 'Full controller support', 'Steam Trading Cards', 'Camera Comfort', 'Custom Volume Controls', 'Playable without Timed Input', 'Save Anytime', 'Stereo Sound', 'Surround Sound', 'Steam Cloud', 'Family Sharing']","Feb 24, 2022",5999.0,"0.0,0.0,0.0,0.0,0.0,0.0,0.0,0.0,0.0,0.0,0.0,0.0,0.0,0.0,0.0,0.0,0.0,0.0,0.0,0.0,0.0,0.0,0.0,0.0,0.0,0.0,0.0,0.0,0.0,0.0,0.0,0.0,0.0,0.0,0.0,0.0,0.0,0.0,0.0,0.0,0.0,0.0,0.0,0.0,0.0,0.0,0.0,0.0,0.0,0.0,0.0,0.0,0.0,0.0,0.0,0.0,0.0,0.0,0.0,0.0,0.0,0.0,0.0,0.0,0.0,0.0,0.0,0.0,0.0,0.0,0.0,0.0,0.0,0.0,0.0,0.0,0.0,0.0,0.0,0.0,0.0,0.0,0.0,0.0,0.0,0.0,0.0,0.0,0.0,0.0,0.0,0.0,0.0,0.0,0.0,0.0,0.0,0.0,0.0,0.0"
160,670,670,New World: Aeternum,1063730,another mmo join the graveyard i don t know when we ll get a truly great mmo like we did in the s,104,60.9,2026-02-14 14:49:12,"50,000,000 .. 100,000,000",['Amazon Game Studios'],['Amazon Game Studios'],"['Action', 'Adventure', 'Massively Multiplayer', 'RPG']",['windows'],"['Multi-player', 'MMO', 'PvP', 'Online PvP', 'Co-op', 'Online Co-op', 'Steam Achievements', 'In-App Purchases', 'Adjustable Text Size', 'Camera Comfort', 'Chat Speech-to-text', 'Chat Text-to-speech', 'Color Alternatives', 'Custom Volume Controls', 'Keyboard Only Option', 'Playable without Timed Input', 'Save Anytime', 'Stereo Sound', 'Subtitle Options', 'Surround Sound', 'Partial Controller Support']","Sep 28, 2021",,"-0.035395205,0.26528418,0.33021057,-0.36001727,-0.36674172,0.15109597,-0.10186024,0.14036427,-0.16277304,-0.020834738,0.16055743,-0.109406285,0.13466614,-0.06802679,-0.06250578,-0.20173998,0.17740911,0.1917526,-0.37431374,0.23615184,0.27076635,0.12717552,0.06597952,-0.079542704,0.20797452,0.11078202,-0.096430436,-0.3485184,0.23833074,-0.16848595,-0.1616703,0.5254108,0.0852864,0.08108316,0.19627571,0.21852621,-0.06303596,0.26830205,0.17445494,-0.18454857,-0.20538093,-0.019912655,0.20217,-0.44315666,-0.15303345,0.11058401,0.11475913,-0.1165275,0.0061321296,-0.6843968,-0.080796115,0.03600177,0.15841785,0.6695672,-0.23349963,-2.1121213,-0.016484516,0.019567609,1.1960243,0.4999338,-0.24503039,0.7026123,-0.36266327,-0.055183142,0.79691184,0.063532725,0.3493168,0.33933586,-0.041698005,-0.14364524,0.16000625,-0.24426608,-0.16143857,-0.39096537,0.12983747,0.0054568676,-0.07059483,-0.097691916,-0.61209506,-0.02132461,0.47267216,-0.10339663,-0.42912036,0.0941964,-1.1378329,-0.15139975,-0.087428436,-0.29169783,-0.15354212,-0.2964552,0.015401615,-0.015200967,-0.049592353,0.07194389,-0.3232517,-0.16812101,-0.13182688,-0.17428233,0.23275384,0.2561189"
161,834,834,Grand Theft Auto V Legacy,271590,absolute cinema of a game p,36,58.91666666666666,2026-03-01 14:56:07,"50,000,000 .. 100,000,000",['Rockstar North'],['Rockstar Games'],"['Action', 'Adventure']",['windows'],"['Single-player', 'Multi-player', 'PvP', 'Online PvP', 'Co-op', 'Online Co-op', 'Steam Achievements', 'Full controller support', 'Remote Play on Phone', 'Remote Play on Tablet', 'Remote Play on TV']","Apr 13, 2015",,"-0.010843992,-0.011425157,0.5350185,0.19949168,-0.060639996,0.33604586,0.016159996,0.0404815,-0.69907904,0.25159165,0.09178861,-0.17593652,-0.0811475,0.021830501,0.17175667,-0.13339669,0.15263833,0.21838117,-0.095343,0.3749427,0.38266286,-0.050118502,0.021143166,-0.14225185,0.48582163,-0.13606,0.35318336,-0.014711003,-0.10885334,-0.27340832,0.14158016,0.36445332,-0.17794865,0.07240651,0.20029335,0.027334534,0.16933666,0.48140666,-0.12744932,-0.25059482,0.007206147,-0.021206489,0.24540283,-0.22260617,0.06259517,-0.0749064,0.17871268,-0.15332665,0.030326674,-0.40655664,-0.13579334,-0.20316349,0.08561333,0.6504515,-0.21784668,-2.4346502,-0.13721967,0.036916345,1.4429499,0.36417735,-0.18902917,0.23958169,-0.5738813,-0.01470995,0.64769465,0.354955,0.4092605,-0.00032933554,0.10319167,0.06567667,-0.23026167,0.15061034,0.03104333,0.13546117,0.044788342,-0.05833733,-0.23900516,-0.20243101,-0.8345451,-0.072946995,0.26011,-0.06393251,-0.46265247,-0.0030010145,-0.84666497,0.09327501,-0.04291917,-0.46844998,0.17813016,-0.34599435,0.060961664,0.12916367,-0.19118382,0.40822116,-0.20673533,-0.33845666,-0.01614368,-0.44554332,0.49768832,0.263853"
162,109,109,Apex Legends,1172470,used to be good garbage now they should have just made titanfall,69,3.45,2025-10-12 20:47:56,"100,000,000 .. 200,000,000",['Respawn'],['Electronic Arts'],"['Action', 'Adventure', 'Free To Play']",['windows'],"['Multi-player', 'PvP', 'Online PvP', 'Co-op', 'Online Co-op', 'Steam Achievements', 'Full controller support', 'Steam Trading Cards', 'In-App Purchases', 'Chat Speech-to-text', 'Playable without Timed Input']","Nov 4, 2020",,"-0.14991045,0.35678586,0.31301373,-0.5019895,-0.13141218,0.13703647,-0.075051725,0.3570413,0.011660183,-0.04533173,0.078328915,0.06233082,0.46343753,0.12912837,0.17727873,-0.44705838,0.46867886,0.35339326,-0.5850963,0.20447229,0.3492729,0.15691246,0.24915725,-0.0348465,0.005207073,-0.14182638,-0.21031705,-0.44088,0.06519534,-0.23245707,-0.039940096,0.51727456,-0.12077702,0.1655863,0.26291165,0.44981727,0.013814918,0.238898,-0.032348894,-0.24670815,-0.40925863,-0.3144363,0.08395469,-0.5283427,-0.098181464,0.036796,0.24464601,-0.35410273,-0.034814537,-0.9635448,0.03426746,-0.20033236,0.11213955,1.2907001,-0.21330573,-2.2946343,-0.14014126,-0.121466085,1.591891,0.56876814,-0.18524791,0.79276085,-0.48932418,0.21811904,0.906331,-0.012460178,0.54254365,0.3851764,-0.028813543,-0.56402445,0.006726089,-0.49595764,0.09096091,-0.35586855,0.033571154,-0.030055458,-0.11815774,0.18332,-0.8447109,0.09668037,0.72192,0.022659,-0.6650616,0.0030339116,-1.6497836,-0.24483274,0.33002356,-0.087331004,-0.39119425,-0.34141982,-0.18499899,-0.2784429,-0.17081149,-0.13046944,-0.6070353,-0.09274099,-0.21190457,-0.39472,0.5320646,0.34827465"
163,1164,1164,Lost Ark,1599340,balance update being delayed for month is beyond absurd at this point,78,8420.55,2025-12-23 23:58:17,"50,000,000 .. 100,000,000",['Smilegate RPG'],['Amazon Game Studios'],"['Action', 'Adventure', 'Massively Multiplayer', 'RPG', 'Free To Play']",['windows'],"['Single-player', 'Multi-player', 'MMO', 'PvP', 'Online PvP', 'Co-op', 'Online Co-op', 'Steam Achievements', 'In-App Purchases', 'Adjustable Text Size', 'Camera Comfort', 'Color Alternatives', 'Custom Volume Controls', 'Keyboard Only Option', 'Playable without Timed Input', 'Save Anytime', 'Partial Controller Support']","Feb 11, 2022",,"-0.12946674,0.11049309,0.559835,0.036668662,0.017025495,-0.030375665,-0.03804442,0.3234186,-0.1420487,0.14086868,0.078764245,0.11580112,0.1462971,-0.22099352,0.16304314,-0.2431684,-0.02411816,0.0015445029,-0.24430333,0.15656823,0.25760248,-0.15579714,0.22923541,0.19507407,0.24007015,-0.07183316,-0.10967267,-0.32718334,-0.08875661,-0.022841081,-0.12312666,0.25598767,-0.096706934,-0.027573332,-0.032071754,0.22236033,-0.14479527,0.20780392,-0.21151124,-0.22163908,-0.3177119,-0.2464725,0.05403984,-0.14136249,-0.030874088,-0.07041409,0.2605475,-0.35034534,-0.093135655,-0.69110185,0.35967734,-0.3044175,0.18899493,1.0922458,-0.4025904,-2.3116624,-0.00054174295,-0.32285866,1.4854094,0.4621675,-0.28968975,0.44165623,-0.32754132,-0.050089747,0.51991,-0.16063382,0.1803885,0.15816782,0.15827066,-0.1455885,-0.07491242,-0.23199545,-0.16805984,-0.195911,0.16549458,0.016063167,-0.014806669,0.059905663,-0.87583107,-0.024884662,0.31089905,-0.0027470887,-0.4223481,-0.006064981,-1.2548243,-0.05010517,0.11842992,-0.03473582,-0.08488983,-0.33958915,-0.23591258,0.1000565,-0.2172816,0.1496969,-0.28670016,0.078209825,0.039996445,-0.12541433,0.5639371,0.232463"
164,1959,1959,Wallpaper Engine,431960,i get to put a cat on my screen while selecting my main application and i think that s awesome,95,55.55,2026-03-01 08:57:19,"20,000,000 .. 50,000,000",['Wallpaper Engine Team'],['Wallpaper Engine Team'],"['Casual', 'Indie', 'Animation & Modeling', 'Design & Illustration', 'Photo Editing', 'Utilities']",['windows'],"['Steam Achievements', 'Steam Trading Cards', 'Steam Workshop', 'Steam Workshop', 'Includes level editor']","Nov 16, 2018",499.0,"-0.078221954,0.22220178,0.4413352,-0.2689643,-0.1517643,0.22061786,-0.18095647,0.19648258,-0.060408004,0.038099043,0.21939564,0.057654034,0.16381532,-0.035869297,0.120715484,-0.16121139,0.11057492,0.19861163,-0.29143468,0.2918957,0.1238307,-0.0032460005,0.13155971,-0.070446,0.35753495,0.18757206,-0.16861935,-0.4894805,0.18213218,-0.19553125,-0.037302487,0.61720383,0.17816676,0.18303141,0.0926598,0.31679803,-0.14635965,0.25555006,0.13996917,-0.2638328,-0.24624136,-0.19337623,0.28685597,-0.4139455,-0.3077156,0.11028323,-0.0737806,-0.3159817,0.009679869,-0.7766361,-0.0203217,0.013894361,0.1491686,1.0370151,-0.29115945,-2.3127122,0.11277349,0.033608995,1.5310347,0.34292224,-0.03285701,0.807747,-0.36909667,0.21919778,0.7796436,0.19810246,0.44510826,0.40149784,-0.013587249,-0.071939886,0.013666319,-0.12203226,0.12339087,-0.44917646,0.091816485,0.1953021,-0.1929014,-0.007503599,-0.54858994,-0.08678002,0.4712735,-0.044987228,-0.43349123,0.054221928,-1.3567495,-0.24435422,0.07270376,-0.13462265,-0.23751175,-0.31920996,-0.071917795,-0.0039070486,0.11079381,0.09071113,-0.36240467,-0.040696494,-0.21139121,-0.31221,0.5232679,0.35775933"
165,1464,1464,HELLDIVERS 2,553850,this is game is wonderful,25,25.8,2026-03-01 19:58:03,"20,000,000 .. 50,000,000",['Arrowhead Game Studios'],['PlayStation Publishing LLC'],['Action'],['windows'],"['Multi-player', 'Co-op', 'Online Co-op', 'Steam Achievements', 'In-App Purchases', 'Adjustable Text Size', 'Camera Comfort', 'Chat Speech-to-text', 'Chat Text-to-speech', 'Color Alternatives', 'Custom Volume Controls', 'Adjustable Difficulty', 'Narrated Game Menus', 'Playable without Timed Input', 'Stereo Sound', 'Subtitle Options', 'Surround Sound', 'Partial Controller Support', 'Family Sharing']","Feb 8, 2024",3999.0,"-0.27915618,0.3617506,0.81557,-0.45387802,-0.04122799,0.316638,0.199553,0.351642,-0.19426179,-0.211248,-0.049922798,-0.2617008,0.109796,-0.23652598,0.0377698,0.020841802,0.198248,0.306202,-0.164852,0.557384,0.018220002,0.052767597,0.00015259981,0.065142,0.54229397,0.10479601,-0.005254805,-0.23233202,-0.2731236,-0.10757641,-0.621372,0.78705394,0.132356,-0.043391,0.318997,0.13607082,-0.2671876,0.39264,-0.016626984,-0.50668,-0.034373987,0.08671401,0.399592,-0.365328,0.052382194,0.00016120076,0.552942,-0.3761932,-0.0027999938,-0.69553,0.040705204,-0.4567318,0.40509883,0.997506,-0.36221802,-2.9236598,-0.09220819,-0.09267199,1.318668,0.5190619,-0.28969198,0.749008,-0.3907344,-0.14981,0.87092197,-0.013709003,0.57329,0.1446246,0.07774681,-0.155788,0.036338396,-0.296071,0.026692003,-0.022051599,0.484102,0.080931194,-0.15574738,-0.055447996,-0.708866,0.2239068,0.129144,0.07585339,-0.70027006,0.0998652,-1.2995199,-0.0032884032,-0.046326198,-0.45265397,0.07963618,-0.509372,-0.17274301,-0.032213118,-0.26305398,0.12890598,-0.23014247,-0.059234,-0.3249736,-0.706412,0.50572807,0.4770836"
166,1728,1728,Terraria,105600,i spent on this game hour like nothing and for people who think it d minecraft you re just wrong the amount of content in this game is crazy mod,157,108.91666666666669,2026-03-01 21:59:41,"20,000,000 .. 50,000,000",['Re-Logic'],['Re-Logic'],"['Action', 'Adventure', 'Indie', 'RPG']","['windows', 'mac', 'linux']","['Single-player', 'Multi-player', 'PvP', 'Online PvP', 'Co-op', 'Online Co-op', 'Steam Achievements', 'Full controller support', 'Steam Trading Cards', 'Steam Cloud', 'Remote Play on Phone', 'Remote Play on Tablet', 'Remote Play on TV', 'Family Sharing']","May 16, 2011",999.0,"-0.15558118,0.24715015,0.48176396,-0.3099317,-0.12646177,0.27252138,-0.014058535,0.23591855,-0.19906296,0.06228173,0.19348352,-0.077849165,-0.0015490989,-0.10517506,0.16792037,-0.18120761,0.122365244,0.22893809,-0.36605152,0.34219489,0.30121183,0.1588631,0.105438165,-0.06738531,0.20577922,0.08480016,-0.046618547,-0.28638235,0.030354956,-0.12456533,-0.1347004,0.574194,-0.017489968,-0.0043963715,0.06707769,0.19929244,-0.13919905,0.3585923,0.0140254,-0.2500814,-0.2721713,-0.21113195,0.13118856,-0.3127456,-0.21834515,-0.044437446,0.14421265,-0.4550694,-0.027803887,-0.7359008,0.08249379,-0.14578901,0.15854064,0.9414367,-0.3531573,-2.34373,-0.01438433,-0.14003874,1.4475048,0.59811443,-0.1825547,0.71596235,-0.39482933,-0.01698309,0.76778597,0.06636397,0.544461,0.24420983,0.034105793,-0.116243914,0.05801653,-0.29664427,-0.047217198,-0.18088102,0.13642403,0.14170167,-0.15198283,0.012979572,-0.7420008,0.03659177,0.41175124,-0.0338489,-0.5505399,0.124839805,-1.3123386,-0.11549182,-0.0908644,-0.20482916,-0.24375264,-0.34210882,-0.112867676,-0.08293441,-0.07163334,0.11176994,-0.43273088,-0.118892275,-0.18389717,-0.24592443,0.5155069,0.2023212"
167,1242,1242,War Thunder,236390,it fun when it fun haha,25,2531.233333333333,2025-03-02 17:15:59,"20,000,000 .. 50,000,000",['Gaijin Entertainment'],['Gaijin Network Ltd'],"['Action', 'Massively Multiplayer', 'Simulation', 'Free To Play']","['windows', 'mac', 'linux']","['Single-player', 'Multi-player', 'MMO', 'PvP', 'Online PvP', 'Co-op', 'Online Co-op', 'Cross-Platform Multiplayer', 'Steam Achievements', 'Full controller support', 'VR Supported', 'Steam Trading Cards', 'In-App Purchases', 'Adjustable Text Size', 'Camera Comfort', 'Color Alternatives', 'Custom Volume Controls', 'Playable without Timed Input', 'Stereo Sound', 'Surround Sound', 'Remote Play on Phone', 'Remote Play on Tablet']","Aug 15, 2013",,"-0.249703,0.13258266,0.50021833,-0.5091134,-0.33987167,0.3675445,-0.003097333,0.25362,0.26827,-0.186267,0.3699483,0.07274517,0.074549995,-0.20024751,0.37229833,-0.13743466,0.13721937,0.26962516,-0.125795,0.5540983,0.4369017,0.213003,-0.006678333,-0.42958233,0.33794332,0.37939933,-0.43532667,-0.26551867,-0.07295767,-0.3394467,-0.44242847,0.63925165,0.080087,-0.008886233,0.032816503,0.16371533,-0.30355725,-0.07359833,-0.14815468,-0.62366503,-0.19938,-0.05357684,0.060436666,-0.22038168,-0.35540387,0.09080907,0.336349,-0.28681335,0.16255967,-0.7427216,-0.22119899,-0.1756887,0.2569555,0.71948504,-0.317331,-2.139515,0.06345666,0.18823618,1.1895101,0.20138998,-0.11963167,0.92590505,-0.27561364,0.117113,0.56615835,-0.05124617,0.71378666,0.014878313,0.20537001,-0.19035332,0.17344065,-0.40881503,0.17452599,-0.20531361,0.005985012,0.25700334,0.0334205,-0.160495,-0.51285607,0.051986665,-0.089383334,-0.36730766,-0.3786416,0.23735718,-1.0226117,-0.08586034,-0.068917654,-0.20630968,-0.21443667,-0.23997815,-0.09179866,-0.21503167,0.09210833,0.027550662,-0.27077016,-0.07903111,-0.31199116,-0.25885835,0.2912167,0.41493833"
168,211,211,PUBG: BATTLEGROUNDS,578080,best rage bait game,19,67.45,2026-02-28 06:29:59,"100,000,000 .. 200,000,000",['PUBG Corporation'],"['KRAFTON, Inc.']","['Action', 'Adventure', 'Massively Multiplayer', 'Free To Play']",['windows'],"['Multi-player', 'PvP', 'Online PvP', 'Stats', 'Remote Play on Phone', 'Remote Play on Tablet']","Dec 21, 2017",,"-0.031996503,-0.018947251,0.521925,-0.83197,-0.14956999,0.54936504,0.2433725,-0.317565,-0.21373498,-0.115162745,-0.117833495,-0.261985,-0.1574005,-0.3543595,0.126505,0.22319175,0.135679,0.3410375,-0.2879625,0.56949496,0.4385875,-0.012635499,0.12284001,-0.0168875,0.73616004,0.204485,-0.13856773,-0.041642755,0.12930751,-0.050736506,-0.4161325,0.48614,-0.03828675,0.14740723,0.10111499,0.0762475,-0.6336425,0.203085,-0.0758425,-0.532157,0.16838026,0.023976248,-0.27364197,-0.37906504,0.084430754,-0.0681495,-0.0371875,-0.2987116,0.048420005,-0.5619725,-0.4183425,0.0774,-0.05099138,1.0077425,0.09038501,-1.9126301,-0.042296,0.15334,0.6142785,0.29806873,-0.36825502,0.5708525,-0.11042249,0.12318948,0.42888,-0.032909986,0.505745,-0.17345275,-0.21867974,-0.018825501,-0.066698745,-0.19803624,0.037245005,0.13143075,-0.18826751,0.2742135,-0.348575,-0.19351502,-0.128919,0.2832625,0.27880248,-0.006042499,-0.51002,-0.011909999,-0.9317775,-0.052806996,-0.06493751,-0.08190751,-0.21682875,-0.094855495,-0.30853,0.214965,-0.036470003,-0.013957512,-0.066847496,-0.07565251,-0.455975,-0.007345006,0.8129275,0.29307452"
169,1767,1767,Terraria,105600,goated,6,133.75,2026-03-01 18:01:18,"20,000,000 .. 50,000,000",['Re-Logic'],['Re-Logic'],"['Action', 'Adventure', 'Indie', 'RPG']","['windows', 'mac', 'linux']","['Single-player', 'Multi-player', 'PvP', 'Online PvP', 'Co-op', 'Online Co-op', 'Steam Achievements', 'Full controller support', 'Steam Trading Cards', 'Steam Cloud', 'Remote Play on Phone', 'Remote Play on Tablet', 'Remote Play on TV', 'Family Sharing']","May 16, 2011",999.0,"0.0,0.0,0.0,0.0,0.0,0.0,0.0,0.0,0.0,0.0,0.0,0.0,0.0,0.0,0.0,0.0,0.0,0.0,0.0,0.0,0.0,0.0,0.0,0.0,0.0,0.0,0.0,0.0,0.0,0.0,0.0,0.0,0.0,0.0,0.0,0.0,0.0,0.0,0.0,0.0,0.0,0.0,0.0,0.0,0.0,0.0,0.0,0.0,0.0,0.0,0.0,0.0,0.0,0.0,0.0,0.0,0.0,0.0,0.0,0.0,0.0,0.0,0.0,0.0,0.0,0.0,0.0,0.0,0.0,0.0,0.0,0.0,0.0,0.0,0.0,0.0,0.0,0.0,0.0,0.0,0.0,0.0,0.0,0.0,0.0,0.0,0.0,0.0,0.0,0.0,0.0,0.0,0.0,0.0,0.0,0.0,0.0,0.0,0.0,0.0"
170,1120,1120,Lost Ark,1599340,cool raid,10,2421.616666666667,2026-02-05 23:14:04,"50,000,000 .. 100,000,000",['Smilegate RPG'],['Amazon Game Studios'],"['Action', 'Adventure', 'Massively Multiplayer', 'RPG', 'Free To Play']",['windows'],"['Single-player', 'Multi-player', 'MMO', 'PvP', 'Online PvP', 'Co-op', 'Online Co-op', 'Steam Achievements', 'In-App Purchases', 'Adjustable Text Size', 'Camera Comfort', 'Color Alternatives', 'Custom Volume Controls', 'Keyboard Only Option', 'Playable without Timed Input', 'Save Anytime', 'Partial Controller Support']","Feb 11, 2022",,"-0.53606,-0.53597,-0.00424999,-0.20975,-0.20137,0.367495,0.38792,0.12468299,-0.2119235,0.546585,0.257455,-0.03274499,-0.15673101,0.15083,-0.049820006,0.64137,-0.378075,-0.483265,-0.503066,0.35244852,0.66332,0.026634991,0.1406,-0.42425498,-0.322215,0.564875,-0.43721998,-0.017440021,-0.20835,-0.058259502,-0.018754505,-0.096690014,-0.13008249,0.28383,-0.0987376,0.25154498,0.22646171,-0.42586002,0.64892995,-0.502015,0.0166005,-0.69708,0.016275004,0.12962501,0.58114,-0.135965,-0.024110004,0.25212,0.758825,-0.53377,-0.0323865,0.097195,0.40592,0.833475,-0.437275,-1.74585,0.03504999,-0.23105499,0.93674505,0.09961051,-0.21445999,0.816565,-0.245065,0.07157999,0.59013,0.08508,0.19426998,-0.39793998,0.0028399974,-0.065395,0.17534,-0.6233235,-0.15179001,-0.054840002,-0.1779615,0.483235,0.3146,-0.087865,-0.25079995,0.123739995,0.6818,-0.1731635,-0.56524,0.273605,-0.590975,-0.16210851,0.5008675,0.43111998,-0.009403501,0.017360002,0.23852,0.26744002,-0.110079505,0.019055009,-0.41869,0.13693401,-0.1889255,0.12289,-0.06667,0.173085"
171,679,679,New World: Aeternum,1063730,rip,3,383.1,2026-02-12 03:02:07,"50,000,000 .. 100,000,000",['Amazon Game Studios'],['Amazon Game Studios'],"['Action', 'Adventure', 'Massively Multiplayer', 'RPG']",['windows'],"['Multi-player', 'MMO', 'PvP', 'Online PvP', 'Co-op', 'Online Co-op', 'Steam Achievements', 'In-App Purchases', 'Adjustable Text Size', 'Camera Comfort', 'Chat Speech-to-text', 'Chat Text-to-speech', 'Color Alternatives', 'Custom Volume Controls', 'Keyboard Only Option', 'Playable without Timed Input', 'Save Anytime', 'Stereo Sound', 'Subtitle Options', 'Surround Sound', 'Partial Controller Support']","Sep 28, 2021",,"-0.71925,0.012191,0.25872,-1.2256,-0.044223,0.23168,-0.22757,-0.052528,0.097611,0.12631,0.54556,0.72871,0.2562,-0.014005,-0.067077,0.63777,-0.19526,0.21036,-0.19619,0.28688,0.32591,0.32419,0.35448,0.043789,0.87244,0.52257,-0.6886,0.1189,1.0803,-0.17605,0.51243,0.48924,-0.0060367,-0.047201,-0.80366,-0.85419,0.098516,-0.55777,0.20733,0.42676,0.0022964,-0.27747,-1.0508,-0.28479,-0.15664,0.26189,-0.016188,-0.036324,0.12726,-0.12729,-0.60042,0.57191,-0.31985,-0.34776,0.1796,-0.73572,0.30279,0.38366,0.82671,-0.093158,0.37214,1.0315,-0.43558,0.33853,0.25918,0.74008,0.47612,0.30509,-0.20155,-0.7915,0.2442,-0.35143,0.091239,-0.42436,-0.14824,-0.20607,0.14021,0.39688,0.54443,0.22969,0.12861,-0.41027,-0.24147,-0.43584,0.23054,0.24471,-0.33489,-0.085768,-0.65243,-0.13926,0.12226,0.37804,0.048029,-0.32968,0.61036,-0.14953,0.18974,-0.044438,-0.050235,0.002572"
172,1950,1950,Wallpaper Engine,431960,cool wallpaper,15,30.55,2026-03-01 14:32:49,"20,000,000 .. 50,000,000",['Wallpaper Engine Team'],['Wallpaper Engine Team'],"['Casual', 'Indie', 'Animation & Modeling', 'Design & Illustration', 'Photo Editing', 'Utilities']",['windows'],"['Steam Achievements', 'Steam Trading Cards', 'Steam Workshop', 'Steam Workshop', 'Includes level editor']","Nov 16, 2018",499.0,"-0.512915,0.025124997,0.159355,-0.45813,0.132465,0.361195,-0.056459997,-0.116412,-0.015344992,0.42635998,0.18715,-0.25723648,0.20246899,-0.1542685,0.21820499,0.52487,-0.219678,-0.392595,0.347119,-0.3996665,-0.364995,0.375385,0.49709502,-0.357961,0.31758502,0.232495,0.18997502,-0.52639,-0.401385,-0.78661,-0.17751,0.2500125,-0.150485,-0.066589996,-0.026939996,0.868845,0.017920002,-0.60681,0.50468004,-0.95072997,0.1427705,-0.763075,-0.49416,-0.128755,-0.20383,0.0062649995,-0.31422502,0.383175,0.65441,-0.85390997,-0.071161,-0.010549992,-0.04478,0.45644498,-0.508,-1.2869949,0.26470798,0.362975,0.4874,0.030045498,0.23603001,0.748105,-0.610645,0.37941498,0.689035,0.35971498,0.98089004,-0.1878725,-0.04173501,-0.56856,0.08153501,0.12201649,0.22206,-0.066080004,0.1084785,0.251387,0.1460385,0.18985,0.74952006,0.085985,0.044420004,-0.3586435,-0.33847,0.58767,-0.08829,-0.0166115,0.1843425,-0.12489,-0.169038,-0.20556,0.151965,0.28604,0.3927605,-0.4515,-0.11611,-0.307046,-0.33529,-0.025272496,-0.1805,0.19067"
173,1838,1838,Path of Exile 2,2694490,yeah not bad,12,1701.95,2026-02-27 20:24:42,"20,000,000 .. 50,000,000",['Grinding Gear Games'],['Grinding Gear Games'],"['Action', 'Adventure', 'Massively Multiplayer', 'RPG', 'Early Access']",['windows'],"['Single-player', 'Multi-player', 'MMO', 'Co-op', 'Online Co-op', 'Full controller support', 'HDR available']","Dec 6, 2024",2999.0,"0.15942001,0.043473333,0.80579996,-0.75049,-0.80577993,0.09266699,-0.14611666,0.06841334,0.182205,-0.06619633,0.399358,0.24521667,0.39420733,0.2346089,0.19082634,-0.16525333,-0.3877766,0.19418998,-0.28793,0.7143133,0.3874267,0.33968,-0.21905999,-0.24694169,-0.10142333,0.4052453,-0.40256667,-0.47774336,0.25433764,-0.092549674,0.052773327,0.5614833,0.150928,0.08727667,-0.07199034,0.20559865,-0.13491435,0.109537005,0.21010233,-0.5270733,-0.15158732,0.21581,-0.18045668,-0.4489,-0.50258,-0.31228,0.3803133,-0.28399566,-0.22826399,-1.11228,-0.0005720009,-0.053076338,0.15358199,0.54019666,-0.30226967,-1.9858099,0.3788501,0.40218332,0.9185467,0.42746997,-0.16340566,0.78765994,-0.8331533,-0.029339002,0.9096467,0.09414834,0.80993,0.29113334,-0.22845365,-0.44954267,0.058373332,-0.27153,0.06462833,-0.09876001,0.25800666,0.18470334,-0.099599995,0.146382,-0.4845067,0.016322672,0.6674967,-0.23387666,-0.485039,-0.08660301,-1.6129233,-0.26286134,-0.23209666,-0.3581415,-0.49687335,-0.15984999,-0.23802333,-0.18648334,-0.022830004,-0.035553668,-0.27276668,0.14584334,-0.13862284,-0.11499757,-0.01716566,0.23382334"
174,411,411,Team Fortress 2,440,bruh it tf overwatch is temporary tf is forever,53,249.03333333333333,2026-03-01 02:29:57,"50,000,000 .. 100,000,000",['Valve'],['Valve'],"['Action', 'Free To Play']","['windows', 'linux']","['Multi-player', 'Cross-Platform Multiplayer', 'Steam Achievements', 'Steam Trading Cards', 'Captions available', 'Steam Workshop', 'In-App Purchases', 'Camera Comfort', 'Color Alternatives', 'Custom Volume Controls', 'Stereo Sound', 'Surround Sound', 'Partial Controller Support', 'Valve Anti-Cheat enabled', 'Stats', 'Includes level editor', 'Commentary available', 'Remote Play on Phone', 'Remote Play on Tablet']","Oct 10, 2007",,"-0.18360111,0.09264755,0.29077557,-0.36155114,-0.05419332,-0.27695554,-0.09329911,0.10537156,0.141198,-0.23991945,0.20985657,-0.32491782,0.36881888,-0.12868978,0.21006358,-0.37681,0.068982564,-0.09860644,0.1865352,0.11805388,0.41556218,-0.13909677,0.040110778,0.027350953,0.102450445,0.10827424,-0.09815601,-0.3522011,-0.046876654,-0.05290709,-0.23998302,0.21113665,0.13843666,-0.25217,0.042705555,-0.019695664,0.2170479,-0.25734776,0.05089089,-0.39467233,0.048748657,-0.15759803,0.30479994,-0.31900397,-0.052719336,0.38851908,-0.10752226,0.10086378,-0.15914777,-0.58907336,-0.39321116,-0.24797222,0.24732454,0.8764042,-0.20304555,-1.3086923,0.20088045,-0.2669711,0.695132,0.56648666,-0.035333335,0.20088989,-0.64061487,-0.14421667,0.21159668,-0.006870667,0.14300445,0.0107366545,0.035283774,0.095561124,0.15433246,-0.28324124,-0.25573754,0.01787944,0.06259778,-0.45840666,0.059660766,0.21719445,-0.22534,-0.25609088,0.09084224,-0.02588668,0.060482223,0.16716956,-0.6054433,-0.09161,0.3081127,-0.15973754,0.17226222,-0.03377268,-0.63221174,0.145557,0.18760365,0.011060112,0.1590364,0.04827088,0.05330356,-0.41559237,0.16931133,0.25691435"
175,1324,1324,Monster Hunter Wilds,2246340,focus attack brighten my day,33,41.48333333333333,2026-03-01 13:47:33,"20,000,000 .. 50,000,000","['CAPCOM Co., Ltd.']","['CAPCOM Co., Ltd.']","['Action', 'Adventure', 'RPG']",['windows'],"['Single-player', 'Multi-player', 'Co-op', 'Online Co-op', 'Cross-Platform Multiplayer', 'Steam Achievements', 'Full controller support', 'Steam Trading Cards', 'Adjustable Text Size', 'Camera Comfort', 'Color Alternatives', 'Custom Volume Controls', 'Keyboard Only Option', 'Stereo Sound', 'Subtitle Options', 'Surround Sound', 'Steam Cloud', 'HDR available', 'Family Sharing']","Feb 27, 2025",6999.0,"-0.4345134,0.1313884,0.15129334,-0.08590379,-0.140136,0.142976,-0.12864399,0.07499399,-0.14789781,0.16258001,-0.011565002,0.08724401,0.288892,-0.028427595,-0.0151539985,-0.14105001,-0.175988,0.0024091988,-0.333444,0.1393636,0.35784477,-0.35768002,-0.0055958033,0.2150918,0.038186204,0.35800153,-0.25676,-0.13927759,0.08504399,-0.1294638,-0.15790439,0.166978,0.0610878,0.056816,-0.382936,0.247596,-0.2114218,0.12111299,0.17777398,-0.06348999,-0.283556,-0.258472,0.35839462,-0.12434133,-0.194709,0.27893198,0.075946406,-0.1626316,0.12257,-1.053436,-0.064548,-0.08679199,-0.0201756,1.082308,-0.21247199,-2.018488,0.09276399,-0.01924401,1.278656,0.16055681,-0.15971918,1.205196,-0.19163242,-0.19710198,0.36735898,0.43281603,0.19962001,-0.0060076057,-0.067732,-0.16047001,0.232652,-0.33766198,0.09572519,-0.65954196,-0.0061279982,0.27993518,-0.0079862,-0.13190761,-0.512334,-0.13915081,0.119856,0.20865941,-0.303028,0.10758786,-1.1650465,-0.326508,-0.22641063,0.12317399,-0.20598158,-0.15096319,0.011897999,0.20219159,0.37653482,0.17501399,-0.49933606,-0.0355442,0.114496194,0.050762188,0.230872,0.5137622"
176,782,782,Black Myth: Wukong,2358720,good,4,8.1,2026-02-27 17:27:20,"50,000,000 .. 100,000,000",['Game Science'],['Game Science'],"['Action', 'Adventure', 'RPG']",['windows'],"['Single-player', 'Steam Achievements', 'Full controller support', 'Steam Trading Cards', 'Playable without Timed Input', 'Stereo Sound', 'Surround Sound', 'Steam Cloud', 'Family Sharing']","Aug 19, 2024",5999.0,"-0.030769,0.11993,0.53909,-0.43696,-0.73937,-0.15345,0.081126,-0.38559,-0.68797,-0.41632,-0.13183,-0.24922,0.441,0.085919,0.20871,-0.063582,0.062228,-0.051234,-0.13398,1.1418,0.036526,0.49029,-0.24567,-0.412,0.12349,0.41336,-0.48397,-0.54243,-0.27787,-0.26015,-0.38485,0.78656,0.1023,-0.20712,0.40751,0.32026,-0.51052,0.48362,-0.0099498,-0.38685,0.034975,-0.167,0.4237,-0.54164,-0.30323,-0.36983,0.082836,-0.52538,-0.064531,-1.398,-0.14873,-0.35327,-0.1118,1.0912,0.095864,-2.8129,0.45238,0.46213,1.6012,-0.20837,-0.27377,0.71197,-1.0754,-0.046974,0.67479,-0.065839,0.75824,0.39405,0.15507,-0.64719,0.32796,-0.031748,0.52899,-0.43886,0.67405,0.42136,-0.11981,-0.21777,-0.29756,-0.1351,0.59898,0.46529,-0.58258,-0.02323,-1.5442,0.01901,-0.015877,0.024499,-0.58017,-0.67659,-0.040379,-0.44043,0.083292,0.20035,-0.75499,0.16918,-0.26573,-0.52878,0.17584,1.065"
177,1345,1345,Monster Hunter Wilds,2246340,one year later here what i have to say game is really good even better if you play with friend give it a try,119,602.6166666666667,2026-03-01 05:59:28,"20,000,000 .. 50,000,000","['CAPCOM Co., Ltd.']","['CAPCOM Co., Ltd.']","['Action', 'Adventure', 'RPG']",['windows'],"['Single-player', 'Multi-player', 'Co-op', 'Online Co-op', 'Cross-Platform Multiplayer', 'Steam Achievements', 'Full controller support', 'Steam Trading Cards', 'Adjustable Text Size', 'Camera Comfort', 'Color Alternatives', 'Custom Volume Controls', 'Keyboard Only Option', 'Stereo Sound', 'Subtitle Options', 'Surround Sound', 'Steam Cloud', 'HDR available', 'Family Sharing']","Feb 27, 2025",6999.0,"-0.14341599,0.31422678,0.5157034,-0.35092142,-0.2664338,0.2005713,-0.019622883,0.15491745,-0.0679523,-0.124606036,0.06448617,0.013174058,0.1990277,-0.019666083,0.07309098,-0.19672483,0.121521674,0.1914439,-0.53694695,0.47285783,0.24863619,0.05130883,0.07650784,-0.046415072,0.30015954,-0.008867384,-0.28021476,-0.62226534,0.1677139,-0.2117353,-0.21029003,0.72262615,0.042737294,0.040483914,0.16370817,0.33900926,-0.2089802,0.3001229,0.011003465,-0.31591675,-0.307339,-0.14162132,0.21856059,-0.49673286,-0.30380774,-0.0610462,0.2308542,-0.44054535,-0.023667878,-0.9758017,-0.035417106,-0.15975443,0.14073701,1.131907,-0.1693464,-2.7292376,-0.05177429,-0.077018455,1.5222249,0.56809133,-0.23103058,0.8540178,-0.42958418,-0.006235227,0.7659269,0.026784824,0.5821737,0.5399484,-0.047642525,-0.17696787,0.034761887,-0.32949778,-0.044306427,-0.4177026,0.16752678,0.08338815,-0.15508863,-0.16186093,-0.7323945,0.046176296,0.6175266,-0.044151258,-0.6662105,-0.009142761,-1.5520717,-0.2120008,0.06416725,-0.056090113,-0.312449,-0.42502698,-0.039516922,-0.17618658,-0.13517046,-0.08368074,-0.5588173,-0.054841045,-0.2133798,-0.26764986,0.36523452,0.3554251"
178,874,874,Grand Theft Auto V Legacy,271590,it a great game but i never received my great white shark card or a code for it so im pretty annoyed at that,109,61.95,2026-02-28 22:39:41,"50,000,000 .. 100,000,000",['Rockstar North'],['Rockstar Games'],"['Action', 'Adventure']",['windows'],"['Single-player', 'Multi-player', 'PvP', 'Online PvP', 'Co-op', 'Online Co-op', 'Steam Achievements', 'Full controller support', 'Remote Play on Phone', 'Remote Play on Tablet', 'Remote Play on TV']","Apr 13, 2015",,"-0.025367707,0.19614238,0.4587816,-0.38124943,-0.2043717,0.31898466,0.0032798676,0.15336254,-0.027396085,-0.13143016,0.09429761,0.066730715,0.15106507,-0.019717293,0.11758692,-0.13578439,0.17000002,0.07441312,-0.31041023,0.30176833,0.17543931,0.11756891,0.035261583,-0.08433431,0.4437821,0.09277665,-0.2791929,-0.4317555,0.033896957,-0.19946678,-0.06749042,0.6589391,0.06653684,0.07673741,0.17801166,0.3027874,-0.27409545,0.2377863,0.002358133,-0.15679477,-0.20294195,-0.27021948,0.19430429,-0.3375095,-0.081828795,-0.10384536,0.35264048,-0.22335768,-0.008740251,-0.7413086,-0.068770304,-0.08937037,0.22872084,0.90227634,-0.37234834,-2.4452946,0.031537462,-0.08549736,1.48128,0.48199987,-0.06604908,0.73992705,-0.40457413,0.13206719,0.6411262,-0.15843618,0.52296424,0.34963548,0.17739524,-0.03551105,-0.07515297,-0.1969018,0.07872145,-0.2823108,0.15394019,0.21590537,-0.14142759,-0.09305485,-0.79345936,0.08130344,0.51950175,-0.16561337,-0.46463957,0.05444041,-1.3685466,-0.15034992,0.09649646,-0.31260931,-0.1492912,-0.27151415,-0.08828173,-0.10472259,0.019912837,0.16238753,-0.26603577,-0.071930505,-0.30231977,-0.27052966,0.29760614,0.21959056"
179,1652,1652,ELDEN RING,1245620,just a masterpiece nothing more i need to say if you like video game you must play elden ring,97,397.78333333333336,2026-03-01 11:49:14,"20,000,000 .. 50,000,000","['FromSoftware, Inc.']","['FromSoftware, Inc.', 'Bandai Namco Entertainment']","['Action', 'RPG']",['windows'],"['Single-player', 'Multi-player', 'PvP', 'Online PvP', 'Co-op', 'Online Co-op', 'Steam Achievements', 'Full controller support', 'Steam Trading Cards', 'Camera Comfort', 'Custom Volume Controls', 'Playable without Timed Input', 'Save Anytime', 'Stereo Sound', 'Surround Sound', 'Steam Cloud', 'Family Sharing']","Feb 24, 2022",5999.0,"-0.070154004,0.32637987,0.49756968,-0.38921335,-0.24140425,0.30755654,-0.08613231,0.16091561,0.007527727,-0.10520232,0.16516528,0.050981134,0.04403431,-0.050015893,0.05545585,-0.13381754,0.05146478,0.4822469,-0.45629993,0.4979934,0.23785935,0.03178047,-0.010415368,-0.20243505,0.39777794,0.10654638,-0.18051837,-0.46899062,0.19546409,-0.22421815,-0.1138309,0.5517879,0.01927116,0.08034804,0.27715766,0.2626413,-0.17299354,0.22027068,0.099770255,-0.3077302,-0.12903877,-0.1023606,0.061835013,-0.4686068,-0.37553784,-0.031102996,0.14037697,-0.37776253,0.029478261,-0.87323993,-0.030063843,-0.03643039,0.06305152,0.8863382,-0.16611284,-2.3828597,0.004318683,-0.059296157,1.46145,0.5787637,-0.20771985,0.90996873,-0.530244,-0.09809174,0.70623267,0.098771,0.5786052,0.45445883,-0.2161249,-0.118089,0.05406226,-0.31783924,0.059731897,-0.3014109,0.14256857,0.052542634,-0.12177581,0.00071231235,-0.47154316,0.054097842,0.5384194,-0.20271242,-0.6022995,0.040859208,-1.4177346,-0.08664631,0.09334124,-0.07700715,-0.24023099,-0.35262376,-0.026819807,-0.08057997,-0.08404927,-0.19685154,-0.3294366,-0.27061534,-0.118820764,-0.3342526,0.40531707,0.38104397"
180,1278,1278,War Thunder,236390,snail,11,392.3666666666667,2024-04-02 05:27:13,"20,000,000 .. 50,000,000",['Gaijin Entertainment'],['Gaijin Network Ltd'],"['Action', 'Massively Multiplayer', 'Simulation', 'Free To Play']","['windows', 'mac', 'linux']","['Single-player', 'Multi-player', 'MMO', 'PvP', 'Online PvP', 'Co-op', 'Online Co-op', 'Cross-Platform Multiplayer', 'Steam Achievements', 'Full controller support', 'VR Supported', 'Steam Trading Cards', 'In-App Purchases', 'Adjustable Text Size', 'Camera Comfort', 'Color Alternatives', 'Custom Volume Controls', 'Playable without Timed Input', 'Stereo Sound', 'Surround Sound', 'Remote Play on Phone', 'Remote Play on Tablet']","Aug 15, 2013",,"-1.4039,0.36696,-0.10955,-0.63229,-0.79527,0.67144,0.47645,-0.55636,0.092272,-0.39639,-0.67781,0.033395,-0.38021,-0.20604,-0.72761,-0.95119,-0.0038823,-0.39694,0.97538,0.36693,0.12081,0.82137,-0.65544,0.65207,2.1622,1.6127,-0.67026,0.66998,-1.0072,-0.025652,-0.87845,0.38124,0.73818,-0.46297,1.514,0.15876,-0.13237,0.054471,0.13645,0.59202,-0.69056,0.071133,-0.51945,-0.49915,0.30767,0.72829,-0.18505,0.51086,0.49377,-0.21658,0.78511,0.097812,0.9675,-0.54047,0.0032644,-0.095923,-0.39078,-0.55723,0.90746,0.61732,-0.39539,0.11181,0.66344,-0.52517,0.060044,-0.014633,0.13336,-0.60822,0.85103,-0.13711,-0.17942,-0.036779,0.64563,-1.3627,0.053857,0.19891,-0.31721,-0.093425,-0.33053,1.1765,0.15506,-0.01487,-0.11825,0.89531,0.94297,-0.23703,1.3867,-1.2494,0.16742,-0.14885,-0.43922,0.45397,0.19265,-0.23946,0.53536,-0.24851,-0.38341,-1.1101,0.1519,-0.55812"
181,785,785,Black Myth: Wukong,2358720,w game w game,13,59.11666666666667,2026-02-27 16:09:21,"50,000,000 .. 100,000,000",['Game Science'],['Game Science'],"['Action', 'Adventure', 'RPG']",['windows'],"['Single-player', 'Steam Achievements', 'Full controller support', 'Steam Trading Cards', 'Playable without Timed Input', 'Stereo Sound', 'Surround Sound', 'Steam Cloud', 'Family Sharing']","Aug 19, 2024",5999.0,"-0.4182205,0.32900152,0.5617909,-0.48550498,-0.43164498,0.57122505,0.61585,-0.004455,-1.01868,-0.27578,0.772523,-0.740215,-0.52445,-0.128135,-0.069419995,0.67269504,0.082586,0.25897,-0.48149002,0.031760007,0.262955,0.37023398,0.11927601,0.54054,0.83342004,0.12754002,0.164285,0.32410002,-0.15092501,-0.06695999,0.025929987,0.96932507,-0.08914299,0.1433945,0.22905649,-0.15445499,-0.415895,0.2967084,-0.58935,0.18555997,0.61945,-0.47998,-0.17662999,-0.24734,-0.40925497,0.034199,-0.120695,-0.3289615,0.532795,-0.52696,-0.25362,0.08169551,0.218822,0.19071999,0.29636002,-2.1169,-0.062915,0.05759999,1.04207,0.68782496,-1.1222501,0.14761001,-0.94146,-0.297386,0.56287,0.375745,0.45417002,0.20431449,-0.259755,0.65991503,-0.435055,0.1683525,0.07384501,-0.24431399,0.815725,-0.040654995,-0.12103501,0.0516255,-0.191155,0.242335,0.015605003,-0.70802003,-0.56735003,-0.014975004,-0.755634,0.13830501,-0.34936002,-0.57286,0.23712751,0.19989,-0.57917,0.29447502,0.33855003,0.235865,-0.12756,-0.34976,-0.04337001,-0.27812004,0.68431497,-0.103901"
182,1818,1818,Path of Exile 2,2694490,mid game boring asf,19,230.91666666666663,2026-03-01 10:50:54,"20,000,000 .. 50,000,000",['Grinding Gear Games'],['Grinding Gear Games'],"['Action', 'Adventure', 'Massively Multiplayer', 'RPG', 'Early Access']",['windows'],"['Single-player', 'Multi-player', 'MMO', 'Co-op', 'Online Co-op', 'Full controller support', 'HDR available']","Dec 6, 2024",2999.0,"-0.27486524,0.115933254,0.36830747,-0.30618998,-0.5834,0.23704952,0.4958675,0.36585498,-0.014072478,-0.08983675,0.35146397,-0.25936052,-0.11293175,-0.24380898,0.0363525,-0.033339996,-0.06920201,0.01668875,0.229995,0.17314026,0.1257575,0.11516701,0.094174996,0.04314225,0.4795365,-0.045149997,-0.18894501,0.1398125,-0.1673025,0.104755,-0.25543183,0.25187,-0.26082575,-0.09240024,0.122352496,0.14487925,-0.50572747,0.102304995,-0.10200549,-0.2778075,0.046828255,-0.054500006,-0.2821325,-0.141175,-0.14436701,0.15916675,0.34436753,-0.21045351,0.27170599,-0.57932174,-0.068375,-0.23254225,-0.0139064975,0.25533,-0.10674751,-1.3003974,-0.13873002,0.11306049,0.91217,0.5751375,-0.421005,0.31711,-0.25405502,0.076432,0.173415,0.14311251,0.12151748,-0.02813975,-0.2564375,-0.05537751,0.08100375,-0.032968245,-0.1044275,-0.072854504,-0.080715,-0.025667995,-0.37376425,-0.0176085,-0.09770676,0.009772502,0.20088027,-0.10836974,-0.20686501,0.1489025,-0.7755075,0.241715,-0.260322,-0.042554006,-0.004411243,0.21257,0.0952875,0.350335,-0.14112,0.26650602,0.0626,-0.08961751,-0.31840754,0.19842252,0.2846785,0.127162"
183,1198,1198,Lost Ark,1599340,satisfying combat ruined by boring endgame gameplay loop,56,1146.45,2025-11-16 17:18:33,"50,000,000 .. 100,000,000",['Smilegate RPG'],['Amazon Game Studios'],"['Action', 'Adventure', 'Massively Multiplayer', 'RPG', 'Free To Play']",['windows'],"['Single-player', 'Multi-player', 'MMO', 'PvP', 'Online PvP', 'Co-op', 'Online Co-op', 'Steam Achievements', 'In-App Purchases', 'Adjustable Text Size', 'Camera Comfort', 'Color Alternatives', 'Custom Volume Controls', 'Keyboard Only Option', 'Playable without Timed Input', 'Save Anytime', 'Partial Controller Support']","Feb 11, 2022",,"-0.26005048,0.27373663,0.23437001,0.09406998,-0.29206568,0.17105637,0.08374062,0.10750863,0.14661488,0.21198788,0.3160579,-0.07529876,0.17656538,-0.3931811,0.13667125,0.12707362,-0.2280835,0.013153624,0.18781601,0.11562249,0.332105,-0.17797375,0.0129759945,-0.12215,0.30666375,-0.0038331226,-0.112004146,0.09772514,-0.07922138,-0.169275,-0.3133075,0.011578754,-0.20649911,-0.4377862,0.14801912,0.09223587,-0.41172087,0.06670962,-0.123017505,-0.21662386,-0.028134257,-0.034209274,-0.03983726,0.16678031,-0.08070287,0.08862338,0.14139499,-0.028747374,0.028928507,-0.18515375,-0.107091755,0.02203212,-0.012604997,0.7112162,0.14304312,-1.4370775,0.38559747,-0.18682024,0.67712,0.20931326,-0.30848014,0.37009674,-0.066713,0.044504493,0.312336,-0.17553112,0.37459102,-0.014334999,-0.006913755,-0.16393876,-0.15424477,-0.24885462,0.17632124,0.13966751,0.156584,-0.04938025,-0.025048874,0.24797332,-0.2163136,0.056304116,0.046244126,0.07326151,-0.3435925,0.24585775,-0.950205,0.44047973,-0.029336503,-0.36756274,-0.33083752,-0.32803336,-0.14291927,0.13192113,-0.09746,0.3552,0.17364874,-0.34294164,-0.193975,-0.19723156,0.22575988,0.194684"
184,807,807,Grand Theft Auto V Legacy,271590,might be the best game ever made,34,57.266666666666666,2026-03-01 22:30:32,"50,000,000 .. 100,000,000",['Rockstar North'],['Rockstar Games'],"['Action', 'Adventure']",['windows'],"['Single-player', 'Multi-player', 'PvP', 'Online PvP', 'Co-op', 'Online Co-op', 'Steam Achievements', 'Full controller support', 'Remote Play on Phone', 'Remote Play on Tablet', 'Remote Play on TV']","Apr 13, 2015",,"-0.024502141,0.18278757,0.6388615,-0.43511885,-0.025121996,0.05540729,0.2345781,0.00985957,-0.33370456,-0.06894702,0.12545586,-0.054655723,0.25963113,-0.11416243,-0.0005992864,-0.13135913,0.36103788,0.3518257,-0.44925717,0.2705066,0.25309998,-0.038535148,0.13097757,0.011225854,0.39656442,-0.17057288,-0.16491044,-0.34438857,0.047514565,-0.20221686,-0.21523185,0.59321004,-0.0122407125,0.13256514,0.39389285,0.24604085,-0.3268463,0.37837,-0.3204114,-0.2376797,-0.27804285,-0.07355129,0.14819027,-0.3018104,0.067588136,0.098589286,0.4280629,-0.5342143,0.086799145,-1.0213672,0.023952562,-0.13458486,0.21880302,1.0529758,-0.14641143,-2.6139572,-0.1679977,0.030720154,1.4839572,0.74418557,-0.4455757,0.9122128,-0.4450123,0.20715956,0.88389003,-0.2087357,0.35111645,0.39146128,-0.2116803,-0.29787713,0.15421173,-0.3005893,-0.12532255,-0.09079114,0.09650142,0.08435143,-0.3646963,-0.057554286,-0.73058474,0.14328344,0.4960714,0.068842135,-0.5999297,0.032355007,-1.7078143,-0.3166743,0.08905272,-0.15570714,-0.050243292,-0.46304855,-0.24963285,-0.087096,-0.19042744,-0.01942143,-0.4693714,-0.04603758,-0.33413145,-0.21910146,0.58403003,0.24406144"
185,712,712,Black Myth: Wukong,2358720,just beat the game and i all i can say is it the most beautiful game ever with some of the if not the best bos fight but i wil also say that it can be a pain in ahh to beat,180,43.18333333333333,2026-03-01 20:39:22,"50,000,000 .. 100,000,000",['Game Science'],['Game Science'],"['Action', 'Adventure', 'RPG']",['windows'],"['Single-player', 'Steam Achievements', 'Full controller support', 'Steam Trading Cards', 'Playable without Timed Input', 'Stereo Sound', 'Surround Sound', 'Steam Cloud', 'Family Sharing']","Aug 19, 2024",5999.0,"-0.17546268,0.26340967,0.5127877,-0.37932706,-0.15743813,0.26462778,-0.07142499,0.1731018,-0.1096233,-0.08700528,0.15302508,0.02759733,0.2269729,-0.016517907,0.09344723,-0.16913827,0.1005982,0.22112313,-0.47282615,0.27236292,0.33878905,0.008677615,0.13628876,0.096766844,0.35052744,-0.014946247,-0.08754124,-0.49888188,0.13040522,-0.28893858,-0.17142199,0.5547556,0.02705088,0.17491016,0.10148307,0.17356393,-0.08601524,0.370725,-0.03818304,-0.24164756,-0.33736366,-0.23413531,0.10464998,-0.4665093,-0.13549463,0.02498696,0.3663495,-0.39890784,-0.011494352,-0.7656642,-0.065399565,-0.042849857,0.10544341,1.0219431,-0.29075405,-2.4548535,-0.006089947,-0.062353253,1.4448274,0.6301554,-0.17202328,0.762713,-0.33742827,0.072395585,0.80051756,-0.007232617,0.5403438,0.4140864,-0.022174805,-0.2420809,0.055084866,-0.37283495,-0.09586362,-0.26599455,0.25861785,0.037472617,-0.23587315,-0.104385614,-0.80794936,0.03548619,0.6275855,-0.041698087,-0.61113024,0.13764317,-1.4762309,-0.24804413,0.003249519,-0.13281247,-0.17007996,-0.329502,-0.094586305,-0.17601508,-0.17333248,0.14147866,-0.52493036,-0.06284382,-0.28563341,-0.33678794,0.4975351,0.24526688"
186,1990,1990,Wallpaper Engine,431960,i dont like men,15,6.0,2026-03-01 00:01:57,"20,000,000 .. 50,000,000",['Wallpaper Engine Team'],['Wallpaper Engine Team'],"['Casual', 'Indie', 'Animation & Modeling', 'Design & Illustration', 'Photo Editing', 'Utilities']",['windows'],"['Steam Achievements', 'Steam Trading Cards', 'Steam Workshop', 'Steam Workshop', 'Includes level editor']","Nov 16, 2018",499.0,"0.15306322,0.60790247,0.34417525,-0.42658,-0.69961345,0.468705,-0.106798746,0.36551252,-0.015660003,-0.23693001,0.2754125,0.18160999,0.50644004,0.0011484921,0.046572246,-0.0569495,0.04584375,0.43135497,-0.75740504,0.3379225,0.4466905,0.5533175,-0.020904511,-0.29306248,0.2240875,0.24948096,-0.10407301,-0.6563462,0.53137505,-0.55277246,-0.060979996,0.2691635,0.1466,-0.15332,0.38361,0.2709975,-0.15154925,0.699075,0.37819725,-0.005717501,-0.15628125,0.028250001,-0.09623751,-0.55901504,-0.578789,-0.042011008,0.029721493,-0.18874899,-0.088789,-0.73743075,-0.13946676,0.23192576,-0.1503455,0.782835,-0.2566765,-1.7303373,0.2617035,0.37983748,0.7434525,0.55679,-0.2269175,1.0106325,-0.47742,-0.006850926,0.6621435,0.20311175,0.6342011,0.40052748,-0.28702798,-0.0376735,0.2443075,-0.4218585,0.10375749,-0.44225526,-0.0645075,0.15564074,0.202039,-0.09037625,-0.2776425,-0.51277244,0.7579325,-0.35417002,-0.6565375,0.1602335,-1.3672,-0.3717485,-0.205135,-0.4900325,-0.3333375,-0.38382998,0.0045182537,-0.340735,0.27489424,-0.05066625,-0.560115,-0.16388425,-0.45689648,-0.34662426,0.211832,0.4052125"
187,1659,1659,ELDEN RING,1245620,it s already been said that elden ring is one of the best game of all time i can t argue that the visuals of the game are some of the best ever every region look like a painting come to life the world is dreadful and sometimes horrific but there are spot of wonder and pure fantasy the gameplay loop is quite addictive after creating your character and opting in or out of the tutorial the game throw you in the deep end to explore the world but always nudging you where to go to further the main quest there s plenty of loot to find and challenging boss to fight elden ring is not without it s fault some input can feel delayed and there is pop in and other very minimal graphical nitpicks i have but my complaint are very minor overall this game is peak,780,10.916666666666666,2026-03-01 10:37:07,"20,000,000 .. 50,000,000","['FromSoftware, Inc.']","['FromSoftware, Inc.', 'Bandai Namco Entertainment']","['Action', 'RPG']",['windows'],"['Single-player', 'Multi-player', 'PvP', 'Online PvP', 'Co-op', 'Online Co-op', 'Steam Achievements', 'Full controller support', 'Steam Trading Cards', 'Camera Comfort', 'Custom Volume Controls', 'Playable without Timed Input', 'Save Anytime', 'Stereo Sound', 'Surround Sound', 'Steam Cloud', 'Family Sharing']","Feb 24, 2022",5999.0,"-0.10323557,0.22425476,0.44022518,-0.2256961,-0.031778853,0.1934046,-0.1901594,0.14578004,-0.15164916,0.0038969445,0.11108863,-0.012861046,0.18299021,-0.022072872,0.08922792,-0.19905576,0.1144583,0.13841847,-0.30795264,0.27189353,0.24228449,-0.046458617,0.22145805,-0.004522625,0.2624026,-0.02918959,-0.014010259,-0.38134775,0.042330574,-0.19589633,-0.12514722,0.35301146,-0.06512396,0.03452535,0.102925874,0.19766337,-0.024734559,0.25457948,-0.038616195,-0.18403184,-0.3161558,-0.1734326,0.116346076,-0.349286,-0.10593565,0.10477703,0.25758752,-0.28654337,0.028407207,-0.6352775,0.042730056,-0.053059857,0.11547264,0.98714036,-0.17236541,-2.3281648,0.02056445,-0.18231149,1.4439449,0.5251677,-0.1998816,0.7488085,-0.23609215,0.11249606,0.77697927,-0.02143348,0.4689942,0.20125522,0.11828415,-0.20869422,-0.0047653313,-0.26465523,-0.072886586,-0.26616392,0.19781676,0.05426966,-0.1582102,-0.012263532,-0.7247863,0.021895075,0.45195013,0.07597463,-0.5542438,0.12826571,-1.3054907,-0.1266733,-0.044654977,-0.17858334,-0.08081267,-0.3157321,-0.109141365,-0.020612862,-0.16431312,0.09649738,-0.3808288,-0.08589327,-0.31277645,-0.37704822,0.54369634,0.23964362"
188,1190,1190,Lost Ark,1599340,amazon suck for man reason including this cesspool,51,362.48333333333335,2025-11-22 07:16:03,"50,000,000 .. 100,000,000",['Smilegate RPG'],['Amazon Game Studios'],"['Action', 'Adventure', 'Massively Multiplayer', 'RPG', 'Free To Play']",['windows'],"['Single-player', 'Multi-player', 'MMO', 'PvP', 'Online PvP', 'Co-op', 'Online Co-op', 'Steam Achievements', 'In-App Purchases', 'Adjustable Text Size', 'Camera Comfort', 'Color Alternatives', 'Custom Volume Controls', 'Keyboard Only Option', 'Playable without Timed Input', 'Save Anytime', 'Partial Controller Support']","Feb 11, 2022",,"-0.06428,0.2337025,0.6481325,-0.30018672,0.1371784,0.21649376,-0.16479638,0.06281562,-0.026620135,0.031698756,-0.063638374,0.044135746,0.049759377,-0.092033505,0.08897787,-0.14220086,0.26770878,0.1918486,-0.13950625,0.4344375,0.27120584,0.023790121,0.059133,0.047781482,0.23689838,0.17746073,-0.07541624,-0.22612128,-0.018279746,-0.065707244,0.017936505,0.23251998,-0.10086286,-0.041302994,-0.030352501,0.23663074,-0.05934099,0.21963562,0.1486579,-0.19590525,-0.30504674,0.08439787,-0.00022251904,-0.22135636,0.06613724,0.2618405,0.075864494,-0.2521785,-0.14376213,-0.33859128,-0.018103749,0.07586202,0.056345362,0.81915134,-0.3003395,-1.6834406,-0.029345509,-0.23297612,1.1551149,0.31602538,-0.22621915,0.4751465,-0.21145861,-0.0011477526,0.785915,0.04651225,0.48944378,0.11328237,0.30188063,-0.263643,0.029964987,-0.24107713,-0.02071875,-0.09392638,-0.209535,0.057365507,0.041005373,-0.05285,-0.63110125,0.16599187,0.43121013,-0.04567075,-0.3509075,0.17573002,-0.9909888,-0.12993813,0.025575623,-0.018962499,-0.27136397,-0.15244,0.15566812,-0.11243999,-0.075844996,-0.08153987,-0.18703249,-0.15060924,-0.13705745,-0.28877974,0.37964377,0.17427075"
189,1225,1225,War Thunder,236390,leaking document is fun would do again,48,54.43333333333333,2025-07-30 00:50:34,"20,000,000 .. 50,000,000",['Gaijin Entertainment'],['Gaijin Network Ltd'],"['Action', 'Massively Multiplayer', 'Simulation', 'Free To Play']","['windows', 'mac', 'linux']","['Single-player', 'Multi-player', 'MMO', 'PvP', 'Online PvP', 'Co-op', 'Online Co-op', 'Cross-Platform Multiplayer', 'Steam Achievements', 'Full controller support', 'VR Supported', 'Steam Trading Cards', 'In-App Purchases', 'Adjustable Text Size', 'Camera Comfort', 'Color Alternatives', 'Custom Volume Controls', 'Playable without Timed Input', 'Stereo Sound', 'Surround Sound', 'Remote Play on Phone', 'Remote Play on Tablet']","Aug 15, 2013",,"-0.14448513,0.07101371,0.4963314,-0.44370857,0.04449443,0.13064572,-0.080656,0.26053184,0.34913158,0.064162694,0.22630142,0.18828343,0.14265329,0.014241146,-0.07430028,-0.20537142,0.25223738,0.27998015,-0.22136429,0.18707572,0.08626143,-0.0068414276,0.019257719,-0.18861727,-0.04979601,0.027902579,-0.3894353,-0.35606512,0.10797314,-0.08630501,-0.16956985,0.48456573,-0.06745128,-0.028168326,0.10921699,0.29781055,-0.10750057,0.050911717,0.02003714,-0.22852714,-0.41069,-0.06750989,0.05778719,-0.35786858,-0.24502288,-0.141034,0.1737217,-0.42443284,-0.12924984,-0.89590865,0.31068087,-0.09262471,0.14107428,1.02087,-0.35888028,-2.1079314,-0.023511142,-0.12066614,1.3232058,0.4810957,-0.20126715,0.7789,-0.46702296,-0.12993857,0.8316086,0.13940457,0.6263557,0.32142854,-0.06831086,-0.38740143,0.18305571,-0.33534715,0.1262647,-0.31359786,0.03591371,0.096349135,-0.013697999,0.066510715,-0.702694,0.050942946,0.32656142,-0.18333401,-0.47551593,-0.005111571,-1.217244,-0.1902643,0.25548172,-0.059594043,-0.142089,-0.28850484,-0.20065628,-0.17132285,-0.117548585,-0.019384291,-0.11215662,0.018652003,-0.100142,-0.43795142,0.38989186,0.329104"
190,602,602,New World: Aeternum,1063730,game is dead now but the leveling felt good just very slow,63,77.86666666666666,2026-03-01 15:39:15,"50,000,000 .. 100,000,000",['Amazon Game Studios'],['Amazon Game Studios'],"['Action', 'Adventure', 'Massively Multiplayer', 'RPG']",['windows'],"['Multi-player', 'MMO', 'PvP', 'Online PvP', 'Co-op', 'Online Co-op', 'Steam Achievements', 'In-App Purchases', 'Adjustable Text Size', 'Camera Comfort', 'Chat Speech-to-text', 'Chat Text-to-speech', 'Color Alternatives', 'Custom Volume Controls', 'Keyboard Only Option', 'Playable without Timed Input', 'Save Anytime', 'Stereo Sound', 'Subtitle Options', 'Surround Sound', 'Partial Controller Support']","Sep 28, 2021",,"-0.17828675,0.24053784,0.5410109,-0.32749915,-0.2746594,0.2645904,-0.01783817,0.21261983,-0.09054741,-0.1410465,0.10494459,0.025287775,0.27572873,-0.17297383,0.15613449,-0.21584366,-0.114144124,0.13965559,-0.14212884,0.39402905,0.41244963,0.25024965,0.23509265,-0.04557629,0.34546486,0.083254166,-0.21660803,-0.3523333,-0.053612098,-0.053278163,-0.23721433,0.45670417,0.018394833,0.027936175,0.12691067,0.02284108,-0.14506389,0.19797592,-0.030598326,-0.20070599,-0.3258029,-0.14398785,0.29687083,-0.31368083,-0.021888,-0.099081755,0.49637213,-0.16229331,-0.029463658,-0.83556503,0.032133,-0.32441726,0.093355834,1.0654575,-0.22705968,-2.48258,-0.04897668,-0.05083583,1.3249903,0.5992333,-0.109553844,0.7926033,-0.370412,0.04604144,0.63462967,0.03985017,0.50670123,0.15762894,-0.008230249,-0.18887408,0.052190993,-0.23915279,0.006760001,-0.238784,0.36786833,0.113715835,-0.19935542,0.05556294,-0.51923084,0.049159408,0.4280448,0.16186592,-0.6985495,0.08644875,-1.3547367,-0.21536966,0.047081813,-0.18363793,-0.31727707,-0.3483375,-0.006160246,-0.1428226,-0.23870109,0.16867642,-0.478817,-0.026655585,-0.23935501,-0.24844788,0.3597531,0.27966294"
191,270,270,PUBG: BATTLEGROUNDS,578080,,1,673.0833333333334,2026-02-19 15:09:18,"100,000,000 .. 200,000,000",['PUBG Corporation'],"['KRAFTON, Inc.']","['Action', 'Adventure', 'Massively Multiplayer', 'Free To Play']",['windows'],"['Multi-player', 'PvP', 'Online PvP', 'Stats', 'Remote Play on Phone', 'Remote Play on Tablet']","Dec 21, 2017",,"-0.040383,-0.2132,0.055937,-0.070654,0.4657,0.14988,0.35069,0.38861,1.0382,0.31142,0.43467,1.0776,0.20412,0.11486,-0.15259,-1.2375,0.63977,-0.40243,-0.32668,-0.16361,0.4715,0.097336,-0.3228,0.82284,-0.05374,0.72566,0.077025,0.19049,-1.011,0.063992,-0.42976,0.492,0.3961,-0.22394,-0.32937,-0.68569,-0.038767,1.2796,-0.51853,-0.14503,-0.46248,-0.021891,-0.57194,0.066688,0.36953,0.7507,-0.94705,-0.29925,0.41504,-0.50964,-0.61258,0.20794,0.51331,0.20323,-0.25576,-0.016653,0.36026,0.29747,-0.25774,-0.0073715,-0.6191,-0.16447,-0.28221,0.16458,-0.13794,-0.36302,0.32537,1.4793,0.16161,0.018392,-0.29274,0.56243,0.3591,-0.26062,0.24564,-0.39409,-0.61024,-0.23352,-0.40417,-0.46959,0.45789,-0.074916,0.12149,-0.79923,0.27619,0.19909,-1.3364,0.47668,0.9909,-0.057745,0.91582,0.46617,0.10032,0.25265,-0.36012,-0.42818,-0.3804,-1.3927,-0.015867,0.11311"
192,1384,1384,Monster Hunter Wilds,2246340,so far the best monster hunter experience for me since launch date it s so cinematic and best immersive gameplay i ve ever play in this new gen monster hunter it wa also a nostalgic seeing old character from mhu d all i m gonna say just enjoy this game until very moment no need to rush everything for me,324,191.26666666666668,2026-02-28 16:09:56,"20,000,000 .. 50,000,000","['CAPCOM Co., Ltd.']","['CAPCOM Co., Ltd.']","['Action', 'Adventure', 'RPG']",['windows'],"['Single-player', 'Multi-player', 'Co-op', 'Online Co-op', 'Cross-Platform Multiplayer', 'Steam Achievements', 'Full controller support', 'Steam Trading Cards', 'Adjustable Text Size', 'Camera Comfort', 'Color Alternatives', 'Custom Volume Controls', 'Keyboard Only Option', 'Stereo Sound', 'Subtitle Options', 'Surround Sound', 'Steam Cloud', 'HDR available', 'Family Sharing']","Feb 27, 2025",6999.0,"-0.1328318,0.2891584,0.45358145,-0.2393489,-0.15315126,0.10079358,0.00795226,0.16239868,-0.08421579,-0.038804296,0.13869628,-0.071734145,0.07382527,-0.051465284,0.109001964,-0.13081774,0.14106353,0.203661,-0.3178856,0.41653216,0.30814487,0.05925416,0.083172604,-0.04950766,0.26659665,0.11542962,-0.11409624,-0.3428414,0.15823036,-0.15179105,-0.21001613,0.47558224,-0.02006774,0.07785084,0.12334986,0.20648532,-0.15306862,0.219921,-0.018068265,-0.27189645,-0.259835,-0.10985381,0.12411509,-0.23966764,-0.09510387,0.05790967,0.17164415,-0.3411514,0.06054082,-0.66896343,-0.037965085,-0.09950345,0.18155023,0.88012433,-0.19035898,-2.232534,0.074717164,-0.01768092,1.2623868,0.35810977,-0.17575298,0.8004149,-0.39242557,0.034448292,0.7240903,0.02900067,0.46512315,0.23174532,-0.022352068,-0.045683935,0.09322397,-0.20197645,-0.11774678,-0.25763032,0.110089526,0.085177295,-0.14586122,-0.088344105,-0.6456319,-0.08291055,0.33987817,-0.09808142,-0.36399445,0.092405684,-1.1551533,-0.035391796,-0.038440492,-0.25445327,-0.21167655,-0.32240552,-0.0037641358,0.00034721725,-0.021137666,0.10347078,-0.38273728,-0.10885264,-0.2390943,-0.22624463,0.35893312,0.18152887"
193,231,231,PUBG: BATTLEGROUNDS,578080,,1,75.51666666666667,2026-02-24 15:37:24,"100,000,000 .. 200,000,000",['PUBG Corporation'],"['KRAFTON, Inc.']","['Action', 'Adventure', 'Massively Multiplayer', 'Free To Play']",['windows'],"['Multi-player', 'PvP', 'Online PvP', 'Stats', 'Remote Play on Phone', 'Remote Play on Tablet']","Dec 21, 2017",,"-0.040383,-0.2132,0.055937,-0.070654,0.4657,0.14988,0.35069,0.38861,1.0382,0.31142,0.43467,1.0776,0.20412,0.11486,-0.15259,-1.2375,0.63977,-0.40243,-0.32668,-0.16361,0.4715,0.097336,-0.3228,0.82284,-0.05374,0.72566,0.077025,0.19049,-1.011,0.063992,-0.42976,0.492,0.3961,-0.22394,-0.32937,-0.68569,-0.038767,1.2796,-0.51853,-0.14503,-0.46248,-0.021891,-0.57194,0.066688,0.36953,0.7507,-0.94705,-0.29925,0.41504,-0.50964,-0.61258,0.20794,0.51331,0.20323,-0.25576,-0.016653,0.36026,0.29747,-0.25774,-0.0073715,-0.6191,-0.16447,-0.28221,0.16458,-0.13794,-0.36302,0.32537,1.4793,0.16161,0.018392,-0.29274,0.56243,0.3591,-0.26062,0.24564,-0.39409,-0.61024,-0.23352,-0.40417,-0.46959,0.45789,-0.074916,0.12149,-0.79923,0.27619,0.19909,-1.3364,0.47668,0.9909,-0.057745,0.91582,0.46617,0.10032,0.25265,-0.36012,-0.42818,-0.3804,-1.3927,-0.015867,0.11311"
194,49,49,Counter-Strike: Global Offensive,730,gun gun,13,17.966666666666665,2026-03-01 23:54:27,"100,000,000 .. 200,000,000",['Valve'],['Valve'],"['Action', 'Free To Play']","['windows', 'linux']","['Multi-player', 'Cross-Platform Multiplayer', 'Steam Trading Cards', 'Steam Workshop', 'In-App Purchases', 'Adjustable Text Size', 'Camera Comfort', 'Color Alternatives', 'Custom Volume Controls', 'Playable without Timed Input', 'Stereo Sound', 'Surround Sound', 'Valve Anti-Cheat enabled', 'Stats', 'Remote Play on Phone', 'Remote Play on Tablet', 'Remote Play on TV', 'Steam Timeline']","Aug 21, 2012",,"-0.28729,-0.095254,-0.36139,-0.61286,-0.27698,0.416,0.26372,-0.1069,0.40407,0.3159,0.13864,-0.16844,-0.36208,0.32007,0.28512,0.37059,0.052905,-0.072461,-1.0186,-0.4615,1.3767,-0.36303,-0.31225,-0.63349,0.36636,0.52482,-0.71736,-0.80763,-0.34027,0.12993,0.45372,0.31682,0.50632,0.89771,0.50934,-0.60228,0.0069813,-0.96375,1.1096,0.14375,0.11657,-0.63407,0.23169,-0.33639,-0.024442,-0.9194,-0.43393,-0.11097,-0.27829,-0.70443,-0.02531,0.37602,-0.60184,1.2622,0.87378,-1.143,-0.067676,-0.67708,1.7419,0.073854,0.51394,0.56644,0.031719,1.5852,0.2822,0.45748,0.63332,0.33781,-0.79455,0.78217,-0.031653,-0.62073,0.71888,0.46371,-0.38381,-0.1815,-0.092197,-0.58996,-1.2758,-0.47347,1.0701,-0.31577,0.4582,-0.48258,-0.93645,-0.33513,-0.4645,-0.76332,0.10732,0.05047,-0.08495,0.1007,0.16588,0.2407,0.0038131,0.031007,-0.34395,0.26926,1.1591,-0.37925"
195,462,462,Team Fortress 2,440,the og the big chunga this wa one of the big one to me still is valve nailed it again,94,103.88333333333334,2026-02-20 16:00:58,"50,000,000 .. 100,000,000",['Valve'],['Valve'],"['Action', 'Free To Play']","['windows', 'linux']","['Multi-player', 'Cross-Platform Multiplayer', 'Steam Achievements', 'Steam Trading Cards', 'Captions available', 'Steam Workshop', 'In-App Purchases', 'Camera Comfort', 'Color Alternatives', 'Custom Volume Controls', 'Stereo Sound', 'Surround Sound', 'Partial Controller Support', 'Valve Anti-Cheat enabled', 'Stats', 'Includes level editor', 'Commentary available', 'Remote Play on Phone', 'Remote Play on Tablet']","Oct 10, 2007",,"-0.15368707,0.11892019,0.54244405,-0.39143017,0.08176549,0.07635582,-0.10978569,0.19786014,-0.0028869002,-0.08939726,0.22302392,0.14957869,0.19623739,0.11436895,0.060226403,-0.17389214,0.10478181,0.1347193,-0.18867798,0.12413999,0.2599712,-0.012060096,0.039391655,-0.038213246,0.31286183,-0.07958559,-0.09335065,-0.32537127,0.066308096,-0.16039144,-0.10450111,0.34037846,0.15124603,0.17320569,-0.16926615,0.23736806,-0.06105833,0.35008305,0.05442794,-0.2516591,-0.33366293,-0.045524616,0.1708342,-0.3917702,-0.0182905,0.13444364,0.2154583,-0.2226285,-0.1569864,-0.48551708,-0.27160883,-0.014005157,0.15629944,0.8534583,-0.430094,-2.3208861,0.0498972,-0.09619231,1.3278579,0.4750902,-0.0781905,0.5398205,-0.21718726,0.33835372,0.70366997,-0.06932165,0.42832908,0.26819724,-0.0072235987,-0.10881702,-0.058265597,-0.17735264,-0.1580275,-0.2606515,0.23841853,0.0019584936,-0.17311591,-0.08943997,-0.68176883,0.069484636,0.3983345,-0.014276547,-0.48734203,0.11442915,-1.0604409,-0.25208548,-0.03309975,-0.30842954,-0.009535114,-0.1773068,-0.08597331,-0.070422225,-0.29009205,0.1806132,-0.36607605,-0.12300108,-0.20868221,-0.26590157,0.47078758,0.16718301"
196,1105,1105,Lost Ark,1599340,i m so grateful i quit playing in june of it is a truly fun game with great system and combat but the rl money required to push difficult content absolutely ruin the game i knew this going in and i got wonderful hour out of it but eventually i wa spending more than i wanted and shelved it for good,319,924.1166666666668,2026-02-22 04:17:29,"50,000,000 .. 100,000,000",['Smilegate RPG'],['Amazon Game Studios'],"['Action', 'Adventure', 'Massively Multiplayer', 'RPG', 'Free To Play']",['windows'],"['Single-player', 'Multi-player', 'MMO', 'PvP', 'Online PvP', 'Co-op', 'Online Co-op', 'Steam Achievements', 'In-App Purchases', 'Adjustable Text Size', 'Camera Comfort', 'Color Alternatives', 'Custom Volume Controls', 'Keyboard Only Option', 'Playable without Timed Input', 'Save Anytime', 'Partial Controller Support']","Feb 11, 2022",,"-0.08204946,0.21772522,0.4025668,-0.28003335,-0.16293983,0.17579067,-0.07141987,0.21933435,-0.09510672,0.015883196,0.27340326,-0.015825517,0.07440945,-0.053902954,0.07772855,-0.2701734,0.08389379,0.18833962,-0.4077899,0.33062184,0.22241072,0.14079145,0.1488409,-0.09942755,0.22818822,0.052897055,-0.12703036,-0.40329412,0.12355981,-0.22344765,-0.20497438,0.551774,0.012374263,-0.0039459877,0.05629264,0.2647834,-0.12163587,0.24256492,-0.076040596,-0.18403088,-0.27638134,-0.17568648,0.21345814,-0.396518,-0.1680988,-0.031480037,0.28594086,-0.35676286,0.05361787,-0.8359895,-0.045206238,-0.10771927,0.11658182,0.9965179,-0.23276821,-2.4041662,0.062027723,-0.10302666,1.426024,0.52942556,-0.11217884,0.7206163,-0.43422025,0.06046361,0.70399195,0.017218847,0.5079431,0.32147038,0.1162687,-0.18479931,0.1598093,-0.3177737,-0.055907458,-0.28316817,0.16972703,0.15228508,-0.17766464,0.021520887,-0.7066751,0.010571295,0.48687375,0.00030546062,-0.47323537,0.15692902,-1.324849,-0.094180726,-0.004326501,-0.21460576,-0.30278218,-0.32976413,-0.09395326,-0.15552169,-0.09495025,0.1443324,-0.46529186,-0.0675545,-0.23579954,-0.21788694,0.40542257,0.2470484"
197,855,855,Grand Theft Auto V Legacy,271590,best game,9,31.683333333333334,2026-03-01 07:10:12,"50,000,000 .. 100,000,000",['Rockstar North'],['Rockstar Games'],"['Action', 'Adventure']",['windows'],"['Single-player', 'Multi-player', 'PvP', 'Online PvP', 'Co-op', 'Online Co-op', 'Steam Achievements', 'Full controller support', 'Remote Play on Phone', 'Remote Play on Tablet', 'Remote Play on TV']","Apr 13, 2015",,"0.100769505,0.1115165,0.90907,-0.54683995,-0.14543499,0.38199002,0.62703,-0.38478002,-0.83974,-0.1392005,0.16518301,-0.69824,-0.273091,-0.445245,-0.10135,0.332325,0.50006,0.45673,-0.363665,0.83958995,0.28799,0.021398999,0.109651,0.198825,0.94932,-0.205685,-0.1063505,-0.13986501,0.008579999,-0.08611501,-0.68650496,0.78595996,-0.025429994,0.101229504,0.493735,0.021115005,-0.98489,0.603805,-0.64697,-0.45542002,0.413675,0.11107501,0.060261004,-0.174485,-0.078495,0.099866,0.06819999,-0.82077,0.250835,-0.913575,-0.25666,-0.1636245,-0.009490002,0.98747504,0.11011501,-2.9035,-0.071567,0.24184501,1.17975,0.7943445,-0.84306,0.73801994,-0.61724,0.20331399,0.68644005,-0.18473998,0.392775,0.2722695,-0.300775,0.18098499,0.029480003,0.22446251,0.08770001,0.129996,0.121575,0.300975,-0.7375,-0.075610004,-0.0948615,0.140955,0.27578,0.29124,-0.81695503,0.018824995,-1.5669,-0.019604996,-0.338485,-0.11545,-0.095557496,-0.13243,-0.329495,0.18608999,-0.097150005,-0.06243501,-0.46761,-0.047985017,-0.50511503,0.02370499,0.805425,0.425234"
198,693,693,New World: Aeternum,1063730,i started a few time over since the story changed from first release and rerelease the story wa meh both time lot of racist hateful political chatter on world chat if you correct a magat with verified true statement to counter their hate propaganda you get a temp ban they are discontinuing support for this game amazon gaming studio made the announcement right after releasing a ton of new skin which of course everyone bought and now they ll be gone and the game wont be accessible at the end of the year i won t be buying anything from amazon gaming studio ever again,592,1342.7833333333333,2026-02-08 09:09:30,"50,000,000 .. 100,000,000",['Amazon Game Studios'],['Amazon Game Studios'],"['Action', 'Adventure', 'Massively Multiplayer', 'RPG']",['windows'],"['Multi-player', 'MMO', 'PvP', 'Online PvP', 'Co-op', 'Online Co-op', 'Steam Achievements', 'In-App Purchases', 'Adjustable Text Size', 'Camera Comfort', 'Chat Speech-to-text', 'Chat Text-to-speech', 'Color Alternatives', 'Custom Volume Controls', 'Keyboard Only Option', 'Playable without Timed Input', 'Save Anytime', 'Stereo Sound', 'Subtitle Options', 'Surround Sound', 'Partial Controller Support']","Sep 28, 2021",,"-0.03549763,0.10658224,0.34813645,-0.23440844,0.0061464,0.16726099,-0.065866314,0.15765068,-0.10969095,0.0244369,0.19639926,0.005200473,0.1998955,-0.066603884,0.14743765,-0.16273004,0.15747797,0.05696514,-0.2579698,0.098272435,0.2869705,0.019994479,0.16030094,0.052467905,0.20079154,-0.06239179,-0.023843445,-0.33524618,0.053082384,-0.13078052,-0.03760647,0.43945318,-0.06548926,0.059182912,0.029826,0.22543246,-0.07801552,0.22749771,-0.06111432,-0.21069568,-0.31467867,-0.13723086,0.0977807,-0.22720994,-0.039878074,-0.005368884,0.1409467,-0.2969742,0.05327628,-0.6716959,0.03221996,-0.028230721,0.13140108,0.8727994,-0.24703655,-2.1306756,-0.032826066,-0.13055584,1.4233816,0.4058474,-0.1872665,0.6592027,-0.27232853,0.019793948,0.63014656,0.0064398726,0.45738757,0.29139656,0.12476021,-0.15753926,0.01728086,-0.17858148,-0.114442736,-0.2987397,0.012712293,0.09615814,-0.14069451,-0.030838758,-0.8072265,-0.0013653063,0.45901626,-0.06967465,-0.35510734,0.16062096,-1.1992828,-0.14370482,0.027274763,-0.18159385,-0.0906064,-0.28613484,-0.09160497,-0.04447357,-0.14239487,0.15291083,-0.3933054,-0.16010101,-0.20133533,-0.19009985,0.52046216,0.19960491"
199,1551,1551,Warframe,230410,at the very end when i stop playing any and all game i ll still keep coming back to warframe,96,2656.0666666666666,2023-12-03 17:33:24,"20,000,000 .. 50,000,000",['Digital Extremes'],['Digital Extremes'],"['Action', 'RPG', 'Free To Play']",['windows'],"['Single-player', 'Multi-player', 'Co-op', 'Online Co-op', 'Cross-Platform Multiplayer', 'Steam Achievements', 'Full controller support', 'Steam Trading Cards', 'Steam Workshop', 'In-App Purchases', 'Camera Comfort', 'Color Alternatives', 'Custom Volume Controls', 'Playable without Timed Input', 'Stereo Sound', 'Surround Sound', 'Remote Play on Phone', 'Remote Play on Tablet', 'Remote Play on TV', 'HDR available']","Mar 25, 2013",,"-0.08096626,0.21350469,0.4221383,-0.34527323,-0.31703883,0.26515388,-0.17910929,0.21711068,-0.15298869,-0.1046169,0.29288554,-0.050934464,0.13750662,0.005411634,0.11571842,-0.2641537,-0.0050185793,0.18773854,-0.41427156,0.23569243,0.27072492,0.18801473,0.20080426,-0.06121869,0.33537617,0.056263886,-0.23657678,-0.57569635,0.3481908,-0.13896526,-0.28640553,0.49562204,0.09617301,0.09827672,0.030039415,0.24347286,-0.12437809,0.18294968,-0.024128001,-0.250945,-0.3687571,-0.2565481,0.16743551,-0.41616845,-0.15784931,0.069946155,0.22113852,-0.33575818,0.10414388,-0.9762779,0.04118657,-0.033041485,0.07686364,1.0684047,-0.20719962,-2.5571635,-0.05479647,-0.16266015,1.4811357,0.6522633,-0.22271438,0.8164963,-0.44060522,0.13911664,0.6449186,0.051083475,0.545446,0.40878224,-0.06811005,-0.12073669,0.00683121,-0.42269406,-0.06274231,-0.5083421,0.1433322,0.11959237,-0.24357307,0.011988,-0.67967695,-0.07793052,0.6554937,-0.031487793,-0.60697156,0.22974506,-1.3923148,-0.119712315,-0.08859844,-0.1446391,-0.24979363,-0.3051003,-0.32477498,-0.018747259,-0.1362127,0.15640214,-0.6178336,-0.1578049,-0.20598279,-0.06878895,0.46243453,0.252843"
