Unnamed: 0.2,Unnamed: 0.1,Unnamed: 0,game_name,app_id,review_text,review_length,hours_played,review_date,owners,developers,publishers,genres,platforms,categories,release_date,price,embedding
0,1860,1860,Path of Exile 2,2694490,,1,10.6,2026-02-26 23:50:27,"20,000,000 .. 50,000,000",['Grinding Gear Games'],['Grinding Gear Games'],"['Action', 'Adventure', 'Massively Multiplayer', 'RPG', 'Early Access']",['windows'],"['Single-player', 'Multi-player', 'MMO', 'Co-op', 'Online Co-op', 'Full controller support', 'HDR available']","Dec 6, 2024",2999.0,"-0.040383,-0.2132,0.055937,-0.070654,0.4657,0.14988,0.35069,0.38861,1.0382,0.31142,0.43467,1.0776,0.20412,0.11486,-0.15259,-1.2375,0.63977,-0.40243,-0.32668,-0.16361,0.4715,0.097336,-0.3228,0.82284,-0.05374,0.72566,0.077025,0.19049,-1.011,0.063992,-0.42976,0.492,0.3961,-0.22394,-0.32937,-0.68569,-0.038767,1.2796,-0.51853,-0.14503,-0.46248,-0.021891,-0.57194,0.066688,0.36953,0.7507,-0.94705,-0.29925,0.41504,-0.50964,-0.61258,0.20794,0.51331,0.20323,-0.25576,-0.016653,0.36026,0.29747,-0.25774,-0.0073715,-0.6191,-0.16447,-0.28221,0.16458,-0.13794,-0.36302,0.32537,1.4793,0.16161,0.018392,-0.29274,0.56243,0.3591,-0.26062,0.24564,-0.39409,-0.61024,-0.23352,-0.40417,-0.46959,0.45789,-0.074916,0.12149,-0.79923,0.27619,0.19909,-1.3364,0.47668,0.9909,-0.057745,0.91582,0.46617,0.10032,0.25265,-0.36012,-0.42818,-0.3804,-1.3927,-0.015867,0.11311"
1,353,353,Palworld,1623730,incredibly fun great repeatability think spell word,79,92.01666666666668,2026-02-28 14:33:41,"50,000,000 .. 100,000,000",['Pocketpair'],['Pocketpair'],"['Action', 'Adventure', 'Indie', 'RPG', 'Early Access']",['windows'],"['Single-player', 'Multi-player', 'Co-op', 'Online Co-op', 'Cross-Platform Multiplayer', 'Steam Achievements', 'Full controller support', 'Steam Trading Cards', 'Steam Workshop', 'Steam Cloud', 'Family Sharing']","Jan 18, 2024",2999.0,"-0.25748292,0.23336928,0.39412832,-0.17684229,-0.46933,0.12871,-0.19112428,-0.0999817,-0.20764971,-0.148254,-0.017882714,-0.058952857,0.093448,-0.16301285,0.011810854,-0.111186855,-0.057033625,0.21546343,-0.17020999,0.6243843,0.09064614,0.28189898,-0.2126657,-0.5395957,0.11465042,0.27469027,-0.3888743,0.0023541462,-0.14857829,-0.27164716,-0.32611147,0.3284096,-0.016099142,-0.3183536,0.11371427,0.029469358,-0.29139856,0.12661986,0.09597685,-0.3207757,-0.085949995,0.17265953,0.12468086,-0.41679427,-0.27028286,-0.11806474,0.51804787,-0.09763287,0.074175715,-0.66914856,0.13994828,-0.00797855,0.2959157,0.5327257,-0.054190423,-1.6675256,0.099395715,0.26518857,0.5806786,0.01628286,-0.102331296,0.6789428,-0.6301614,-0.18652429,0.5116443,0.08597658,0.44005656,-0.09910586,-0.013035721,-0.31495857,0.09168141,0.03983571,0.248924,-0.022079399,0.17975524,0.23608072,-0.13381301,-0.07622129,-0.13089529,-0.08394857,0.14125858,-0.11410185,-0.36459428,-0.106376424,-1.2426243,0.02179614,-0.13654587,-0.23919985,-0.17287715,-0.33392853,-0.14802657,0.10804142,-0.007110864,0.037179284,-0.1306323,-0.206946,-0.34214643,-0.25901714,-0.022690287,0.49842432"
2,1333,1333,Monster Hunter Wilds,2246340,monster hunter till wild,32,113.88333333333334,2026-03-01 10:51:44,"20,000,000 .. 50,000,000","['CAPCOM Co., Ltd.']","['CAPCOM Co., Ltd.']","['Action', 'Adventure', 'RPG']",['windows'],"['Single-player', 'Multi-player', 'Co-op', 'Online Co-op', 'Cross-Platform Multiplayer', 'Steam Achievements', 'Full controller support', 'Steam Trading Cards', 'Adjustable Text Size', 'Camera Comfort', 'Color Alternatives', 'Custom Volume Controls', 'Keyboard Only Option', 'Stereo Sound', 'Subtitle Options', 'Surround Sound', 'Steam Cloud', 'HDR available', 'Family Sharing']","Feb 27, 2025",6999.0,"-0.122551,-0.00411075,0.49117696,-0.39406,-0.09597425,0.111831,0.35026127,0.09043527,-0.36967748,-0.69123,-0.20342657,0.23512676,0.14564274,-0.0210675,0.33949727,0.36930752,0.40927497,0.44326404,-0.39274275,0.5387375,0.33441496,0.0999165,0.22467676,-0.20369138,0.4017285,0.729945,-0.36632997,-0.1549955,-0.09520999,0.13273911,-0.3258425,0.05545082,0.13260025,-0.18916,0.1390325,-0.10044325,-0.5164125,-0.055648,0.399615,-0.35316375,-0.19699249,-0.03921449,-0.26432624,0.14149292,0.4089775,-0.1686275,-0.13195251,-0.2580385,0.14438026,-0.28314,-0.21182576,-0.2826405,0.2675035,0.50431,-0.076565996,-1.47165,-0.051861502,0.3188975,0.76355,0.35586503,0.22002023,0.91465497,-0.31866375,0.081835,0.9120825,0.19089174,0.11786325,-0.068037495,0.184384,0.283994,0.004029751,-0.18824765,-0.2501325,-0.0733525,-0.2816925,0.1809445,-0.43895125,-0.3166025,-0.35659748,0.2174325,0.22772226,0.11938076,-0.32320702,0.0635325,-0.17811225,-0.14367676,-0.14260125,-0.365866,0.047752492,0.381252,0.09416,-0.16684425,0.14519626,0.36032376,-0.2912675,-0.18102024,-0.3857675,0.195398,0.1504525,-0.4701225"
3,905,905,Left 4 Dead 2,550,really good game love zombie apocalypse game good luck,74,33.55,2026-03-01 23:18:17,"50,000,000 .. 100,000,000",['Valve'],['Valve'],['Action'],"['windows', 'linux']","['Single-player', 'Multi-player', 'PvP', 'Online PvP', 'Co-op', 'Online Co-op', 'Steam Achievements', 'Full controller support', 'Steam Trading Cards', 'Captions available', 'Steam Workshop', 'Camera Comfort', 'Color Alternatives', 'Custom Volume Controls', 'Adjustable Difficulty', 'Playable without Timed Input', 'Stereo Sound', 'Surround Sound', 'Steam Cloud', 'Valve Anti-Cheat enabled', 'Stats', 'Includes Source SDK', 'Commentary available', 'Remote Play on Phone', 'Remote Play on Tablet', 'Remote Play on TV', 'Remote Play Together', 'Family Sharing', 'Steam Timeline']","Nov 16, 2009",999.0,"0.05037567,0.23995402,0.71005446,-0.59726113,-0.4595958,0.34777147,0.15055688,-0.37395668,-0.21704546,-0.2821461,0.08056778,-0.10583206,0.11913112,-0.10323767,0.20621455,0.115651794,0.1949151,0.53699136,-0.2134822,0.7468019,0.21525289,0.046871223,-0.25788057,-0.21545602,0.431729,0.51988333,-0.20835355,-0.16870779,0.008381441,-0.23280446,-0.4319011,0.5356576,-0.08176889,-0.1558732,0.26810822,0.03541467,-0.50499445,0.2877933,-0.017489944,-0.3612008,0.00048477948,0.19206534,0.07701975,-0.3094722,-0.24667999,-0.20686126,0.008100007,-0.32025257,0.22073857,-0.77484107,-0.24690577,-0.1421681,0.026249668,0.6709733,0.062932454,-2.2671824,0.033818625,0.30761778,0.71415675,0.4884833,-0.32320282,0.81944776,-0.67721856,-0.2161091,0.48087057,0.082363896,0.3579294,0.06718945,-0.17576477,-0.1703701,0.08535599,-0.034728445,0.12911433,-0.06348923,0.07871444,0.41535223,-0.24779612,-0.055848002,-0.20369267,0.16108645,0.139853,0.30523154,-0.5398811,0.20453663,-1.2616456,0.011292226,-0.3043078,-0.25769466,-0.3720112,-0.32143635,-0.11063799,-0.011270206,0.07012178,0.17767668,-0.30296776,-0.4305367,-0.16287221,-0.18222111,0.23988432,0.35433736"
4,1289,1289,War Thunder,236390,love game piss unlike game,65,224.63333333333333,2024-01-15 07:27:11,"20,000,000 .. 50,000,000",['Gaijin Entertainment'],['Gaijin Network Ltd'],"['Action', 'Massively Multiplayer', 'Simulation', 'Free To Play']","['windows', 'mac', 'linux']","['Single-player', 'Multi-player', 'MMO', 'PvP', 'Online PvP', 'Co-op', 'Online Co-op', 'Cross-Platform Multiplayer', 'Steam Achievements', 'Full controller support', 'VR Supported', 'Steam Trading Cards', 'In-App Purchases', 'Adjustable Text Size', 'Camera Comfort', 'Color Alternatives', 'Custom Volume Controls', 'Playable without Timed Input', 'Stereo Sound', 'Surround Sound', 'Remote Play on Phone', 'Remote Play on Tablet']","Aug 15, 2013",,"-0.0522704,0.25895518,0.49881798,-0.545704,-0.26847,0.64943004,0.19640037,-0.156294,-0.3892424,-0.323942,0.1197298,-0.22734198,-0.0935758,0.0042619943,0.10273199,0.179482,0.228808,0.5785967,-0.266976,0.64713204,0.2604432,-0.058877803,-0.1404804,0.1322048,0.645376,0.24358399,-0.21709302,0.008635998,0.072698,-0.05482601,-0.30037,0.51288605,-0.044150792,0.049099606,0.090128586,0.017173003,-0.45957798,0.33181602,-0.21936998,-0.629982,0.17556462,0.02365081,0.06690912,-0.16191,-0.32498798,0.020060796,0.111885406,-0.23519358,0.2217282,-0.564098,-0.25936598,0.1447324,-0.0315224,0.588838,-0.101774,-2.087656,-0.034936618,0.0841732,0.93139,0.529158,-0.41521996,0.661218,-0.364618,-0.19538781,0.48129195,0.40366998,0.3186482,-0.12195281,-0.24231057,0.0015891909,-0.1013266,0.056732602,0.20694342,0.1420822,-0.064482674,0.35528222,-0.328846,-0.0743708,-0.084026,0.23835301,0.088358,0.024204,-0.608144,0.259524,-1.1221359,-0.102468014,-0.457489,-0.07254,-0.1606118,-0.23197503,-0.29031,-0.0946304,-0.0959846,0.11312799,-0.193524,-0.456304,-0.47464204,0.0423342,0.2221596,0.10313799"
5,1273,1273,War Thunder,236390,game good,9,1491.0166666666669,2024-05-04 01:46:20,"20,000,000 .. 50,000,000",['Gaijin Entertainment'],['Gaijin Network Ltd'],"['Action', 'Massively Multiplayer', 'Simulation', 'Free To Play']","['windows', 'mac', 'linux']","['Single-player', 'Multi-player', 'MMO', 'PvP', 'Online PvP', 'Co-op', 'Online Co-op', 'Cross-Platform Multiplayer', 'Steam Achievements', 'Full controller support', 'VR Supported', 'Steam Trading Cards', 'In-App Purchases', 'Adjustable Text Size', 'Camera Comfort', 'Color Alternatives', 'Custom Volume Controls', 'Playable without Timed Input', 'Stereo Sound', 'Surround Sound', 'Remote Play on Phone', 'Remote Play on Tablet']","Aug 15, 2013",,"0.015945002,0.0729665,0.83054495,-0.639095,-0.65422,0.35666,0.536738,-0.287955,-0.71511495,-0.35589498,-0.047042005,-0.48339,-0.0039549917,-0.2860455,0.1917,0.219944,0.137454,0.496283,-0.36716002,0.81509006,0.103038,0.21007898,-0.157949,0.044965,0.738895,0.070714995,-0.32423,-0.08421999,-0.21039,-0.031844996,-0.59705,0.824505,-0.054749995,-0.1407205,0.396365,-0.010554999,-0.88996,0.541645,-0.4287049,-0.53751504,0.3618575,-0.182345,0.31505,-0.372755,-0.31987,-0.137929,0.212378,-0.603385,0.2749895,-1.139635,-0.14137,-0.22112949,-0.105358005,0.91262496,0.215412,-2.95985,0.112975,0.123225,1.46935,0.669415,-0.754035,0.57080495,-0.93236,-0.037218,0.51108503,0.0537705,0.503995,0.1917995,-0.27820998,-0.045755,0.059635006,0.0213485,0.41366,-0.234264,0.32904997,0.44252,-0.46427,-0.051064998,-0.221815,0.301375,0.46723002,0.323525,-0.92569,0.094115,-1.5659499,0.061,-0.2844985,-0.051810503,-0.30763248,-0.27818,-0.2238995,-0.11467999,-0.167704,0.16517,-0.46024,-0.19052501,-0.43837,-0.033759996,0.531825,0.51685405"
6,938,938,Left 4 Dead 2,550,best game play full group stacked workshop mod every month,82,8.916666666666666,2026-03-01 10:05:27,"50,000,000 .. 100,000,000",['Valve'],['Valve'],['Action'],"['windows', 'linux']","['Single-player', 'Multi-player', 'PvP', 'Online PvP', 'Co-op', 'Online Co-op', 'Steam Achievements', 'Full controller support', 'Steam Trading Cards', 'Captions available', 'Steam Workshop', 'Camera Comfort', 'Color Alternatives', 'Custom Volume Controls', 'Adjustable Difficulty', 'Playable without Timed Input', 'Stereo Sound', 'Surround Sound', 'Steam Cloud', 'Valve Anti-Cheat enabled', 'Stats', 'Includes Source SDK', 'Commentary available', 'Remote Play on Phone', 'Remote Play on Tablet', 'Remote Play on TV', 'Remote Play Together', 'Family Sharing', 'Steam Timeline']","Nov 16, 2009",999.0,"-0.1179935,0.3423978,0.19371004,-0.28350458,-0.0229902,0.333476,0.3068072,0.3252047,-0.43559235,0.1520178,0.3069758,-0.347935,0.100353815,-0.010571992,-0.032206297,0.113019705,0.18626945,0.14652403,-0.2571026,0.1580556,0.20256582,-0.1303717,0.16899762,-0.045409,0.35156003,-0.24742942,-0.0015341074,-0.117102005,-0.0194886,0.074774906,-0.33209798,0.33602,-0.08627681,0.032162,0.22646001,0.1702996,-0.2435567,0.33539075,-0.18257229,-0.35217902,0.098939024,-0.0490715,0.0959215,-0.08119859,0.048275903,-0.11806309,-0.1635154,-0.2133516,0.027224997,-0.5962376,-0.12011222,-0.24693432,-0.015560511,0.83598804,-0.23730168,-2.0112047,-0.23072438,-0.057832647,1.3359411,0.5935527,-0.27126575,0.50050503,-0.45271903,0.059049018,0.46648425,0.046568416,0.20618021,0.31985188,-0.01296819,-0.010677805,0.1983738,-0.049045093,-0.059569884,-0.1754408,-0.053415995,0.185732,-0.3112145,-0.14440246,-0.4922203,-0.019555401,0.307736,0.0159396,-0.26991948,0.103210494,-1.0621982,-0.15743801,-0.035307,-0.11528273,-0.0540514,-0.030087149,-0.09588701,0.122545995,-0.076908804,0.063807994,-0.219793,-0.13635972,-0.17771173,-0.0010432005,0.69032705,0.25528297"
7,1731,1731,Terraria,105600,mod,4,141.06666666666666,2026-03-01 21:45:46,"20,000,000 .. 50,000,000",['Re-Logic'],['Re-Logic'],"['Action', 'Adventure', 'Indie', 'RPG']","['windows', 'mac', 'linux']","['Single-player', 'Multi-player', 'PvP', 'Online PvP', 'Co-op', 'Online Co-op', 'Steam Achievements', 'Full controller support', 'Steam Trading Cards', 'Steam Cloud', 'Remote Play on Phone', 'Remote Play on Tablet', 'Remote Play on TV', 'Family Sharing']","May 16, 2011",999.0,"-0.73071,0.29515,-0.49929,-0.2668,-1.255,0.2329,0.40556,-0.10982,0.30753,1.2754,1.0492,-0.55192,-0.55134,0.5425,0.53011,0.24195,-0.0025656,0.13998,-0.22217,0.84479,0.35144,-0.23223,-0.11566,-0.40002,-0.40088,0.77331,1.1375,-0.14537,-0.58381,0.27361,-0.14992,0.2951,-1.0297,0.16916,0.53763,0.63279,-0.19161,0.2606,0.013992,-0.51741,0.78298,-0.079833,-0.060557,0.47016,0.49831,-0.61187,-0.19897,0.46567,0.36339,0.048301,0.43633,-0.46298,-0.041908,0.25888,-0.82023,-0.26527,-0.62995,0.40394,0.31439,0.88535,0.17711,-0.35175,-0.79366,0.45338,0.72043,0.19304,-0.6308,-0.020535,0.014508,0.16656,0.66403,0.0035811,-0.030036,-0.22681,0.19739,-0.53282,-0.097669,0.34343,-0.52414,-0.48676,-0.32349,-0.37613,1.0007,0.34363,0.22874,0.10919,-0.17461,0.0090027,-0.23485,0.66458,-0.10254,0.64811,-0.55416,0.10655,0.50944,-1.1157,-0.1449,-0.085801,-0.14171,0.0085436"
8,65,65,Counter-Strike: Global Offensive,730,good game,14,938.3666666666668,2026-03-01 23:08:40,"100,000,000 .. 200,000,000",['Valve'],['Valve'],"['Action', 'Free To Play']","['windows', 'linux']","['Multi-player', 'Cross-Platform Multiplayer', 'Steam Trading Cards', 'Steam Workshop', 'In-App Purchases', 'Adjustable Text Size', 'Camera Comfort', 'Color Alternatives', 'Custom Volume Controls', 'Playable without Timed Input', 'Stereo Sound', 'Surround Sound', 'Valve Anti-Cheat enabled', 'Stats', 'Remote Play on Phone', 'Remote Play on Tablet', 'Remote Play on TV', 'Steam Timeline']","Aug 21, 2012",,"0.015945002,0.0729665,0.83054495,-0.639095,-0.65422,0.35666,0.536738,-0.287955,-0.71511495,-0.35589498,-0.047042005,-0.48339,-0.0039549917,-0.2860455,0.1917,0.219944,0.137454,0.496283,-0.36716002,0.81509006,0.103038,0.21007898,-0.157949,0.044965,0.738895,0.070714995,-0.32423,-0.08421999,-0.21039,-0.031844996,-0.59705,0.824505,-0.054749995,-0.1407205,0.396365,-0.010554999,-0.88996,0.541645,-0.4287049,-0.53751504,0.3618575,-0.182345,0.31505,-0.372755,-0.31987,-0.137929,0.212378,-0.603385,0.2749895,-1.139635,-0.14137,-0.22112949,-0.105358005,0.91262496,0.215412,-2.95985,0.112975,0.123225,1.46935,0.669415,-0.754035,0.57080495,-0.93236,-0.037218,0.51108503,0.0537705,0.503995,0.1917995,-0.27820998,-0.045755,0.059635006,0.0213485,0.41366,-0.234264,0.32904997,0.44252,-0.46427,-0.051064998,-0.221815,0.301375,0.46723002,0.323525,-0.92569,0.094115,-1.5659499,0.061,-0.2844985,-0.051810503,-0.30763248,-0.27818,-0.2238995,-0.11467999,-0.167704,0.16517,-0.46024,-0.19052501,-0.43837,-0.033759996,0.531825,0.51685405"
9,1323,1323,Monster Hunter Wilds,2246340,box kiss,12,30.15,2026-03-01 13:55:36,"20,000,000 .. 50,000,000","['CAPCOM Co., Ltd.']","['CAPCOM Co., Ltd.']","['Action', 'Adventure', 'RPG']",['windows'],"['Single-player', 'Multi-player', 'Co-op', 'Online Co-op', 'Cross-Platform Multiplayer', 'Steam Achievements', 'Full controller support', 'Steam Trading Cards', 'Adjustable Text Size', 'Camera Comfort', 'Color Alternatives', 'Custom Volume Controls', 'Keyboard Only Option', 'Stereo Sound', 'Subtitle Options', 'Surround Sound', 'Steam Cloud', 'HDR available', 'Family Sharing']","Feb 27, 2025",6999.0,"-0.051635005,0.104404,0.3991105,-0.28776,0.258135,0.700095,-0.080439,-0.010365009,0.0997545,-0.49122,0.42839003,-0.154806,0.0055899993,0.733325,0.3508865,0.394395,0.42277503,0.259845,0.28429848,0.23438999,0.18050501,0.04559999,-0.506015,-0.21197,0.779815,0.51867497,0.119004995,0.24413,0.575695,-0.491395,0.32901502,0.58736503,0.80114,0.65883994,0.27896,0.078360006,-0.03175001,0.13587001,0.263525,-0.494145,0.326995,-0.26056498,-0.35275,-0.285485,0.01978001,-0.23687,-0.617545,-0.21773,-0.178505,-0.43211,-0.053525,0.13305,0.084939994,0.74337,-0.10606849,-1.94665,-0.59858,0.674105,0.90972,-0.108095005,0.36449,0.863395,-0.299408,0.124524996,7.9996884e-05,-0.220731,0.429385,0.31865,-0.36423,-0.49319,-0.167715,0.12929499,0.375175,-0.10724,-0.146715,0.26764,-0.025185004,0.01625,-0.117791,0.30290526,-0.193719,0.051977,0.35157996,0.02798,-0.73731,-0.3567785,0.343864,-0.17818502,-0.40569,0.47613502,-0.18291,0.35560852,0.15132,0.20555499,-0.088175,-0.40241498,-0.18349999,0.27799448,0.572635,-0.10124001"
10,56,56,Counter-Strike: Global Offensive,730,valve plus anti cheat,20,121.35,2026-03-01 23:34:47,"100,000,000 .. 200,000,000",['Valve'],['Valve'],"['Action', 'Free To Play']","['windows', 'linux']","['Multi-player', 'Cross-Platform Multiplayer', 'Steam Trading Cards', 'Steam Workshop', 'In-App Purchases', 'Adjustable Text Size', 'Camera Comfort', 'Color Alternatives', 'Custom Volume Controls', 'Playable without Timed Input', 'Stereo Sound', 'Surround Sound', 'Valve Anti-Cheat enabled', 'Stats', 'Remote Play on Phone', 'Remote Play on Tablet', 'Remote Play on TV', 'Steam Timeline']","Aug 21, 2012",,"-0.12497924,0.2588475,0.22380249,-0.55188,0.0412125,0.1960175,0.007649988,0.17386499,-0.059007496,0.201375,0.181721,0.19009,-0.26280499,0.1775385,-0.002257757,0.14890501,0.1283825,-0.289405,-0.101392254,-0.2667865,0.29368502,-0.20145476,-0.3205905,-0.109187245,0.20026776,0.0163025,-0.32651,-0.2225725,0.07341474,0.06611999,0.32541502,0.5394425,-0.15228751,-0.05312249,0.287805,0.2733525,0.17615776,0.083522476,0.0841575,0.005939994,-0.1723249,-0.080633014,0.07422,-0.5858125,0.123847514,-0.0739245,-0.114395015,-0.47675747,-0.3615025,-0.2027395,-0.14210999,0.43896875,-0.2163475,0.41512752,-0.319305,-1.1138728,0.21180123,0.12022999,1.208835,0.16687253,0.034233,0.045850243,0.029250003,0.48002577,0.29086548,0.313321,0.25047424,-0.26094723,0.2002025,-0.35614625,-0.10942748,-0.16360776,-0.086915,0.039865017,-0.21123749,0.021644987,0.32458937,0.18056025,-0.14998502,-0.08269126,0.7858775,-0.23296252,-0.3905625,-0.17084251,-1.0734075,0.30394548,0.23038498,0.17586376,-0.28207,0.2020475,-0.35684502,0.10723676,-0.092778504,-0.110291235,0.43347,0.098840505,-0.034064002,-0.18807225,0.69746256,-0.105862"
11,1292,1292,War Thunder,236390,best game ever,14,1382.6833333333334,2024-01-01 21:15:08,"20,000,000 .. 50,000,000",['Gaijin Entertainment'],['Gaijin Network Ltd'],"['Action', 'Massively Multiplayer', 'Simulation', 'Free To Play']","['windows', 'mac', 'linux']","['Single-player', 'Multi-player', 'MMO', 'PvP', 'Online PvP', 'Co-op', 'Online Co-op', 'Cross-Platform Multiplayer', 'Steam Achievements', 'Full controller support', 'VR Supported', 'Steam Trading Cards', 'In-App Purchases', 'Adjustable Text Size', 'Camera Comfort', 'Color Alternatives', 'Custom Volume Controls', 'Playable without Timed Input', 'Stereo Sound', 'Surround Sound', 'Remote Play on Phone', 'Remote Play on Tablet']","Aug 15, 2013",,"0.107313,0.33307102,0.8557634,-0.37455395,-0.10498633,0.23004268,0.47061667,-0.283731,-0.57110465,-0.09589969,0.22182201,-0.40775666,-0.04840399,-0.281508,-0.14582334,0.20649868,0.4308,0.49386668,-0.40398335,0.6514333,0.31435335,0.18471932,0.045132667,-0.02678,0.7838467,-0.19875668,-0.155877,-0.21582,0.18644333,-0.11378,-0.49517664,0.6126633,0.15044333,0.147023,0.5255833,0.027277669,-0.89867,0.44061998,-0.55063665,-0.36156335,0.117963344,0.11044001,0.12766732,-0.13305433,-0.00899667,0.172014,0.36386666,-0.76911,0.32662666,-1.0411167,-0.11453334,-0.165893,0.13839,1.05305,0.18132333,-2.6616335,-0.182688,0.31404334,1.2035333,0.7010363,-0.6670633,0.8122933,-0.61789334,0.077702664,0.75269336,-0.16736,0.33056334,0.260653,-0.18741699,0.06043333,0.23616333,0.0034516752,-0.09673666,0.25513402,-0.008980006,0.23829667,-0.60213333,-0.29578668,-0.320181,0.14947666,0.31398332,0.20369135,-0.65368336,0.07061999,-1.5955,-0.17807667,-0.22009434,-0.24373333,-0.034257,-0.29659334,-0.250005,0.116372325,-0.11094668,-0.11411334,-0.37217999,0.110899985,-0.47544003,0.10691666,0.63381,0.296388"
12,1118,1118,Lost Ark,1599340,addicted cant stop playing,36,16997.7,2026-02-06 16:55:01,"50,000,000 .. 100,000,000",['Smilegate RPG'],['Amazon Game Studios'],"['Action', 'Adventure', 'Massively Multiplayer', 'RPG', 'Free To Play']",['windows'],"['Single-player', 'Multi-player', 'MMO', 'PvP', 'Online PvP', 'Co-op', 'Online Co-op', 'Steam Achievements', 'In-App Purchases', 'Adjustable Text Size', 'Camera Comfort', 'Color Alternatives', 'Custom Volume Controls', 'Keyboard Only Option', 'Playable without Timed Input', 'Save Anytime', 'Partial Controller Support']","Feb 11, 2022",,"0.27562502,-0.1065875,0.2073475,-0.33888674,-0.37565675,0.56272495,-0.40214,0.22877924,0.24436252,-0.11216924,0.15907724,-0.2506658,-0.20631449,0.06318775,0.10928826,-0.189589,0.033925258,0.1458295,-0.03518775,0.38910577,0.2771945,0.440865,0.11248925,-0.30813,-0.068975255,0.2510925,-0.1200825,-0.51981246,0.6588475,0.244207,-0.3137025,0.52478504,0.3079625,-0.038932506,0.1728925,-0.0887525,-0.30265248,0.055645004,0.4844625,0.022741005,-0.20122,0.25419,0.00075025856,-0.2616674,-0.002099,0.1558295,0.1439975,-0.34238,-0.079202496,-0.5069425,-0.34029996,0.05610975,-0.17080624,0.5654318,-0.105913244,-1.1758626,-0.22284,-0.14574826,0.4808775,0.123578236,0.0793425,0.28099498,-0.35143796,-0.26416105,0.12248474,0.2963259,0.77925,0.0120875165,-0.2677075,-0.26938748,-0.1479225,-0.4631975,0.19629501,-0.009372495,-0.321494,-0.109548,-0.039673004,0.19959001,-0.17161626,-0.15135375,0.5182543,-0.365715,-0.5265375,0.21831092,-0.97904503,-0.005290255,-0.2967825,-0.09295875,-0.7769925,-0.2206535,-0.5815425,0.1147525,0.044277504,-0.25181752,-0.15505499,-0.43880755,-0.1095075,-0.220045,0.12578501,0.1738375"
13,584,584,Call of Duty: Modern Warfare II,1938090,cod slop,8,110.96666666666668,2026-02-27 03:42:48,"50,000,000 .. 100,000,000","['Treyarch', 'Raven Software', 'Beenox', 'High Moon Studios', 'Sledgehammer Games', 'Infinity Ward', 'Activision Shanghai', 'Demonware']",['Activision'],['Action'],['windows'],"['Single-player', 'Multi-player', 'PvP', 'Online PvP', 'Co-op', 'Online Co-op', 'Cross-Platform Multiplayer', 'Steam Achievements', 'Captions available', 'In-App Purchases', 'Adjustable Text Size', 'Camera Comfort', 'Color Alternatives', 'Custom Volume Controls', 'Playable without Timed Input', 'Stereo Sound', 'Subtitle Options', 'Surround Sound', 'Partial Controller Support', 'HDR available']","Oct 27, 2022",,"-0.36477,0.75232506,0.25163502,-0.80435,-0.34592,-0.23534,0.11213999,0.28445,-0.55379,-0.291039,-0.81246,0.574775,-0.242255,0.26823503,0.12143499,-0.222635,0.024320006,-0.29282498,0.203344,-0.25532,0.23710999,0.356645,0.3159655,-0.60932,0.21643999,0.780285,-0.75889504,-0.15278003,-0.11937,-0.40850502,0.0343825,-0.429335,-0.296965,0.40247,-0.283495,0.19867949,-0.23006551,0.069692,0.164935,-0.62931,-0.20898,-0.44113997,-0.596185,-0.401673,0.0049650073,0.28463,0.24283001,-0.3283,-0.12712601,0.465625,-0.27241,0.49917,-0.082716495,-0.2268,-1.04495,-0.30125,0.027339995,-0.100339994,0.23431349,0.36708298,-0.1437115,0.12748599,0.091316,0.061999977,0.2847495,0.23998,0.1070085,-0.66361,0.319827,-0.3173745,-0.30193502,-0.1766515,0.801,0.204287,-0.81515497,-0.19045499,-0.5075085,-0.03265001,0.0953235,0.37765998,-0.112517506,-0.410089,0.14754,0.39805502,0.1403125,-0.200793,0.42499,0.010168999,-0.10208,0.133367,0.06671501,0.114496,0.011860013,-0.075203,-0.14541501,-0.253631,0.3823965,0.3588765,0.033439994,0.024130002"
14,374,374,Palworld,1623730,catch pal pal,31,171.48333333333332,2026-02-28 01:22:09,"50,000,000 .. 100,000,000",['Pocketpair'],['Pocketpair'],"['Action', 'Adventure', 'Indie', 'RPG', 'Early Access']",['windows'],"['Single-player', 'Multi-player', 'Co-op', 'Online Co-op', 'Cross-Platform Multiplayer', 'Steam Achievements', 'Full controller support', 'Steam Trading Cards', 'Steam Workshop', 'Steam Cloud', 'Family Sharing']","Jan 18, 2024",2999.0,"0.14541332,-0.38152334,0.49030665,-0.264748,-0.26357335,-0.44248,-0.36697337,0.105576664,-0.27005997,-0.053853333,0.009386,0.29457,0.037721004,0.13858667,0.18574601,-0.26547667,0.20318902,-0.12606667,0.4876,0.7539833,0.024806658,0.20180298,0.20390467,0.077536665,0.51221997,0.20538335,-0.27426198,-0.15492667,0.37957665,0.03464666,-0.15528335,0.7739267,0.15392767,0.41563335,0.26323667,0.47217664,0.026560009,0.34992,0.54954666,-0.38548997,-0.059775334,0.145729,0.31888667,0.002913336,-0.22776,0.19254333,-0.15148668,-0.30987668,-0.194548,0.06350335,-0.64250666,0.23955865,-0.16084,0.67960334,0.37520334,-0.8577401,-0.29764065,0.47990334,1.0406934,0.168624,0.19209667,0.38616332,-0.02555333,0.066528,0.19872999,0.18379669,0.30898002,0.6336066,0.31212667,0.094354,-0.31221,-0.29987,0.36571,-0.3827707,-0.09747533,0.09555667,-0.34441134,0.4169167,-0.0048666797,0.40307665,-0.17364001,-0.59695673,0.15459667,-0.54081,-0.83706665,0.22381331,-0.08551999,0.17858332,-0.23888002,0.21208799,0.082010664,0.6774767,-0.010133666,-0.48842,-0.07350001,0.033120003,0.111513324,0.36437,-0.28561768,-0.38280168"
15,275,275,PUBG: BATTLEGROUNDS,578080,best,8,2583.95,2026-02-19 07:23:44,"100,000,000 .. 200,000,000",['PUBG Corporation'],"['KRAFTON, Inc.']","['Action', 'Adventure', 'Massively Multiplayer', 'Free To Play']",['windows'],"['Multi-player', 'PvP', 'Online PvP', 'Stats', 'Remote Play on Phone', 'Remote Play on Tablet']","Dec 21, 2017",,"0.13888,0.19703,0.69614,-0.25245,0.2782,-0.10279,0.26171,-0.57924,-0.93722,0.017069,0.29262,-0.67892,-0.097272,-0.23248,-0.37739,0.16118,0.78744,-0.13034,-0.12699,1.1908,0.40643,0.11293,0.28953,-0.10428,0.54434,-0.13944,-0.048211,-0.65372,0.16007,-0.36869,-0.56376,0.70947,0.16094,0.27678,0.60225,0.3836,-0.70038,0.60794,-0.44648,-0.22266,0.13861,0.41984,-0.085878,-0.1451,0.17952,0.10576,-0.20552,-0.96015,-0.11284,-0.94588,-0.37931,-0.23826,0.079936,1.2409,-0.11473,-2.7002,0.083296,0.69937,1.022,0.041489,-0.45182,1.0464,-0.44516,0.43409,1.0255,-0.54286,0.5358,0.55499,0.10994,-0.19371,0.26765,0.37448,-0.12293,0.28966,0.2591,0.13827,-0.66627,-0.26686,-0.043653,-0.45594,0.21608,0.40072,-0.36511,-0.17381,-1.5461,-0.1422,-0.12385,-0.10278,-0.15602,-0.38509,-0.25157,0.16111,0.2244,-0.25486,-0.76973,0.45426,-0.39922,-0.41385,0.72304,0.88176"
16,746,746,Black Myth: Wukong,2358720,wish middle option game much potential manage grab know people love journey west great story deus capture essence thing love chinese culture journal entry character combat linearity soul like come back undermine narrative combat feel light weightless never quite sure dodging attack heavy attack feel wrong linearity forgivable ellen ring fan find boxed set path boring challenging pacing dictated deus personal opinion game flow rather mine ellen ring like gothic risen brutal difficulty curve soul spawn instead reloading old save would strongly recommend anyone love soul game want like monkey show,963,7.783333333333333,2026-03-01 00:06:50,"50,000,000 .. 100,000,000",['Game Science'],['Game Science'],"['Action', 'Adventure', 'RPG']",['windows'],"['Single-player', 'Steam Achievements', 'Full controller support', 'Steam Trading Cards', 'Playable without Timed Input', 'Stereo Sound', 'Surround Sound', 'Steam Cloud', 'Family Sharing']","Aug 19, 2024",5999.0,"-0.05600767,0.24730079,0.35490334,-0.12400826,-0.06620458,0.2692082,-0.15331738,-0.068361625,0.02547359,-0.019849036,-0.04562906,0.040905323,0.16689758,-0.03582364,0.02472823,-0.09131483,0.033653844,0.17406112,-0.21961021,0.29129398,0.3103287,-0.07732705,-0.0675871,-0.16022845,0.22713701,0.20249568,-0.1398695,-0.28235754,0.14633562,-0.09819244,-0.11374326,0.24000128,-0.03832988,-0.06321491,0.12375677,0.061092954,-0.09252461,0.06417379,0.07283044,-0.21441515,-0.23163392,-0.066581026,0.06288073,-0.20815642,-0.13260543,6.598038e-05,0.07036471,-0.11174797,0.045837097,-0.52714497,0.046368808,0.050879862,0.093328014,0.77059436,0.08307701,-1.7015569,0.103883125,-0.011257204,1.0515047,0.28478587,-0.08987728,0.62929505,-0.2612878,-0.07628596,0.55932105,0.048391256,0.37105402,0.06685028,-0.058305237,-0.15497135,0.053259593,-0.17803113,-0.0029781447,-0.107513815,0.08774813,0.044202793,-0.063664205,-0.029431222,-0.3853068,-0.052037418,0.1997544,0.097919405,-0.38989863,0.07521276,-0.9992787,-0.049059402,-0.08429906,-0.14767575,-0.20842989,-0.23842585,-0.08360798,0.0063881483,0.017071145,0.020445712,-0.20066215,-0.15747026,-0.2452911,-0.25592682,0.2595748,0.23390906"
17,128,128,Apex Legends,1172470,node good game,15,1111.3333333333333,2025-06-05 16:35:39,"100,000,000 .. 200,000,000",['Respawn'],['Electronic Arts'],"['Action', 'Adventure', 'Free To Play']",['windows'],"['Multi-player', 'PvP', 'Online PvP', 'Co-op', 'Online Co-op', 'Steam Achievements', 'Full controller support', 'Steam Trading Cards', 'In-App Purchases', 'Chat Speech-to-text', 'Playable without Timed Input']","Nov 4, 2020",,"-0.18563665,0.307501,0.50772333,-0.33147332,-0.22989999,0.25240934,0.19909532,-0.093676664,-0.18204665,-0.046170007,0.07607533,-0.14257,0.05796667,-0.022910336,0.26980665,0.125007,0.0015193274,0.44807866,-0.053263336,0.59161335,-0.38694134,-0.09079734,-0.342706,0.14547333,0.61985,0.12184333,0.21274668,0.06303334,-0.004223337,-0.15428333,-0.24951999,0.70684004,0.38783336,-0.010953669,0.4347767,0.08916668,-0.6773367,0.37276033,-0.2153766,-0.41104332,0.26012066,0.050159995,0.27189335,-0.34910998,-0.19651401,0.24234731,0.260642,-0.35215998,0.17830634,-0.48222336,-0.040946666,-0.100866325,-0.065737,0.81291336,-0.11491532,-2.13716,-0.06645,0.16965334,1.2824467,0.68343,-0.45078668,0.18696332,-0.5555933,0.033004664,0.57841337,0.29248035,0.28513,0.006376332,0.14288002,-0.023843328,-0.36394334,0.038077667,0.291038,-0.42958263,0.51613003,0.2687433,-0.27715433,-0.19144,-0.19450001,0.1984852,0.039716672,0.16426335,-1.1073934,0.17941333,-1.1748466,0.15228,0.14920099,0.051093,0.050801665,-0.11055335,-0.55076635,0.32394668,-0.05452934,0.27381,-0.22692001,-0.20362668,-0.0051433444,-0.3549167,0.4223567,0.25529268"
18,1646,1646,ELDEN RING,1245620,game worth buck,25,84.38333333333334,2026-03-01 14:54:24,"20,000,000 .. 50,000,000","['FromSoftware, Inc.']","['FromSoftware, Inc.', 'Bandai Namco Entertainment']","['Action', 'RPG']",['windows'],"['Single-player', 'Multi-player', 'PvP', 'Online PvP', 'Co-op', 'Online Co-op', 'Steam Achievements', 'Full controller support', 'Steam Trading Cards', 'Camera Comfort', 'Custom Volume Controls', 'Playable without Timed Input', 'Save Anytime', 'Stereo Sound', 'Surround Sound', 'Steam Cloud', 'Family Sharing']","Feb 24, 2022",5999.0,"0.28125966,0.3385333,0.4518133,-0.56991667,-0.15197332,0.13843334,0.38901433,0.059433337,-0.21600299,-0.5987733,0.18832535,-0.26064333,-0.24608667,-0.27009168,0.14051667,-0.3206367,0.30887,0.62694335,-0.24686866,0.6145434,0.42488334,0.117966324,-0.342306,-0.010867993,0.6603167,0.13547666,-0.107200004,-0.17428334,-0.020136675,-0.12119115,-0.30070335,0.48284867,0.18135,-0.024333665,0.08837199,-0.093616664,-0.63864,0.19558866,-0.1607833,-0.36056003,0.5033867,-0.32187,0.037674997,-0.11096666,-0.26091,0.12067166,0.00022666653,-0.69500333,-0.04872333,-0.6949499,0.05969665,-0.22230633,0.25090465,0.38989165,0.021646673,-1.9127334,-0.18664956,-0.30094668,1.2493634,0.62899333,-0.046976674,0.47006667,-0.55982727,0.06703933,0.013906677,-0.09574,0.55837,0.28340635,-0.06764333,0.28037664,-0.15345366,0.184078,-0.28008667,0.04252733,-0.078991674,0.26882002,-0.54263335,0.41201332,-0.6812467,0.64831334,0.2619147,0.17952101,-0.5770507,-0.26600668,-0.75864667,0.1470115,-0.19707668,-0.29282334,-0.10191033,-0.22399066,-0.38497734,-0.0368682,-0.06969667,-0.41950703,-0.5173467,-0.21095334,-0.22577333,-0.007225666,0.7722466,0.06786233"
19,1852,1852,Path of Exile 2,2694490,loooovvvveeeeedddddddd poe man game run like instance like break lag happen lot not connection fiber hope work lot right diabolo make game seem like,220,53.21666666666667,2026-02-27 06:13:12,"20,000,000 .. 50,000,000",['Grinding Gear Games'],['Grinding Gear Games'],"['Action', 'Adventure', 'Massively Multiplayer', 'RPG', 'Early Access']",['windows'],"['Single-player', 'Multi-player', 'MMO', 'Co-op', 'Online Co-op', 'Full controller support', 'HDR available']","Dec 6, 2024",2999.0,"-0.03687829,0.37408355,0.2982873,-0.36728945,-0.096801385,0.091506965,-0.08330253,-0.013257873,-0.111184806,-0.18214162,-0.039270084,-0.024400651,0.1079126,-0.001546712,0.066234194,-0.10337139,0.012200169,0.41575158,-0.25142,0.42972744,0.22600989,0.113072775,0.021914925,-0.1394888,0.2542165,0.079939865,-0.17399232,-0.37067342,0.049979784,-0.13468042,-0.12908056,0.4290367,0.056090914,-0.1557153,0.13713507,0.2129371,-0.18768267,0.21658085,0.068105765,-0.15291321,-0.060300995,-0.077196695,0.02488722,-0.35916516,-0.3577583,-0.11326319,0.2820065,-0.26478505,0.08961658,-0.65579563,-0.023340086,-0.018238047,0.042859264,0.80619645,0.029830871,-1.9766363,-0.052067082,0.08692688,1.299693,0.50874215,-0.3159156,0.7462626,-0.2976957,0.010342428,0.6034972,0.21425046,0.53827494,0.16012405,-0.14325337,-0.15745203,-0.035882693,-0.15149824,0.012296635,-0.27811244,0.14973558,0.016518349,-0.02394774,-0.103513926,-0.41364467,0.08787592,0.3871211,-0.060748037,-0.5111634,0.06647097,-1.3516048,-0.04898179,-0.10916093,0.030341499,-0.30537343,-0.29101536,-0.049329653,-0.14460024,-0.08750203,-0.11125382,-0.34163687,-0.22633128,-0.0891074,-0.30601424,0.36035842,0.21495883"
20,674,674,New World: Aeternum,1063730,amazing game fun playing solo friend,51,278.28333333333336,2026-02-12 21:56:04,"50,000,000 .. 100,000,000",['Amazon Game Studios'],['Amazon Game Studios'],"['Action', 'Adventure', 'Massively Multiplayer', 'RPG']",['windows'],"['Multi-player', 'MMO', 'PvP', 'Online PvP', 'Co-op', 'Online Co-op', 'Steam Achievements', 'In-App Purchases', 'Adjustable Text Size', 'Camera Comfort', 'Chat Speech-to-text', 'Chat Text-to-speech', 'Color Alternatives', 'Custom Volume Controls', 'Keyboard Only Option', 'Playable without Timed Input', 'Save Anytime', 'Stereo Sound', 'Subtitle Options', 'Surround Sound', 'Partial Controller Support']","Sep 28, 2021",,"-0.023366837,0.09183849,0.42733765,-0.39420763,0.065250516,0.54529315,0.33150148,0.19047666,-0.38702527,-0.23120916,0.26446635,-0.40808833,-0.15791933,-0.16206335,0.04185265,0.11342916,0.0929026,0.43242493,-0.11629518,0.805155,0.34311965,0.26588884,-0.09370833,-0.25228405,0.6850567,0.2446,-0.41304,-0.28591934,0.40218198,0.170155,-0.9055255,0.5399233,0.13710718,0.0024398218,0.17404449,-0.049976666,-0.48510197,0.2798213,-0.0142019885,-0.48665166,0.26465666,0.28311715,0.31278786,0.0020742367,-0.13028498,0.05123551,0.039850324,-0.46431115,0.28593615,-0.7301783,-0.24256684,0.023003673,0.12535067,0.5198133,0.18692817,-2.38005,-0.07326167,0.17026551,0.62608665,0.7462716,-0.31298003,0.8263667,-0.5464602,-0.10104533,0.31024066,-0.114929505,0.737165,0.11193899,-0.050146665,0.13125734,0.02146999,0.06178083,0.06659817,-0.16648564,0.028005162,0.4122192,-0.160497,-0.21871,0.098512,0.033954177,0.212575,0.2221545,0.04240331,-0.118033715,-1.2325851,-0.046921667,-0.23281334,-0.0917855,-0.39991912,-0.21961284,-0.2567337,0.15102516,0.30158666,-0.00895984,-0.20403416,-0.21594332,-0.8256917,-0.22438668,0.34564328,0.28277633"
21,1664,1664,ELDEN RING,1245620,game painful everyway possible game make fun,69,17.066666666666666,2026-03-01 09:36:15,"20,000,000 .. 50,000,000","['FromSoftware, Inc.']","['FromSoftware, Inc.', 'Bandai Namco Entertainment']","['Action', 'RPG']",['windows'],"['Single-player', 'Multi-player', 'PvP', 'Online PvP', 'Co-op', 'Online Co-op', 'Steam Achievements', 'Full controller support', 'Steam Trading Cards', 'Camera Comfort', 'Custom Volume Controls', 'Playable without Timed Input', 'Save Anytime', 'Stereo Sound', 'Surround Sound', 'Steam Cloud', 'Family Sharing']","Feb 24, 2022",5999.0,"-0.18797034,0.12471851,0.48129833,-0.43385848,-0.47928667,0.27019402,0.09202982,0.11228501,-0.17300616,-0.23209701,0.017566498,-0.14018966,-0.14305833,-0.23855583,0.3201631,0.25355986,-0.030087566,0.46175182,-0.34298334,0.51554817,0.24736834,-0.0046239994,-0.28086665,0.056098998,0.43309164,0.06544966,-0.22593665,0.0023956664,0.070520334,-0.034050167,-0.5948708,0.5114807,-0.15625967,-0.28088585,0.26470837,-0.02698133,-0.54693276,0.058367502,-0.36438063,-0.42442533,0.018225001,-0.09075103,0.15144399,-0.42241836,-0.48443666,0.21288107,0.45105484,-0.33007833,0.13424666,-0.8079467,0.14793816,-0.23688988,-0.013750668,0.73696,0.16627401,-2.3885,0.24379335,0.0078049996,1.34573,0.63857096,-0.631355,0.7970584,-0.50195,-0.10591517,0.7033816,-0.062604986,0.4118525,0.05284966,-0.37152168,-0.35076332,-0.0334954,-0.20594001,-0.04356967,-0.094891965,0.17809331,0.347082,-0.47412837,-0.08451217,-0.34523633,0.31125033,0.37333,0.10825116,-0.5272484,0.19109266,-1.5996499,0.06322483,-0.18847667,0.12973599,-0.28335166,-0.29750833,-0.12183866,0.25165334,-0.148405,-0.12679666,-0.25059265,-0.29764235,-0.250123,-0.08874167,0.6438549,0.185504"
22,1981,1981,Wallpaper Engine,431960,long time played game not say,63,33.31666666666667,2026-03-01 03:36:36,"20,000,000 .. 50,000,000",['Wallpaper Engine Team'],['Wallpaper Engine Team'],"['Casual', 'Indie', 'Animation & Modeling', 'Design & Illustration', 'Photo Editing', 'Utilities']",['windows'],"['Steam Achievements', 'Steam Trading Cards', 'Steam Workshop', 'Steam Workshop', 'Includes level editor']","Nov 16, 2018",499.0,"-0.14407733,0.20743518,0.36247668,-0.39180663,-0.46719834,0.23669334,0.061586495,0.17609,-0.37245333,-0.19798882,0.13242333,-0.079013325,0.216821,-0.087875545,0.027148997,-0.21301334,0.2339075,0.30269817,-0.43175492,0.27617145,0.33264834,0.21712966,0.16043472,0.09832332,0.39407334,-0.05870067,-0.33753216,-0.5438283,0.13669749,0.026872665,-0.24693997,0.66457665,0.02647317,-0.015417342,0.19626999,0.08066667,-0.23110463,0.51423,-0.14089568,-0.19285667,-0.25730816,-0.17257565,0.23276918,-0.18937151,-0.121964656,-0.25269252,0.512805,-0.6203683,0.23224334,-0.86696666,0.0246128,-0.19358265,0.18052065,1.10943,-0.0459305,-2.7054002,-0.16438712,-0.16179733,1.2868333,0.9325749,-0.505315,0.7333,-0.4300407,-0.08829916,0.73671,-0.014434993,0.52964336,0.37108266,-0.21296166,0.06930799,-0.03544183,-0.33975586,-0.019791333,-0.287323,0.018609336,-0.112880014,-0.3051777,-0.10424334,-0.7042543,0.0069806674,0.632955,-0.18343554,-0.55959016,0.020714005,-1.7155167,-0.12313666,-0.16734983,-0.00037908056,-0.23243016,-0.19092,-0.27098167,0.018221676,-0.28796333,-0.038670003,-0.5226783,-0.13964833,-0.39129338,-0.10746134,0.37324715,0.12728417"
23,1083,1083,Unturned,304930,wish mutilate,28,65.98333333333333,2023-02-26 23:08:41,"50,000,000 .. 100,000,000",['Smartly Dressed Games'],['Smartly Dressed Games'],"['Action', 'Adventure', 'Casual', 'Indie', 'Free To Play']","['windows', 'mac', 'linux']","['Single-player', 'Multi-player', 'PvP', 'Online PvP', 'LAN PvP', 'Co-op', 'Online Co-op', 'LAN Co-op', 'Steam Achievements', 'Steam Trading Cards', 'Steam Workshop', 'In-App Purchases', 'Camera Comfort', 'Custom Volume Controls', 'Adjustable Difficulty', 'Playable without Timed Input', 'Stereo Sound', 'Steam Cloud', 'Valve Anti-Cheat enabled', 'Stats', 'Includes level editor', 'Remote Play on Tablet']","Jul 7, 2017",,"-0.36045,-0.0027400106,0.03751,-0.147525,-0.316135,0.3235895,-0.53629,0.108531,0.60397,0.18773499,-0.06671,0.619335,0.473695,-0.082582995,-0.211169,-0.258975,0.224115,0.41868502,-0.828885,0.625265,0.00033000112,-0.626893,-0.347141,0.13163,-0.042414997,0.241785,-0.12584001,-0.204135,0.885005,-0.478665,0.108485,0.4679665,0.11345499,-0.45705998,-0.18932,0.14336999,-0.03819999,-0.2783435,-0.054325,-0.3059895,-0.34266502,0.0062699914,0.10288501,-0.13761501,-0.648175,-0.0775175,-0.0773015,0.077690005,-0.66040105,-0.951015,-0.35087502,0.40152502,-0.16872,0.33586502,0.16813749,-0.073849976,0.2793,-0.120713495,0.13068,-0.019644,-0.036140002,0.73017,-0.4160525,-0.43024,0.2621985,-0.029835,0.32944,0.59494996,-0.37094,-0.71495,0.28263,-0.30121,0.180805,-0.28754,-0.1529415,0.51164,0.028675005,0.026324995,0.201525,-0.010749996,-0.13796075,0.409155,-0.2150435,0.167155,-0.634737,0.007812,0.4757445,0.42365602,-0.03656,0.261964,-0.042589992,-0.2068935,0.90423,-0.001180008,-0.421849,-0.242495,-0.219929,0.04498501,-0.12441149,-0.018055007"
24,1922,1922,Wallpaper Engine,431960,wallpaper,9,6.333333333333333,2026-03-01 21:55:05,"20,000,000 .. 50,000,000",['Wallpaper Engine Team'],['Wallpaper Engine Team'],"['Casual', 'Indie', 'Animation & Modeling', 'Design & Illustration', 'Photo Editing', 'Utilities']",['windows'],"['Steam Achievements', 'Steam Trading Cards', 'Steam Workshop', 'Steam Workshop', 'Includes level editor']","Nov 16, 2018",499.0,"-0.27996,0.3613,-0.18932,-0.62537,0.54078,0.356,-0.22487,-0.29736,0.4686,0.60725,0.21254,0.013517,0.39841,-0.050847,0.30494,1.1075,-0.004146,-0.39948,0.59857,-0.76137,-0.83613,0.16235,0.86286,0.012208,0.75862,-0.37822,0.89121,-0.51234,-0.36634,-1.3988,-0.21777,0.045835,0.0194,-0.23626,0.14053,0.86385,-0.41332,-0.48871,0.59974,-1.0809,0.36638,-0.47935,-0.66333,0.13054,-0.65219,0.16534,-0.39247,0.5373,0.33005,-0.51952,-0.11867,0.30728,-0.25683,0.31814,-0.81996,-0.13299,-0.022104,0.31707,0.40191,0.13069,0.29091,0.47191,-0.15239,0.46385,0.58385,0.43118,1.1597,-0.070425,-0.35745,-0.34725,-0.33073,0.33448,0.32626,-0.24829,0.16195,0.061554,0.069447,0.69519,0.41104,0.29683,-0.34859,-0.62089,0.29823,0.83196,0.15209,-0.007776,0.28448,-0.83611,-0.36799,-0.25228,0.26954,-0.27132,0.76135,-0.43066,0.24269,-0.59112,-0.23691,0.095815,-0.106,0.13899"
25,99,99,Counter-Strike: Global Offensive,730,good anti cheat suck,33,93.78333333333332,2026-03-01 21:57:58,"100,000,000 .. 200,000,000",['Valve'],['Valve'],"['Action', 'Free To Play']","['windows', 'linux']","['Multi-player', 'Cross-Platform Multiplayer', 'Steam Trading Cards', 'Steam Workshop', 'In-App Purchases', 'Adjustable Text Size', 'Camera Comfort', 'Color Alternatives', 'Custom Volume Controls', 'Playable without Timed Input', 'Stereo Sound', 'Surround Sound', 'Valve Anti-Cheat enabled', 'Stats', 'Remote Play on Phone', 'Remote Play on Tablet', 'Remote Play on TV', 'Steam Timeline']","Aug 21, 2012",,"-0.147234,0.2689875,0.42545497,-0.67948747,-0.3943525,0.35711253,-0.347656,-0.19864002,-0.111407496,0.0313375,-0.08776249,0.13982251,-0.191365,0.16879575,0.082739994,0.10772951,0.50158453,0.048141494,-0.264415,0.21827102,0.47878397,0.16035023,-0.0934505,-0.105503,0.03697525,0.249825,-0.54185,-0.21346001,0.13116726,-0.075048745,0.18556501,0.518655,0.09913251,-0.14250249,0.17282999,0.209105,-0.085342996,-0.10253625,0.09065205,0.021165745,-0.36585474,0.055231996,-0.14704502,-0.6446375,-0.0967775,-0.034079507,0.025904,-0.33267,-0.280167,-0.599119,-0.23833248,0.33678752,-0.0266025,0.590615,-0.3003315,-1.1123415,0.3357935,0.34161526,1.1099875,-0.1915395,0.032524996,0.43865523,-0.4176625,0.11620725,0.415263,0.5633603,0.58069503,-0.022322252,0.17231375,-0.5491875,0.4807825,-0.43993527,0.09498249,-0.3095075,-0.32319748,0.15219724,0.03919688,-0.032806747,-0.24952501,0.0432335,0.787715,0.0022649989,-0.514665,-0.06539501,-1.0673525,-0.016035248,0.054688245,0.38654727,-0.4433275,0.050064996,-0.09534475,-0.1605225,0.100998,0.043998748,0.2799525,-0.19914974,-0.1939515,-0.14938176,0.11091001,0.44999754"
26,1179,1179,Lost Ark,1599340,badly designed game deus new gaming,56,118.58333333333331,2025-12-01 05:56:20,"50,000,000 .. 100,000,000",['Smilegate RPG'],['Amazon Game Studios'],"['Action', 'Adventure', 'Massively Multiplayer', 'RPG', 'Free To Play']",['windows'],"['Single-player', 'Multi-player', 'MMO', 'PvP', 'Online PvP', 'Co-op', 'Online Co-op', 'Steam Achievements', 'In-App Purchases', 'Adjustable Text Size', 'Camera Comfort', 'Color Alternatives', 'Custom Volume Controls', 'Keyboard Only Option', 'Playable without Timed Input', 'Save Anytime', 'Partial Controller Support']","Feb 11, 2022",,"-0.022993334,0.08446634,0.40205333,-0.29185966,0.0006233305,0.16240999,0.121759325,0.143358,0.020209998,0.11528001,-0.088925004,-0.33309832,0.090895,-0.31704065,0.03451167,0.03955766,0.32694998,0.38898864,-0.36406,0.28779402,0.31903335,-0.27238366,0.1679037,0.15194614,0.42106447,-0.38348165,-0.21784663,-0.044883322,-0.27699348,0.24992667,-0.028575832,0.40991834,-0.4111683,0.02319683,0.12510884,0.057692498,-0.27337566,0.0752335,-0.15118383,-0.3796917,0.22907698,-0.27698332,0.05941334,-0.1537675,-0.23083432,0.10770533,-0.10023499,0.0072233328,0.18728966,-0.29386333,-0.36096063,0.0416145,0.06801217,0.4081397,-0.00069699687,-2.0061483,0.0794865,0.038114503,1.08069,0.3509405,-0.500529,0.2619617,-0.28379408,0.20688166,0.05889501,0.028176164,0.016312504,0.103940494,0.120773666,0.036876496,0.272838,-0.057420503,0.025503665,-0.07407617,0.025838336,-0.27027014,-0.04931583,0.39370036,-0.45357433,0.13846667,0.35690168,-0.21744351,-0.307863,0.24689834,-0.9909684,0.011567998,-0.06631834,-0.28825855,-0.38458934,-0.397375,0.069550164,0.010101671,-0.06450667,0.010256335,0.14554831,-0.034213185,-0.36306664,0.0025273364,0.5823733,0.00048138574"
27,964,964,Left 4 Dead 2,550,good game no left dead yet,34,52.28333333333333,2026-03-01 00:58:13,"50,000,000 .. 100,000,000",['Valve'],['Valve'],['Action'],"['windows', 'linux']","['Single-player', 'Multi-player', 'PvP', 'Online PvP', 'Co-op', 'Online Co-op', 'Steam Achievements', 'Full controller support', 'Steam Trading Cards', 'Captions available', 'Steam Workshop', 'Camera Comfort', 'Color Alternatives', 'Custom Volume Controls', 'Adjustable Difficulty', 'Playable without Timed Input', 'Stereo Sound', 'Surround Sound', 'Steam Cloud', 'Valve Anti-Cheat enabled', 'Stats', 'Includes Source SDK', 'Commentary available', 'Remote Play on Phone', 'Remote Play on Tablet', 'Remote Play on TV', 'Remote Play Together', 'Family Sharing', 'Steam Timeline']","Nov 16, 2009",999.0,"-0.12109783,0.25552368,0.5883283,-0.57439667,-0.36528,0.42166767,0.261606,-0.04424833,-0.042753477,-0.074916326,0.198806,0.23601167,0.48872498,0.012318174,0.2668105,-0.101473,0.041858252,0.16918766,-0.38517666,0.48845002,0.492456,0.19025783,0.04961167,-0.08529233,0.4305283,0.016421998,-0.26901415,-0.25422868,0.12540416,-0.13153833,-0.049976334,0.3844898,-0.09564034,0.0413795,0.038753334,-0.01417017,-0.295625,0.3095515,-0.12345797,-0.17932117,-0.19449918,-0.07052,0.43118167,-0.31514367,-0.0035951596,-0.18367851,0.09559849,-0.21931666,-0.1184735,-0.72131616,0.12441384,-0.29993197,0.11954233,0.94890165,0.051780503,-2.6051002,-0.19187002,-0.132053,1.4562832,0.803485,-0.28956667,0.84720993,-0.5317518,-0.007792664,0.66186,0.046584997,0.3940533,0.16221254,-0.29586133,-0.130905,-0.11275333,-0.11306717,0.043528333,-0.314533,0.42106164,0.3003755,-0.23338099,-0.03654167,-0.66501164,0.033952832,0.5574934,0.13875,-0.5229873,-0.011853334,-1.3483434,-0.23400335,0.063162334,0.03677516,-0.35926768,-0.19256167,0.072916836,-0.22971767,-0.0817515,0.23025699,-0.6896916,0.014875829,-0.34726,-0.14208682,0.33128932,0.16571969"
28,792,792,Black Myth: Wukong,2358720,good,4,39.583333333333336,2026-02-27 12:32:40,"50,000,000 .. 100,000,000",['Game Science'],['Game Science'],"['Action', 'Adventure', 'RPG']",['windows'],"['Single-player', 'Steam Achievements', 'Full controller support', 'Steam Trading Cards', 'Playable without Timed Input', 'Stereo Sound', 'Surround Sound', 'Steam Cloud', 'Family Sharing']","Aug 19, 2024",5999.0,"-0.030769,0.11993,0.53909,-0.43696,-0.73937,-0.15345,0.081126,-0.38559,-0.68797,-0.41632,-0.13183,-0.24922,0.441,0.085919,0.20871,-0.063582,0.062228,-0.051234,-0.13398,1.1418,0.036526,0.49029,-0.24567,-0.412,0.12349,0.41336,-0.48397,-0.54243,-0.27787,-0.26015,-0.38485,0.78656,0.1023,-0.20712,0.40751,0.32026,-0.51052,0.48362,-0.0099498,-0.38685,0.034975,-0.167,0.4237,-0.54164,-0.30323,-0.36983,0.082836,-0.52538,-0.064531,-1.398,-0.14873,-0.35327,-0.1118,1.0912,0.095864,-2.8129,0.45238,0.46213,1.6012,-0.20837,-0.27377,0.71197,-1.0754,-0.046974,0.67479,-0.065839,0.75824,0.39405,0.15507,-0.64719,0.32796,-0.031748,0.52899,-0.43886,0.67405,0.42136,-0.11981,-0.21777,-0.29756,-0.1351,0.59898,0.46529,-0.58258,-0.02323,-1.5442,0.01901,-0.015877,0.024499,-0.58017,-0.67659,-0.040379,-0.44043,0.083292,0.20035,-0.75499,0.16918,-0.26573,-0.52878,0.17584,1.065"
29,29,29,Counter-Strike: Global Offensive,730,best game awful anticheat tho,29,178.06666666666666,2026-03-02 00:39:44,"100,000,000 .. 200,000,000",['Valve'],['Valve'],"['Action', 'Free To Play']","['windows', 'linux']","['Multi-player', 'Cross-Platform Multiplayer', 'Steam Trading Cards', 'Steam Workshop', 'In-App Purchases', 'Adjustable Text Size', 'Camera Comfort', 'Color Alternatives', 'Custom Volume Controls', 'Playable without Timed Input', 'Stereo Sound', 'Surround Sound', 'Valve Anti-Cheat enabled', 'Stats', 'Remote Play on Phone', 'Remote Play on Tablet', 'Remote Play on TV', 'Steam Timeline']","Aug 21, 2012",,"-0.052079752,0.012565754,0.5431975,-0.38274497,-0.2797275,0.1215075,0.058415025,-0.085250005,-0.19830772,-0.16693775,0.07801151,-0.26685023,-0.045095503,-0.23499513,0.053449243,0.21685003,0.1661725,0.22883502,-0.3493725,0.63111055,0.4228325,0.2770295,-0.1633845,0.08417,0.47206575,0.012907252,-0.16787274,-0.10351501,0.08818725,-0.22246501,-0.3074995,0.4684,0.22615775,-0.08084525,0.05881749,0.0392325,-0.567085,0.44581327,-0.131975,-0.30931526,0.43057,0.31108502,-0.119094506,-0.4775125,-0.15229937,0.4793805,0.3457775,-0.58430827,0.06258625,-0.59758496,-0.15886751,-0.21915725,0.069199994,0.59373176,-0.1332025,-1.573575,0.32393402,0.39314753,0.58085996,0.28528473,-0.4545075,0.75642747,-0.60612,-0.071154,0.25921255,-0.21159573,0.2316825,0.09856224,-0.41921002,0.052582495,0.1136125,0.045083754,0.3591825,0.025952995,0.11015,0.37834248,-0.42785498,-0.004520001,-0.26911825,0.210785,0.04163,0.3266225,-0.51227355,0.005345002,-1.0887425,0.22213751,-0.4096075,-0.045489997,-0.18784125,-0.153565,-0.016530007,0.16136174,-0.16342,0.17492975,-0.34773502,-0.045252506,-0.47895253,-0.08012,0.392065,0.24808949"
30,628,628,New World: Aeternum,1063730,got play seven hour already shutting vaporware no refund point,122,7.65,2026-02-25 05:36:06,"50,000,000 .. 100,000,000",['Amazon Game Studios'],['Amazon Game Studios'],"['Action', 'Adventure', 'Massively Multiplayer', 'RPG']",['windows'],"['Multi-player', 'MMO', 'PvP', 'Online PvP', 'Co-op', 'Online Co-op', 'Steam Achievements', 'In-App Purchases', 'Adjustable Text Size', 'Camera Comfort', 'Chat Speech-to-text', 'Chat Text-to-speech', 'Color Alternatives', 'Custom Volume Controls', 'Keyboard Only Option', 'Playable without Timed Input', 'Save Anytime', 'Stereo Sound', 'Subtitle Options', 'Surround Sound', 'Partial Controller Support']","Sep 28, 2021",,"0.1515423,0.020660605,0.3815326,-0.14986297,-0.12217702,0.1184728,0.10567299,0.4586463,-0.052518506,-0.102823995,0.3401213,0.2314749,-0.0998108,0.08937202,0.12629199,-0.32903498,-0.064086,0.274142,-0.10138059,0.27318922,0.3711457,0.31730083,-0.035694007,0.0029063993,0.35356888,-0.11441068,-0.2471739,-0.181119,0.007950397,-0.18210901,-0.049453508,0.29527155,-0.007907698,0.026204359,0.0143939005,0.061390094,-0.2069463,-0.088589236,-0.20814303,0.009378177,-0.17767148,-0.08531119,0.27546912,-0.19680868,0.08271749,-0.055644196,0.022221496,-0.4300407,0.06385001,-0.644308,0.0067997873,-0.19089802,-0.111567,0.68530893,-0.18335295,-1.7045429,0.005286403,-0.127913,1.3100889,0.67824,-0.19070432,0.4014295,-0.3300287,0.0790485,0.382765,-0.019459704,0.22118561,0.16873361,-0.08836719,-0.061582603,-0.1227083,-0.1062425,0.094763495,-0.1428535,0.0912738,0.17647229,-0.1921685,-0.16517177,-0.50194705,0.046535604,0.418927,-0.180136,-0.445198,0.040740293,-1.242827,-0.1005702,0.1577651,0.0476007,-0.12958309,-0.0790909,-0.21468861,0.0674081,-0.25197062,-0.20862143,-0.50655043,-0.051072396,0.0813569,0.11804509,0.3530031,0.28242803"
31,944,944,Left 4 Dead 2,550,good,7,4.2,2026-03-01 08:22:08,"50,000,000 .. 100,000,000",['Valve'],['Valve'],['Action'],"['windows', 'linux']","['Single-player', 'Multi-player', 'PvP', 'Online PvP', 'Co-op', 'Online Co-op', 'Steam Achievements', 'Full controller support', 'Steam Trading Cards', 'Captions available', 'Steam Workshop', 'Camera Comfort', 'Color Alternatives', 'Custom Volume Controls', 'Adjustable Difficulty', 'Playable without Timed Input', 'Stereo Sound', 'Surround Sound', 'Steam Cloud', 'Valve Anti-Cheat enabled', 'Stats', 'Includes Source SDK', 'Commentary available', 'Remote Play on Phone', 'Remote Play on Tablet', 'Remote Play on TV', 'Remote Play Together', 'Family Sharing', 'Steam Timeline']","Nov 16, 2009",999.0,"-0.030769,0.11993,0.53909,-0.43696,-0.73937,-0.15345,0.081126,-0.38559,-0.68797,-0.41632,-0.13183,-0.24922,0.441,0.085919,0.20871,-0.063582,0.062228,-0.051234,-0.13398,1.1418,0.036526,0.49029,-0.24567,-0.412,0.12349,0.41336,-0.48397,-0.54243,-0.27787,-0.26015,-0.38485,0.78656,0.1023,-0.20712,0.40751,0.32026,-0.51052,0.48362,-0.0099498,-0.38685,0.034975,-0.167,0.4237,-0.54164,-0.30323,-0.36983,0.082836,-0.52538,-0.064531,-1.398,-0.14873,-0.35327,-0.1118,1.0912,0.095864,-2.8129,0.45238,0.46213,1.6012,-0.20837,-0.27377,0.71197,-1.0754,-0.046974,0.67479,-0.065839,0.75824,0.39405,0.15507,-0.64719,0.32796,-0.031748,0.52899,-0.43886,0.67405,0.42136,-0.11981,-0.21777,-0.29756,-0.1351,0.59898,0.46529,-0.58258,-0.02323,-1.5442,0.01901,-0.015877,0.024499,-0.58017,-0.67659,-0.040379,-0.44043,0.083292,0.20035,-0.75499,0.16918,-0.26573,-0.52878,0.17584,1.065"
32,572,572,Call of Duty: Modern Warfare II,1938090,absolute worst cod ever made never buying another call duty ever actually bad horrendous whoever made game disembowel strangled entrails,234,153.36666666666667,2026-02-27 19:35:57,"50,000,000 .. 100,000,000","['Treyarch', 'Raven Software', 'Beenox', 'High Moon Studios', 'Sledgehammer Games', 'Infinity Ward', 'Activision Shanghai', 'Demonware']",['Activision'],['Action'],['windows'],"['Single-player', 'Multi-player', 'PvP', 'Online PvP', 'Co-op', 'Online Co-op', 'Cross-Platform Multiplayer', 'Steam Achievements', 'Captions available', 'In-App Purchases', 'Adjustable Text Size', 'Camera Comfort', 'Color Alternatives', 'Custom Volume Controls', 'Playable without Timed Input', 'Stereo Sound', 'Subtitle Options', 'Surround Sound', 'Partial Controller Support', 'HDR available']","Oct 27, 2022",,"-0.0034152032,0.11008628,0.4008073,-0.22536774,-0.22034223,0.14599535,0.0036073462,0.13086995,-0.053532608,-0.08644457,0.089340955,0.18842845,0.17414385,0.093179405,0.112785794,-0.039008968,0.039304197,0.21257453,-0.275173,0.33019185,0.24075265,0.034957938,0.0057146484,-0.19960807,0.1710691,-0.011435151,-0.31597206,-0.20640843,0.12450447,-0.15483393,0.12609535,0.3253115,-0.007992799,0.04193415,0.032641757,0.057508748,-0.26808065,-0.046362136,-0.026750043,-0.1925693,-0.25253934,0.06594341,0.25425142,-0.23439248,-0.029596657,0.091129646,0.30041897,-0.27672398,-0.057798356,-0.8042458,-0.0059989514,0.045088895,0.06726589,0.67598486,-0.13096318,-1.5376415,-0.020922197,0.04777129,0.98260194,0.41666612,-0.17632647,0.43590426,-0.40384087,-0.045730345,0.47758356,-0.037188355,0.34020513,-0.01781444,-0.062501505,-0.24049386,-0.0462773,-0.23386934,0.032396507,0.13011232,0.0419572,0.16476052,-0.27325952,-0.04607141,-0.47391206,0.20628771,0.4236148,0.117588796,-0.37046856,0.15942696,-0.993454,-0.3778394,0.016103957,-0.1221351,-0.20221706,-0.279713,-0.109075665,-0.098436534,0.0042836564,-0.052992187,-0.2900743,-0.11030209,-0.13308251,-0.03744068,0.21136455,0.07009151"
33,907,907,Left 4 Dead 2,550,mean left dead,27,41.16666666666666,2026-03-01 22:12:01,"50,000,000 .. 100,000,000",['Valve'],['Valve'],['Action'],"['windows', 'linux']","['Single-player', 'Multi-player', 'PvP', 'Online PvP', 'Co-op', 'Online Co-op', 'Steam Achievements', 'Full controller support', 'Steam Trading Cards', 'Captions available', 'Steam Workshop', 'Camera Comfort', 'Color Alternatives', 'Custom Volume Controls', 'Adjustable Difficulty', 'Playable without Timed Input', 'Stereo Sound', 'Surround Sound', 'Steam Cloud', 'Valve Anti-Cheat enabled', 'Stats', 'Includes Source SDK', 'Commentary available', 'Remote Play on Phone', 'Remote Play on Tablet', 'Remote Play on TV', 'Remote Play Together', 'Family Sharing', 'Steam Timeline']","Nov 16, 2009",999.0,"-0.16454665,0.317723,0.47133997,-0.4402667,-0.27503332,0.5293267,-0.042363334,0.084119,0.076743,0.117364325,0.26699403,0.5671257,0.8357134,0.07406,0.24701667,-0.34726533,-0.18635483,-0.111083336,-0.289453,0.42454,0.75709325,0.26599333,0.19523,-0.061288,0.36274996,0.1275,-0.31568,-0.39034402,0.5258833,-0.09855333,0.30938664,0.2818867,0.031702664,-0.074247986,-0.3531933,-0.23957033,0.08596001,0.33152133,0.14856333,-0.0048823333,-0.357043,-0.13149,0.28474665,-0.23823667,0.09894701,-0.19941433,-0.07037834,0.12412,-0.45785666,-0.34804568,0.29866433,-0.40111098,0.12527433,0.97089005,-0.19708,-2.0780666,-0.31030667,-0.23477666,1.2732667,0.82163334,0.018433338,1.0142267,-0.34768698,-0.110943325,0.5801067,0.39642635,0.19620667,-0.0145039335,-0.19607265,-0.26191667,-0.2808467,-0.14734666,-0.16669667,-0.163459,0.41373333,0.07514167,0.017746657,0.19677466,-0.5743,0.071427,0.42819667,0.15969001,-0.51688135,-0.3342433,-1.1101866,-0.34348333,0.12993701,-0.10632667,-0.22406334,-0.08122667,0.08285334,-0.17954361,0.10450233,0.20930333,-0.86294,-0.079189666,-0.06473767,0.13600634,0.165095,-0.14262001"
34,1080,1080,Unturned,304930,,3,44.15,2023-03-19 12:51:17,"50,000,000 .. 100,000,000",['Smartly Dressed Games'],['Smartly Dressed Games'],"['Action', 'Adventure', 'Casual', 'Indie', 'Free To Play']","['windows', 'mac', 'linux']","['Single-player', 'Multi-player', 'PvP', 'Online PvP', 'LAN PvP', 'Co-op', 'Online Co-op', 'LAN Co-op', 'Steam Achievements', 'Steam Trading Cards', 'Steam Workshop', 'In-App Purchases', 'Camera Comfort', 'Custom Volume Controls', 'Adjustable Difficulty', 'Playable without Timed Input', 'Stereo Sound', 'Steam Cloud', 'Valve Anti-Cheat enabled', 'Stats', 'Includes level editor', 'Remote Play on Tablet']","Jul 7, 2017",,"-0.040383,-0.2132,0.055937,-0.070654,0.4657,0.14988,0.35069,0.38861,1.0382,0.31142,0.43467,1.0776,0.20412,0.11486,-0.15259,-1.2375,0.63977,-0.40243,-0.32668,-0.16361,0.4715,0.097336,-0.3228,0.82284,-0.05374,0.72566,0.077025,0.19049,-1.011,0.063992,-0.42976,0.492,0.3961,-0.22394,-0.32937,-0.68569,-0.038767,1.2796,-0.51853,-0.14503,-0.46248,-0.021891,-0.57194,0.066688,0.36953,0.7507,-0.94705,-0.29925,0.41504,-0.50964,-0.61258,0.20794,0.51331,0.20323,-0.25576,-0.016653,0.36026,0.29747,-0.25774,-0.0073715,-0.6191,-0.16447,-0.28221,0.16458,-0.13794,-0.36302,0.32537,1.4793,0.16161,0.018392,-0.29274,0.56243,0.3591,-0.26062,0.24564,-0.39409,-0.61024,-0.23352,-0.40417,-0.46959,0.45789,-0.074916,0.12149,-0.79923,0.27619,0.19909,-1.3364,0.47668,0.9909,-0.057745,0.91582,0.46617,0.10032,0.25265,-0.36012,-0.42818,-0.3804,-1.3927,-0.015867,0.11311"
35,450,450,Team Fortress 2,440,fun game ever played looking not serious fps fun look,108,295.01666666666665,2026-02-22 18:32:58,"50,000,000 .. 100,000,000",['Valve'],['Valve'],"['Action', 'Free To Play']","['windows', 'linux']","['Multi-player', 'Cross-Platform Multiplayer', 'Steam Achievements', 'Steam Trading Cards', 'Captions available', 'Steam Workshop', 'In-App Purchases', 'Camera Comfort', 'Color Alternatives', 'Custom Volume Controls', 'Stereo Sound', 'Surround Sound', 'Partial Controller Support', 'Valve Anti-Cheat enabled', 'Stats', 'Includes level editor', 'Commentary available', 'Remote Play on Phone', 'Remote Play on Tablet']","Oct 10, 2007",,"-0.1153471,0.1885103,0.47240686,-0.4003952,-0.28923017,0.34229532,0.04439699,0.0881687,-0.157428,-0.11344246,0.1377203,-0.225015,0.06303201,-0.19856842,0.15257439,0.12584311,0.027840521,0.4085664,-0.3392516,0.48852625,0.24642754,0.28468782,-0.038941197,-0.35609335,0.2698074,0.065212205,-0.19165716,-0.2844792,-0.0068516023,0.026591796,-0.4148768,0.4165929,-0.090522006,-0.10104191,0.4114182,0.029533764,-0.40897527,0.131615,-0.12356738,-0.2843334,-0.080559775,0.018053168,0.06907701,-0.27048057,-0.188217,0.046728898,0.29031608,-0.34254298,0.17848101,-0.870069,0.117225096,-0.3527664,0.100922205,0.78621095,0.042430706,-2.1265693,0.07417172,0.126695,0.9519011,0.47934347,-0.43551102,0.8716086,-0.702068,0.0371497,0.61205,0.041996095,0.536714,0.10949379,-0.1557899,-0.027981292,0.27375787,-0.3815995,-0.027991105,-0.11655597,0.004735008,0.22182898,-0.07767261,-0.06979884,-0.2924436,-0.0668862,0.236273,-0.025293916,-0.2565208,0.06394416,-1.4105809,-0.18026099,-0.24676427,-0.02057925,-0.28144208,-0.2849179,-0.065463886,0.0335181,0.014934595,-0.20234022,-0.1213281,-0.055148512,-0.4749744,-0.09334,0.4947273,0.24591482"
36,1609,1609,ELDEN RING,1245620,margin perfect teacher,28,6.883333333333334,2026-03-01 23:07:44,"20,000,000 .. 50,000,000","['FromSoftware, Inc.']","['FromSoftware, Inc.', 'Bandai Namco Entertainment']","['Action', 'RPG']",['windows'],"['Single-player', 'Multi-player', 'PvP', 'Online PvP', 'Co-op', 'Online Co-op', 'Steam Achievements', 'Full controller support', 'Steam Trading Cards', 'Camera Comfort', 'Custom Volume Controls', 'Playable without Timed Input', 'Save Anytime', 'Stereo Sound', 'Surround Sound', 'Steam Cloud', 'Family Sharing']","Feb 24, 2022",5999.0,"0.012800008,0.45768666,0.27785003,0.21768667,-0.07354567,0.25945,0.4136823,0.1119363,-0.47760335,0.38651368,-0.253554,-0.16453,-0.046539992,0.00027432045,0.3053533,-0.15763667,-0.09385735,0.10075334,0.040281396,0.49599004,-0.15192233,0.077887,0.023369992,0.07995666,0.27518544,-0.34322333,-0.415463,-0.5135724,-0.08279032,-0.28212336,-0.21135335,0.30908668,0.40585002,-0.16567665,0.07717667,0.032860335,-0.21716334,0.39685667,0.15221,-0.11190333,0.10764667,-0.30599967,0.18972333,-0.17673701,-0.16533999,-0.36443767,0.19391997,-0.37338665,-0.26030502,-0.44252667,-0.116093665,-0.28408268,0.0075599947,0.83524007,0.03912333,-2.0099,0.23646335,0.03321,1.0348433,0.254679,-0.100189984,-0.2378,-0.4060367,0.044556674,0.45209,-0.26227668,0.31964,0.15089667,0.23259999,0.120866776,-0.29571667,0.4578,0.24199599,0.068940006,0.06988334,0.42311,-0.32447,-0.29695666,0.148934,-0.28196535,-0.02476567,0.33696935,-0.51405996,-0.6386233,-1.15309,-0.386988,0.422299,-0.091384985,0.068681665,-0.14225666,0.089036666,0.158072,0.289469,0.32594028,-0.4216,0.16736001,-0.16539167,-0.35386565,0.08918733,0.09735333"
37,1290,1290,War Thunder,236390,hate using aim,29,986.3333333333334,2024-01-14 01:11:05,"20,000,000 .. 50,000,000",['Gaijin Entertainment'],['Gaijin Network Ltd'],"['Action', 'Massively Multiplayer', 'Simulation', 'Free To Play']","['windows', 'mac', 'linux']","['Single-player', 'Multi-player', 'MMO', 'PvP', 'Online PvP', 'Co-op', 'Online Co-op', 'Cross-Platform Multiplayer', 'Steam Achievements', 'Full controller support', 'VR Supported', 'Steam Trading Cards', 'In-App Purchases', 'Adjustable Text Size', 'Camera Comfort', 'Color Alternatives', 'Custom Volume Controls', 'Playable without Timed Input', 'Stereo Sound', 'Surround Sound', 'Remote Play on Phone', 'Remote Play on Tablet']","Aug 15, 2013",,"-0.063596666,0.12382332,-0.1848595,-0.09285667,0.35618332,0.38279334,-0.34300998,-0.24940999,0.25186434,0.3585367,-0.11750468,-0.2765827,-0.06346001,-0.011664529,0.11736333,-0.15434332,0.14077666,0.17880332,-0.50004,0.19131266,0.2053991,-0.11266667,0.08059933,-0.23428465,-0.205527,0.04083,0.0029066652,-0.232749,-0.01301834,-0.006496668,0.04420334,0.8216767,-0.20676434,-0.0043023378,0.25270998,-0.30010667,0.13277,-0.141463,0.24536665,0.093700655,-0.40844,0.057429332,-0.247361,-0.136037,-0.44491997,-0.1327369,0.17676,-0.27783665,-0.51105,-0.87490004,0.20763,0.43827665,-0.15499,1.04554,-0.18282335,-1.6310401,0.42171368,0.09361333,1.2557999,-0.22396667,-0.17484333,0.38228667,-0.20832534,-0.35698,0.60782,0.34040666,0.23184998,0.18496333,0.13502534,-0.22045599,-0.053176682,-0.37900463,0.016555004,-0.19921267,-0.39659834,0.180993,0.15224834,0.079053335,-0.65285,0.119387664,0.52851003,-0.09170333,-0.55680674,0.06971705,-1.2012334,0.181082,0.07860332,0.13908768,-0.13555433,0.15829967,-0.50573,-0.027653337,0.05134667,-0.18801665,0.103209995,-0.6226234,-0.38623,-0.23769999,0.5864666,0.20315701"
38,1078,1078,Unturned,304930,,1,21.58333333333333,2023-04-05 22:35:56,"50,000,000 .. 100,000,000",['Smartly Dressed Games'],['Smartly Dressed Games'],"['Action', 'Adventure', 'Casual', 'Indie', 'Free To Play']","['windows', 'mac', 'linux']","['Single-player', 'Multi-player', 'PvP', 'Online PvP', 'LAN PvP', 'Co-op', 'Online Co-op', 'LAN Co-op', 'Steam Achievements', 'Steam Trading Cards', 'Steam Workshop', 'In-App Purchases', 'Camera Comfort', 'Custom Volume Controls', 'Adjustable Difficulty', 'Playable without Timed Input', 'Stereo Sound', 'Steam Cloud', 'Valve Anti-Cheat enabled', 'Stats', 'Includes level editor', 'Remote Play on Tablet']","Jul 7, 2017",,"-0.040383,-0.2132,0.055937,-0.070654,0.4657,0.14988,0.35069,0.38861,1.0382,0.31142,0.43467,1.0776,0.20412,0.11486,-0.15259,-1.2375,0.63977,-0.40243,-0.32668,-0.16361,0.4715,0.097336,-0.3228,0.82284,-0.05374,0.72566,0.077025,0.19049,-1.011,0.063992,-0.42976,0.492,0.3961,-0.22394,-0.32937,-0.68569,-0.038767,1.2796,-0.51853,-0.14503,-0.46248,-0.021891,-0.57194,0.066688,0.36953,0.7507,-0.94705,-0.29925,0.41504,-0.50964,-0.61258,0.20794,0.51331,0.20323,-0.25576,-0.016653,0.36026,0.29747,-0.25774,-0.0073715,-0.6191,-0.16447,-0.28221,0.16458,-0.13794,-0.36302,0.32537,1.4793,0.16161,0.018392,-0.29274,0.56243,0.3591,-0.26062,0.24564,-0.39409,-0.61024,-0.23352,-0.40417,-0.46959,0.45789,-0.074916,0.12149,-0.79923,0.27619,0.19909,-1.3364,0.47668,0.9909,-0.057745,0.91582,0.46617,0.10032,0.25265,-0.36012,-0.42818,-0.3804,-1.3927,-0.015867,0.11311"
39,254,254,PUBG: BATTLEGROUNDS,578080,,1,126.35,2026-02-22 02:48:51,"100,000,000 .. 200,000,000",['PUBG Corporation'],"['KRAFTON, Inc.']","['Action', 'Adventure', 'Massively Multiplayer', 'Free To Play']",['windows'],"['Multi-player', 'PvP', 'Online PvP', 'Stats', 'Remote Play on Phone', 'Remote Play on Tablet']","Dec 21, 2017",,"-0.040383,-0.2132,0.055937,-0.070654,0.4657,0.14988,0.35069,0.38861,1.0382,0.31142,0.43467,1.0776,0.20412,0.11486,-0.15259,-1.2375,0.63977,-0.40243,-0.32668,-0.16361,0.4715,0.097336,-0.3228,0.82284,-0.05374,0.72566,0.077025,0.19049,-1.011,0.063992,-0.42976,0.492,0.3961,-0.22394,-0.32937,-0.68569,-0.038767,1.2796,-0.51853,-0.14503,-0.46248,-0.021891,-0.57194,0.066688,0.36953,0.7507,-0.94705,-0.29925,0.41504,-0.50964,-0.61258,0.20794,0.51331,0.20323,-0.25576,-0.016653,0.36026,0.29747,-0.25774,-0.0073715,-0.6191,-0.16447,-0.28221,0.16458,-0.13794,-0.36302,0.32537,1.4793,0.16161,0.018392,-0.29274,0.56243,0.3591,-0.26062,0.24564,-0.39409,-0.61024,-0.23352,-0.40417,-0.46959,0.45789,-0.074916,0.12149,-0.79923,0.27619,0.19909,-1.3364,0.47668,0.9909,-0.057745,0.91582,0.46617,0.10032,0.25265,-0.36012,-0.42818,-0.3804,-1.3927,-0.015867,0.11311"
40,124,124,Apex Legends,1172470,best genteel across fps touched,43,1583.1,2025-06-29 21:01:44,"100,000,000 .. 200,000,000",['Respawn'],['Electronic Arts'],"['Action', 'Adventure', 'Free To Play']",['windows'],"['Multi-player', 'PvP', 'Online PvP', 'Co-op', 'Online Co-op', 'Steam Achievements', 'Full controller support', 'Steam Trading Cards', 'In-App Purchases', 'Chat Speech-to-text', 'Playable without Timed Input']","Nov 4, 2020",,"0.06256,0.185536,0.40664157,0.112274006,0.0021260143,0.435723,-0.16510561,-0.069212005,-0.27066538,0.2214252,-0.0043059946,-0.2072254,0.047687598,-0.32821622,0.091531396,0.017305797,-0.07881661,-0.1194036,-0.46093798,0.10688059,0.5248946,0.36408943,0.345004,-0.16694745,0.546666,-0.215348,-0.0791602,0.067746,-0.140506,-0.018028801,0.09180741,0.257392,0.1175036,0.237537,0.206424,0.15206382,-0.19287063,0.035528,-0.043950997,0.010419997,-0.0978822,-0.159526,-0.2640776,0.014110601,0.027423006,0.179218,0.0984648,-0.13888402,0.114204004,-0.3994538,-0.06624341,-0.1033324,0.13019261,0.647442,-0.1179146,-1.168542,0.090145804,0.04664,0.73170394,0.2030838,-0.072197184,0.7607032,-0.22173199,0.016401995,0.101410426,-0.069846,0.15415499,-0.317314,0.21917582,-0.1991488,0.21623799,-0.07521,0.06491999,0.13452598,0.17489399,-0.0077506006,-0.010368206,-0.16922799,0.0272614,-0.19859199,0.09860499,0.272044,-0.056385398,0.036956407,-0.84301203,0.08055639,-0.15429601,-0.0714,0.09124141,-0.21530299,0.136604,0.2177432,-0.1326088,0.012419996,-0.2396336,0.1235942,-0.1753434,0.094377995,0.25230402,0.35648"
41,1927,1927,Wallpaper Engine,431960,coated,6,394.7166666666666,2026-03-01 20:43:06,"20,000,000 .. 50,000,000",['Wallpaper Engine Team'],['Wallpaper Engine Team'],"['Casual', 'Indie', 'Animation & Modeling', 'Design & Illustration', 'Photo Editing', 'Utilities']",['windows'],"['Steam Achievements', 'Steam Trading Cards', 'Steam Workshop', 'Steam Workshop', 'Includes level editor']","Nov 16, 2018",499.0,"-0.92401,0.50221,-0.30975,-0.2401,-0.091964,0.61387,0.12201,0.20298,-0.067343,0.57524,0.077787,-0.48092,0.79698,0.49761,-0.5543,0.27706,0.53388,-0.34648,1.0533,-1.4493,0.39313,-0.048458,-0.20432,0.28283,0.60354,0.7913,0.45491,-0.77772,-0.38742,0.16345,0.43201,0.39255,-0.22454,0.014732,0.4322,-0.28062,0.43987,-0.102,0.07713,0.20817,0.10316,-1.1339,-1.0269,-0.37659,0.21696,-0.54564,-0.39171,0.32117,-0.4843,-0.11606,-0.19596,0.1446,-0.043753,0.97239,-0.62863,-0.018717,-0.069502,0.63162,0.35578,-0.16752,0.3091,1.2964,0.28412,0.83083,0.082707,-0.51453,1.1978,0.38643,-0.49578,-1.1941,-0.50639,0.13308,0.44246,1.1259,-0.040981,0.15844,0.3317,0.32867,0.37972,0.43866,0.67229,0.37165,-0.59332,0.77787,-0.30599,-0.43365,0.97847,-0.031354,-0.22809,0.19106,0.29634,-0.37693,-1.1782,-0.56388,-0.13846,0.034922,-0.10709,-0.010455,0.1473,0.13895"
42,251,251,PUBG: BATTLEGROUNDS,578080,nice game,9,107.5,2026-02-22 11:19:42,"100,000,000 .. 200,000,000",['PUBG Corporation'],"['KRAFTON, Inc.']","['Action', 'Adventure', 'Massively Multiplayer', 'Free To Play']",['windows'],"['Multi-player', 'PvP', 'Online PvP', 'Stats', 'Remote Play on Phone', 'Remote Play on Tablet']","Dec 21, 2017",,"-0.0614405,0.0365775,0.735335,-0.53618497,-0.41494998,0.748925,0.77461,0.21294999,-0.448315,-0.33964002,0.081098,-0.493775,-0.370435,-0.272755,0.26752,0.60518,-0.06311501,0.38715,-0.21276501,0.72943,0.199845,0.280774,-0.157829,-0.11348501,0.83973503,-0.241555,-0.484015,-0.112320006,-0.122365,-0.3409,-0.805435,0.53622,0.21709001,-0.2283555,0.51517,0.194545,-0.734105,0.47842,-0.328055,-0.56252,0.72415,-0.431,0.275745,-0.62108505,-0.42071,0.146866,0.150356,-0.25593498,0.39636,-0.86188,0.042954996,-0.1268645,-0.172803,0.53761,-0.131085,-2.7251,0.044204995,0.2405,0.93559,0.45931497,-0.71565,0.476025,-1.18981,-0.096106,0.48645502,0.039632,0.12841025,0.1078595,-0.58423495,0.011500001,-0.04648,-0.0580375,0.289595,-0.29438397,0.16848001,0.4446,-0.167695,-0.14741,0.16334,0.48269,0.1192035,0.031835,-0.762465,0.052284997,-1.43325,0.008742999,-0.17553501,0.05263,-0.28224248,-0.187345,-0.127265,-0.051084995,-0.0031100065,0.012869999,-0.408975,-0.03337501,-0.579725,0.2783665,0.386805,0.14806901"
43,585,585,Call of Duty: Modern Warfare II,1938090,bad steam facing issue nor steam activation helped,81,73.95,2026-02-27 03:35:56,"50,000,000 .. 100,000,000","['Treyarch', 'Raven Software', 'Beenox', 'High Moon Studios', 'Sledgehammer Games', 'Infinity Ward', 'Activision Shanghai', 'Demonware']",['Activision'],['Action'],['windows'],"['Single-player', 'Multi-player', 'PvP', 'Online PvP', 'Co-op', 'Online Co-op', 'Cross-Platform Multiplayer', 'Steam Achievements', 'Captions available', 'In-App Purchases', 'Adjustable Text Size', 'Camera Comfort', 'Color Alternatives', 'Custom Volume Controls', 'Playable without Timed Input', 'Stereo Sound', 'Subtitle Options', 'Surround Sound', 'Partial Controller Support', 'HDR available']","Oct 27, 2022",,"-0.20635824,0.16748151,0.23302189,-0.13973625,-0.08125662,-0.31818575,0.0053344215,-0.21480973,0.0051573627,-0.15387623,0.12182803,0.042199742,-0.123595,0.13826387,-0.012465492,-0.42455086,-0.262085,0.117875636,-0.028333753,-0.19611625,0.13265878,-0.2132425,-0.2308084,-0.17433776,-0.019555371,-0.03880637,-0.31812626,-0.12523,-0.03957462,0.040781617,-0.0019366387,0.27970126,-0.26145825,-0.045122735,-0.34150207,0.15616874,0.09296463,-0.18120852,0.113688,0.04792777,-0.4110465,-0.3891055,0.043747496,-0.37865126,0.13722049,-0.10473725,0.37021148,-0.11736699,0.200311,-0.68149257,-0.034965754,0.15623087,-0.017782746,0.73138374,0.15502638,-1.7001238,-0.089460745,-0.16945252,1.12994,0.21377325,-0.13292709,0.2775037,-0.10794987,0.21548976,0.84962624,0.25829813,0.016698748,-0.010924488,0.27579114,-0.25602984,-0.12187649,-0.17224282,0.034882493,-0.20169625,0.09322438,0.19230478,0.15515588,-0.09515375,-0.4887825,-0.070365004,0.5242675,-0.09116638,-0.4125725,0.23905987,-0.8925262,-0.06697124,0.03411375,-0.13695374,-0.13568501,-0.30459452,-0.23323674,-0.15432626,-0.1351285,0.046318755,0.029718995,-0.08675501,-0.043468498,-0.22386922,0.556508,0.02302595"
44,1568,1568,Warframe,230410,fast paced chaos,16,9.033333333333331,2022-10-11 21:08:18,"20,000,000 .. 50,000,000",['Digital Extremes'],['Digital Extremes'],"['Action', 'RPG', 'Free To Play']",['windows'],"['Single-player', 'Multi-player', 'Co-op', 'Online Co-op', 'Cross-Platform Multiplayer', 'Steam Achievements', 'Full controller support', 'Steam Trading Cards', 'Steam Workshop', 'In-App Purchases', 'Camera Comfort', 'Color Alternatives', 'Custom Volume Controls', 'Playable without Timed Input', 'Stereo Sound', 'Surround Sound', 'Remote Play on Phone', 'Remote Play on Tablet', 'Remote Play on TV', 'HDR available']","Mar 25, 2013",,"-0.26737332,0.008453667,0.06680567,0.08959933,-0.180696,0.36242667,-0.27475667,-0.209126,-0.28966334,-0.055354,0.0037733216,0.077006675,-0.38985336,-0.54141,0.17972334,0.05488601,-0.5800367,0.24786568,-0.028303334,-0.08361,0.7552133,0.25988004,0.3556033,-0.42118,0.41403332,0.43340054,-0.42283666,0.14567332,-0.23036999,0.10992333,-0.49725866,-0.138484,-0.42266333,-0.44477332,0.2246,-0.21651368,0.346558,-0.091950335,-0.012125333,-0.028221333,-0.31926668,-0.026556663,-0.10700134,-0.2983913,0.097153336,0.22932565,0.261374,-0.0070656636,0.81755334,-0.72502,-0.14186333,0.22069333,0.06724369,0.70512336,0.38275003,-1.4946934,-0.29578665,0.71729666,1.04442,0.427272,-0.39488003,0.0592,-0.048714202,-0.3640667,0.24946667,0.41070667,0.158259,-0.31120932,0.36897835,0.049333338,0.033001322,-0.18944101,-0.259217,-0.29241002,0.288709,-0.07776633,-0.29871333,-0.10705667,0.11178998,-0.10232667,0.58579665,0.18863635,-0.5994033,0.56667,-0.80595326,-0.07788999,-0.016485333,-0.57921,-0.4838933,-0.3986633,0.33658668,0.34734997,-0.37543333,-0.11436668,-0.12765667,-0.28363368,0.47855997,-0.097486675,0.13627666,0.35846332"
45,824,824,Grand Theft Auto V Legacy,271590,one best game oat could play eternity sta probably wont generational hey always fax game ever first experience,163,11.0,2026-03-01 18:22:08,"50,000,000 .. 100,000,000",['Rockstar North'],['Rockstar Games'],"['Action', 'Adventure']",['windows'],"['Single-player', 'Multi-player', 'PvP', 'Online PvP', 'Co-op', 'Online Co-op', 'Steam Achievements', 'Full controller support', 'Remote Play on Phone', 'Remote Play on Tablet', 'Remote Play on TV']","Apr 13, 2015",,"-0.014532492,0.22581308,0.5419217,-0.2189686,-0.25291234,0.2098419,0.21690321,0.082818836,-0.03162022,-0.14269985,0.07969928,-0.052882377,0.07356078,-0.028131336,0.12023255,-0.07486626,0.2481951,0.36172092,-0.1962076,0.28209102,0.12916689,0.15556821,-0.026512332,0.1194255,0.3726795,-0.12307905,-0.101045676,-0.23450476,0.18365222,-0.22287539,-0.3071975,0.45354107,0.069122225,-0.029754393,0.1989184,0.16779016,-0.30933076,0.255056,0.006523939,-0.23225522,0.041432016,0.12564595,-0.064309336,-0.29478776,-0.15134494,0.029913723,0.23466009,-0.40457386,0.124778,-0.65822715,-0.098612994,0.0012368328,0.13240567,0.67319626,-0.01682333,-1.7372656,0.01645922,0.09217134,0.7767557,0.5209348,-0.30980885,0.52939916,-0.3913345,-0.119205326,0.464667,-0.02609951,0.38686404,0.14173837,-0.12574627,-0.14106622,0.02234663,-0.18488055,0.11118623,-0.18988697,0.02220133,0.09105315,-0.085885726,-0.09397965,-0.3678736,-0.041630715,0.17216618,-0.024635563,-0.40332758,0.007402556,-1.2085061,-0.21375722,-0.11583062,-0.21792272,-0.025580509,-0.22032417,-0.17152971,0.20595309,-0.062834054,0.005871163,-0.35401785,-0.17276722,-0.0912489,-0.23319271,0.18094587,0.2663256"
46,507,507,Call of Duty: Modern Warfare II,1938090,god game series,35,196.0833333333333,2026-03-01 20:12:18,"50,000,000 .. 100,000,000","['Treyarch', 'Raven Software', 'Beenox', 'High Moon Studios', 'Sledgehammer Games', 'Infinity Ward', 'Activision Shanghai', 'Demonware']",['Activision'],['Action'],['windows'],"['Single-player', 'Multi-player', 'PvP', 'Online PvP', 'Co-op', 'Online Co-op', 'Cross-Platform Multiplayer', 'Steam Achievements', 'Captions available', 'In-App Purchases', 'Adjustable Text Size', 'Camera Comfort', 'Color Alternatives', 'Custom Volume Controls', 'Playable without Timed Input', 'Stereo Sound', 'Subtitle Options', 'Surround Sound', 'Partial Controller Support', 'HDR available']","Oct 27, 2022",,"-0.03542034,0.244271,0.58677334,-0.46047997,-0.08557332,0.65908766,0.19317333,0.0071799955,-0.61815333,-0.49445,0.14825134,-0.45679665,0.09892269,0.09698,0.062413335,-0.08159336,0.164456,0.84425,-0.66454333,0.82204336,0.29868332,-0.597584,-0.39926767,0.23099001,1.21077,0.15798669,-0.08291334,0.20190334,0.028690001,0.29511666,-0.20608334,0.41592333,-0.38268003,0.134703,0.073475294,-0.076929994,-0.61501664,0.06481334,-0.3247533,-0.35518667,-0.037109654,0.4091233,0.23209001,-0.15282999,-0.15252867,-0.16477934,0.11375167,-0.3224,0.18270333,-0.5589027,-0.33597,0.316917,0.58504796,0.95591664,0.07343333,-2.6241665,0.15947433,0.25891998,0.9951,0.8852067,-0.47473335,0.67701334,-0.3755823,-0.345354,0.7632933,0.087236665,0.076315336,-0.008943667,-0.28439832,0.16392332,0.15451233,0.094895005,0.09909,-0.20267199,-0.0029366713,0.36408997,-0.25168467,0.0066099963,-0.6742366,0.37460664,0.09803,0.21421666,-0.77811337,0.20453334,-1.3612667,0.20725667,-0.54781336,-0.46148667,0.19560169,0.10982666,-0.29925767,0.09288335,-0.09407667,0.28511664,-0.197043,-0.57415134,-0.48674664,-0.054255333,0.57159597,0.097417"
47,889,889,Grand Theft Auto V Legacy,271590,good done play base game boringgggggggggggggggggggggggggggggy unless online lspdfr,99,21.25,2026-02-28 18:44:22,"50,000,000 .. 100,000,000",['Rockstar North'],['Rockstar Games'],"['Action', 'Adventure']",['windows'],"['Single-player', 'Multi-player', 'PvP', 'Online PvP', 'Co-op', 'Online Co-op', 'Steam Achievements', 'Full controller support', 'Remote Play on Phone', 'Remote Play on Tablet', 'Remote Play on TV']","Apr 13, 2015",,"-0.32751712,0.23185758,0.41713142,-0.2963197,-0.1866966,0.2383233,0.08699671,-0.08323427,-0.18467085,-0.054857284,0.21551116,-0.22692227,0.14653857,-0.21557787,-0.018890003,0.014539005,0.122324,0.44461614,-0.39468145,0.5822229,0.08693629,0.12500687,-0.0035311452,0.04858143,0.24569044,-0.034383,-0.13912572,-0.29123998,0.07288872,0.06442286,-0.32866475,0.8445672,-0.027829995,-0.14818229,0.4246357,0.13168001,-0.45418712,0.10558585,-0.36441284,-0.47148284,0.08559215,-0.10334415,0.053944282,-0.15811643,-0.2958843,-0.195964,0.013481421,-0.5168443,0.1254377,-0.8938671,-0.046308286,0.039218996,-0.149331,0.72154284,0.0006981402,-2.3567288,-0.06902571,-0.2782657,1.6114501,0.60776854,-0.47850698,0.5766843,-0.50729215,-0.13884571,0.5678962,0.077698864,0.30540276,0.052241273,-0.079288706,0.13654657,0.0017890036,-0.20957658,0.17939427,-0.3011044,0.29421288,0.11576557,-0.15932201,-0.01266537,-0.39668432,0.17338286,0.45121428,0.01645672,-0.53274375,-0.04249686,-1.2905456,-0.12305529,0.18808042,-0.001951571,-0.20683655,-0.15271387,-0.25090757,-0.045291442,0.019985719,0.056108426,-0.2902743,0.042564142,-0.043741137,0.055887427,0.53850555,0.4651616"
48,70,70,Counter-Strike: Global Offensive,730,toooooooo good,14,27.5,2026-03-01 23:00:25,"100,000,000 .. 200,000,000",['Valve'],['Valve'],"['Action', 'Free To Play']","['windows', 'linux']","['Multi-player', 'Cross-Platform Multiplayer', 'Steam Trading Cards', 'Steam Workshop', 'In-App Purchases', 'Adjustable Text Size', 'Camera Comfort', 'Color Alternatives', 'Custom Volume Controls', 'Playable without Timed Input', 'Stereo Sound', 'Surround Sound', 'Valve Anti-Cheat enabled', 'Stats', 'Remote Play on Phone', 'Remote Play on Tablet', 'Remote Play on TV', 'Steam Timeline']","Aug 21, 2012",,"-0.030769,0.11993,0.53909,-0.43696,-0.73937,-0.15345,0.081126,-0.38559,-0.68797,-0.41632,-0.13183,-0.24922,0.441,0.085919,0.20871,-0.063582,0.062228,-0.051234,-0.13398,1.1418,0.036526,0.49029,-0.24567,-0.412,0.12349,0.41336,-0.48397,-0.54243,-0.27787,-0.26015,-0.38485,0.78656,0.1023,-0.20712,0.40751,0.32026,-0.51052,0.48362,-0.0099498,-0.38685,0.034975,-0.167,0.4237,-0.54164,-0.30323,-0.36983,0.082836,-0.52538,-0.064531,-1.398,-0.14873,-0.35327,-0.1118,1.0912,0.095864,-2.8129,0.45238,0.46213,1.6012,-0.20837,-0.27377,0.71197,-1.0754,-0.046974,0.67479,-0.065839,0.75824,0.39405,0.15507,-0.64719,0.32796,-0.031748,0.52899,-0.43886,0.67405,0.42136,-0.11981,-0.21777,-0.29756,-0.1351,0.59898,0.46529,-0.58258,-0.02323,-1.5442,0.01901,-0.015877,0.024499,-0.58017,-0.67659,-0.040379,-0.44043,0.083292,0.20035,-0.75499,0.16918,-0.26573,-0.52878,0.17584,1.065"
49,1608,1608,ELDEN RING,1245620,best game ring ever made,37,111.53333333333332,2026-03-01 23:11:53,"20,000,000 .. 50,000,000","['FromSoftware, Inc.']","['FromSoftware, Inc.', 'Bandai Namco Entertainment']","['Action', 'RPG']",['windows'],"['Single-player', 'Multi-player', 'PvP', 'Online PvP', 'Co-op', 'Online Co-op', 'Steam Achievements', 'Full controller support', 'Steam Trading Cards', 'Camera Comfort', 'Custom Volume Controls', 'Playable without Timed Input', 'Save Anytime', 'Stereo Sound', 'Surround Sound', 'Steam Cloud', 'Family Sharing']","Feb 24, 2022",5999.0,"0.1674118,0.13420261,0.532301,-0.40087238,0.100296214,0.1845016,0.28000003,-0.048492607,-0.4119718,0.031680383,0.20244738,-0.230792,0.046161603,0.1130872,-0.053068,0.08734862,0.435572,0.475084,-0.23482803,0.23929258,0.351232,-0.032801203,-0.085111596,-0.025696004,0.5842062,-0.0122040035,0.020835793,-0.207702,0.22724839,-0.147538,-0.28726596,0.44036597,0.265733,0.0611624,0.51813596,0.1369826,-0.6115382,0.3630194,-0.379984,-0.17765202,0.06149602,-0.030767798,0.2596084,-0.3343466,-0.0412006,0.018594403,0.26326978,-0.53514004,0.26086882,-0.8283272,-0.14304201,-0.009913199,0.28935,1.0064161,-0.0032765865,-2.5027,-0.29641882,0.24000362,1.2378,0.7532558,-0.488516,0.793818,-0.45260638,0.22336158,0.57581604,-0.28868,0.390232,0.36007982,-0.07227419,-0.04694,0.0503164,-0.15575299,-0.016270798,0.1388964,0.057774793,0.047321998,-0.34878,-0.130122,-0.41527063,0.246254,0.48701602,0.1307528,-0.56219965,0.039535996,-1.4339681,-0.102778,-0.1491986,-0.321554,-0.0543162,-0.2638258,-0.23548102,0.023639392,-0.1662968,-0.099251606,-0.158326,-0.10344801,-0.582978,-0.0021480084,0.52880394,0.18679179"
50,1532,1532,Warframe,230410,yes good game much,45,237.4333333333333,2024-10-05 09:43:20,"20,000,000 .. 50,000,000",['Digital Extremes'],['Digital Extremes'],"['Action', 'RPG', 'Free To Play']",['windows'],"['Single-player', 'Multi-player', 'Co-op', 'Online Co-op', 'Cross-Platform Multiplayer', 'Steam Achievements', 'Full controller support', 'Steam Trading Cards', 'Steam Workshop', 'In-App Purchases', 'Camera Comfort', 'Color Alternatives', 'Custom Volume Controls', 'Playable without Timed Input', 'Stereo Sound', 'Surround Sound', 'Remote Play on Phone', 'Remote Play on Tablet', 'Remote Play on TV', 'HDR available']","Mar 25, 2013",,"-0.08916025,0.35317326,0.77959,-0.522,-0.5275025,0.20308475,0.157729,-0.15354323,-0.264691,-0.2709355,-0.021336,-0.17646798,-0.1402525,-0.30117452,0.2319425,-0.213418,-0.135323,0.346389,-0.27319175,0.7832575,0.19790399,0.354082,-0.2407025,-0.22019753,0.40139803,0.12705599,-0.24553624,-0.2798925,-0.0063219997,-0.20044997,-0.24679625,0.6530525,0.08502,-0.10432725,0.25951,0.157025,-0.314619,0.35550106,-0.21593493,-0.35161,0.09772301,-0.21310325,0.21309751,-0.3708675,-0.4030725,-0.31950277,0.31578875,-0.4467925,0.04557225,-1.1345925,0.016297504,-0.1056245,0.029073497,0.8528825,-0.084344,-2.56315,0.17756149,0.094320014,1.2838426,0.45247748,-0.31735748,0.70369244,-0.7975075,-0.15331149,0.5998525,0.070604496,0.57449,0.21093725,-0.1583125,-0.021924248,0.14248726,0.031051748,0.23409298,-0.19529448,0.24599,0.28105974,-0.31906724,-0.088870004,-0.47626,0.1692225,0.45174497,0.01831526,-0.57879496,0.003805004,-1.482175,-0.054731496,-0.05157701,-0.16132525,-0.33972624,-0.21507502,-0.032199755,-0.20561749,-0.0847795,0.1801775,-0.47555,-0.19935825,-0.36035252,-0.0705675,0.4266895,0.53753954"
51,247,247,PUBG: BATTLEGROUNDS,578080,cool game,17,1654.5833333333333,2026-02-22 21:25:11,"100,000,000 .. 200,000,000",['PUBG Corporation'],"['KRAFTON, Inc.']","['Action', 'Adventure', 'Massively Multiplayer', 'Free To Play']",['windows'],"['Multi-player', 'PvP', 'Online PvP', 'Stats', 'Remote Play on Phone', 'Remote Play on Tablet']","Dec 21, 2017",,"-0.34160548,-0.1425235,0.81501496,-0.56606,-0.42246,0.61658,0.55215,-0.062892005,-0.620775,-0.024999999,0.099753,-0.62277496,-0.221191,-0.45785,0.15307999,0.222855,-0.111264996,0.329045,-0.252336,0.2252085,0.13784501,0.25914398,0.030550998,-0.11309999,0.615425,0.28564,-0.33787498,-0.08322501,-0.28967,0.011019997,-0.47325,0.65832,-0.266085,0.014379498,0.095405,0.266235,-0.41012,-0.062620014,-0.21891999,-0.75437,0.30395052,-0.622245,-0.059295,-0.29596,-0.045989998,-0.029419005,0.052969992,-0.22617,0.79664004,-1.034785,-0.078831,-0.20868449,0.034177,0.6644,0.069460005,-2.7739,0.162545,0.096599996,0.95519495,0.7383005,-0.526575,0.72696996,-0.92911,0.13375899,0.5708,0.230815,0.52591497,-0.15788549,-0.21875499,-0.11709502,0.142555,-0.008001,0.208095,0.043231003,0.0195285,0.45244998,-0.29305,-0.099925004,0.47096503,0.306495,0.386455,0.0426815,-1.121985,0.27741998,-0.958185,0.038771503,-0.23445751,0.229105,-0.0025904998,-0.019305002,-0.186515,0.52723503,-0.1972645,-0.171175,-0.3202,-0.286601,-0.52234,0.15744999,0.316405,0.105528995"
52,1450,1450,HELLDIVERS 2,553850,love game sadly even work shuts pc overtime try playing best case barely work undemocratic port bow game shuts pc even play bodycam fps,259,25.55,2026-03-01 21:05:18,"20,000,000 .. 50,000,000",['Arrowhead Game Studios'],['PlayStation Publishing LLC'],['Action'],['windows'],"['Multi-player', 'Co-op', 'Online Co-op', 'Steam Achievements', 'In-App Purchases', 'Adjustable Text Size', 'Camera Comfort', 'Chat Speech-to-text', 'Chat Text-to-speech', 'Color Alternatives', 'Custom Volume Controls', 'Adjustable Difficulty', 'Narrated Game Menus', 'Playable without Timed Input', 'Stereo Sound', 'Subtitle Options', 'Surround Sound', 'Partial Controller Support', 'Family Sharing']","Feb 8, 2024",3999.0,"-0.1219279,0.13477688,0.47029662,-0.25403124,-0.08649648,0.22419253,-0.058050435,-0.024182215,0.03819596,-0.051508747,0.09821666,-0.1740265,0.016927257,-0.13655345,-0.09594569,0.01682609,0.01639474,0.35881743,-0.19284047,0.3614879,0.19751656,0.04020847,0.23960327,-0.027288107,0.5227004,-0.10240311,-0.384007,-0.31383944,0.15006743,-0.03682382,-0.22552241,0.5210741,-0.09746127,-0.03787813,0.0683993,0.09260896,-0.29197207,-0.0041811317,-0.09710049,-0.29381585,-0.008850829,-0.11878241,0.021434424,-0.20217319,-0.18481138,-0.030401701,0.118446395,-0.35152394,0.25854468,-0.52922153,-0.047584783,-0.0925964,-0.05489073,0.7032956,-0.12677279,-1.757436,-0.120162174,-0.09597228,1.0198095,0.41283163,-0.33618814,0.34943762,-0.41690698,0.104189344,0.3206754,0.049789738,0.2916569,0.09545278,-0.15767838,0.062808335,0.018339401,-0.14108448,0.11164169,-0.12549518,0.1354827,0.05379748,-0.18259642,-0.025277216,-0.22607362,0.11087592,0.29502782,-0.03432535,-0.46021047,0.13217773,-1.2998947,-0.0074551366,0.0118333,-0.037569255,-0.1196378,-0.15504712,-0.02842468,0.055762872,-0.020567486,0.010545943,-0.16788556,-0.056102328,-0.16343053,-0.047277812,0.42519793,0.14100884"
53,212,212,PUBG: BATTLEGROUNDS,578080,loot loot,17,762.75,2026-02-28 04:09:34,"100,000,000 .. 200,000,000",['PUBG Corporation'],"['KRAFTON, Inc.']","['Action', 'Adventure', 'Massively Multiplayer', 'Free To Play']",['windows'],"['Multi-player', 'PvP', 'Online PvP', 'Stats', 'Remote Play on Phone', 'Remote Play on Tablet']","Dec 21, 2017",,"0.025507,0.31549,-0.0050274,-0.59887,0.098106,1.006,-0.20616,-0.15856,1.0167,0.45996,0.21662,1.2869,-0.26138,0.40369,-0.40788,0.18352,0.50346,0.39304,-0.62789,0.60189,0.8372,-0.40453,-0.07658,-0.19294,-0.31268,-0.2421,-0.26869,0.14497,0.20361,-0.61082,0.057702,-0.54031,-0.96537,-0.094761,-0.18998,-0.64065,0.12625,-0.11054,-0.1981,-0.65174,0.37185,-0.32485,-0.34542,-0.0093564,0.041865,0.8019,-0.33771,0.053484,0.055244,-0.34703,-0.37241,0.73001,0.014656,0.39324,0.097582,0.14898,-0.3619,-0.40378,0.36356,-0.27202,-0.041076,0.31616,-0.14792,0.20713,0.37979,0.064649,0.58845,-0.41264,0.2232,-0.25292,-0.45757,-0.93682,0.030911,-0.062086,-0.12003,0.40921,-0.38854,0.48171,-0.46076,0.80699,0.55619,0.74596,-0.30339,0.12416,0.15851,-0.064248,0.16441,-0.11616,-0.25059,0.084021,-0.057629,-0.2774,1.1664,-0.23162,-0.4346,-1.1139,0.30207,0.43853,0.13114,0.52226"
54,909,909,Left 4 Dead 2,550,huh,3,4.583333333333333,2026-03-01 21:07:51,"50,000,000 .. 100,000,000",['Valve'],['Valve'],['Action'],"['windows', 'linux']","['Single-player', 'Multi-player', 'PvP', 'Online PvP', 'Co-op', 'Online Co-op', 'Steam Achievements', 'Full controller support', 'Steam Trading Cards', 'Captions available', 'Steam Workshop', 'Camera Comfort', 'Color Alternatives', 'Custom Volume Controls', 'Adjustable Difficulty', 'Playable without Timed Input', 'Stereo Sound', 'Surround Sound', 'Steam Cloud', 'Valve Anti-Cheat enabled', 'Stats', 'Includes Source SDK', 'Commentary available', 'Remote Play on Phone', 'Remote Play on Tablet', 'Remote Play on TV', 'Remote Play Together', 'Family Sharing', 'Steam Timeline']","Nov 16, 2009",999.0,"-0.34714,0.18362,1.1298,-0.93438,-1.5032,-0.39568,0.85951,-0.48313,0.25006,0.30219,0.55397,-0.034627,0.33734,0.33852,2.2981,-0.58003,-0.62505,0.78754,0.032271,0.20882,0.15548,1.4069,0.14479,-0.3885,-0.4135,0.3804,-0.9436,-0.36889,-0.072332,-0.059505,0.14924,0.2432,-0.12743,-0.031082,-0.64679,-0.17748,-0.33805,0.45488,-0.86241,-1.435,0.39809,0.61851,-0.29565,-0.41347,-0.16715,0.53063,-0.64044,0.13433,0.12322,-0.42706,-0.79293,-0.57208,0.45019,0.030109,-1.3617,-0.21971,0.70875,0.53255,-0.86155,-0.56808,-0.57409,0.03801,0.2575,-0.82276,0.050229,0.43627,0.44553,0.50521,-1.035,-0.24819,0.88446,0.21151,-0.3468,-1.0554,-0.23794,0.2893,0.4546,-0.28291,0.35278,0.39947,1.0573,-0.80324,0.87365,-0.85847,-0.43522,-0.022198,-0.064403,0.18687,-0.056651,0.022288,0.27807,0.1096,0.12644,0.17995,0.40669,0.78491,-0.094612,-0.99713,-0.47474,0.10395"
55,1741,1741,Terraria,105600,really fun,14,7.35,2026-03-01 20:50:08,"20,000,000 .. 50,000,000",['Re-Logic'],['Re-Logic'],"['Action', 'Adventure', 'Indie', 'RPG']","['windows', 'mac', 'linux']","['Single-player', 'Multi-player', 'PvP', 'Online PvP', 'Co-op', 'Online Co-op', 'Steam Achievements', 'Full controller support', 'Steam Trading Cards', 'Steam Cloud', 'Remote Play on Phone', 'Remote Play on Tablet', 'Remote Play on TV', 'Family Sharing']","May 16, 2011",999.0,"-0.2440495,0.3523115,0.444735,-0.70546,-0.498135,0.30466652,-0.027915502,0.321405,0.123005,-0.273776,0.416835,-0.082229204,-0.112937994,-0.26977855,0.10720499,-0.02132,-0.25762773,0.5855,-0.31261,1.01806,0.440735,0.60802495,-0.1843195,-1.0267301,0.1665,0.6381,-0.49159,-0.41178298,0.014830999,-0.280365,-0.741525,0.78428495,0.2222055,-0.20204338,0.42708,-0.016545001,-0.44186,0.17984,0.145754,-0.666615,0.033545002,0.0744714,-0.024450004,-0.50592,-0.858295,-0.181034,0.247721,-0.0656815,0.35901,-1.18433,0.066086,-0.458355,0.0303035,0.562425,0.020053001,-2.2124,0.27223,0.67906,0.926975,0.126845,-0.120271504,1.1585,-0.80843997,-0.17926,0.65869,0.26436502,0.98005,-0.031500004,-0.067725,-0.37151998,0.50446,-0.44259,0.011080999,0.0060951,-0.06989999,0.595955,0.13822499,-0.0831695,-0.25146902,0.08811,-0.2781465,-0.071724504,-0.42416,-0.1557,-1.6523,-0.151545,-0.483095,-0.10180201,-0.55775,-0.49754,0.012852002,0.065135,0.32991248,-0.3368,-0.1014475,-0.15313,-0.49319,-0.51547,0.284445,1.0183101"
56,1244,1244,War Thunder,236390,vary skill based vary high learning carve find worse world tank,82,91.76666666666668,2025-02-08 23:35:20,"20,000,000 .. 50,000,000",['Gaijin Entertainment'],['Gaijin Network Ltd'],"['Action', 'Massively Multiplayer', 'Simulation', 'Free To Play']","['windows', 'mac', 'linux']","['Single-player', 'Multi-player', 'MMO', 'PvP', 'Online PvP', 'Co-op', 'Online Co-op', 'Cross-Platform Multiplayer', 'Steam Achievements', 'Full controller support', 'VR Supported', 'Steam Trading Cards', 'In-App Purchases', 'Adjustable Text Size', 'Camera Comfort', 'Color Alternatives', 'Custom Volume Controls', 'Playable without Timed Input', 'Stereo Sound', 'Surround Sound', 'Remote Play on Phone', 'Remote Play on Tablet']","Aug 15, 2013",,"-0.1236309,0.45939186,0.18365699,0.1905598,-0.13920547,-0.17282254,-0.07129819,0.0070753465,-0.13298354,0.37494308,-0.14650811,-0.21886998,0.29083008,-0.204448,-0.09226628,-0.18010789,0.104284175,0.04282092,-0.4290509,0.23455523,-0.06389492,-0.12058553,0.31886077,-0.023971552,-0.05337828,-0.13123156,-0.06726717,-0.43722343,-0.18552093,-0.0793282,-0.2189889,0.25068486,-0.31976664,-0.22698383,0.2589749,0.17563973,-0.019198269,0.2714427,0.08254201,-0.2757903,-0.10910363,-0.13797356,-0.40507996,-0.28497997,-0.17230363,-0.028133178,0.39685184,-0.06416655,-0.087105334,-0.5272697,0.029803006,-0.18030547,-0.0029602593,0.9453092,0.046773992,-1.7318645,0.240516,-0.050568566,1.2738354,0.279106,0.049800906,0.7122976,-0.08879116,0.116591364,0.4161149,-0.00027963112,0.116196185,-0.102395445,0.2868911,0.019007271,-0.06684893,-0.1317661,0.15225726,0.013093454,0.22467719,-0.0063315495,-0.103178196,-0.19359563,-0.42142913,-0.044171095,0.30769017,0.10885446,-0.44207904,-0.12085407,-1.0030509,-0.071068,0.011331367,-0.20993981,-0.18081489,-0.04481746,-0.2647793,0.009337273,-0.012728355,-0.121798165,-0.24905764,-0.02582,-0.124850184,-0.40359545,0.63878816,0.19689637"
57,1696,1696,ELDEN RING,1245620,game time,29,228.9,2026-03-01 00:36:30,"20,000,000 .. 50,000,000","['FromSoftware, Inc.']","['FromSoftware, Inc.', 'Bandai Namco Entertainment']","['Action', 'RPG']",['windows'],"['Single-player', 'Multi-player', 'PvP', 'Online PvP', 'Co-op', 'Online Co-op', 'Steam Achievements', 'Full controller support', 'Steam Trading Cards', 'Camera Comfort', 'Custom Volume Controls', 'Playable without Timed Input', 'Save Anytime', 'Stereo Sound', 'Surround Sound', 'Steam Cloud', 'Family Sharing']","Feb 24, 2022",5999.0,"0.019219002,-0.0044260006,0.73955,-0.43139,-0.558555,0.592495,0.5026395,0.08071,-0.57958,-0.29479,0.337488,-0.433075,-0.232087,-0.50806,0.14931999,-0.085604995,0.247165,0.5186295,-0.508885,0.24700935,0.21872,0.056344002,0.0033974983,0.370005,0.92965,-0.26093,-0.0968165,-0.06633499,0.13961999,0.049235996,-0.63461,0.62107,-0.16791,-0.1350005,0.13021499,-0.05032999,-0.89298,0.524165,-0.443972,-0.54909503,0.066489995,-0.233305,0.199785,-0.057058,-0.308065,-0.031364,0.36734,-0.82756,0.527995,-0.928175,-0.0655616,-0.1933645,0.117377,1.156925,0.14356351,-3.03835,-0.32134998,-0.0906045,1.5184,1.1909499,-0.76178,0.64135504,-0.5127,0.049604002,0.6697,-0.0063150004,0.26514,0.037298,-0.217275,0.26279098,-0.256915,-0.1111175,0.1354295,-0.150934,0.060615,0.168885,-0.62191,-0.294485,-0.52279997,0.29335,0.419935,-0.028889999,-0.8952,0.16685,-1.52735,0.159575,-0.31247252,-0.0750935,-0.093187496,-0.21529,-0.34667,0.26688,-0.109965004,0.13831,-0.48881,-0.42659003,-0.20618,0.18684599,0.57370996,0.009745501"
58,1182,1182,Lost Ark,1599340,tbs one game best combat feel live ever played especially slayer came character skill sword satisfying could've turned alt slayer certain point game became unplayable safekeeping quit two year ago wanted come back take look saw thing game full bot last quit pay win basically become pay play literally cant move without spending money still forced daily every character like kind slave done understand company ignore player much even putting aside boss still punishing much safekeeping solid foundation great game not make game actually playable mean cant even find group boss need fight every week upgrade certain item sometimes spending hour day even week trying people quit later stage done want bother old raid meaningless gamelan feel pointless sense progression drop much certain gear score cant even find single reason keep playing game honestly one rare game really great level combat design eye think shut eventually like new world id say done bother especially expecting anything reasonable developer pointless sitting home waiting gnu evolve,1651,1136.3666666666666,2025-11-27 21:42:22,"50,000,000 .. 100,000,000",['Smilegate RPG'],['Amazon Game Studios'],"['Action', 'Adventure', 'Massively Multiplayer', 'RPG', 'Free To Play']",['windows'],"['Single-player', 'Multi-player', 'MMO', 'PvP', 'Online PvP', 'Co-op', 'Online Co-op', 'Steam Achievements', 'In-App Purchases', 'Adjustable Text Size', 'Camera Comfort', 'Color Alternatives', 'Custom Volume Controls', 'Keyboard Only Option', 'Playable without Timed Input', 'Save Anytime', 'Partial Controller Support']","Feb 11, 2022",,"-0.030868957,0.22304256,0.33388773,-0.23156615,-0.17306052,0.16377233,-0.09171439,0.1002551,-0.029355306,-0.075756416,0.074438766,-0.03359053,0.11378766,-0.09125874,-0.009046939,-0.16692857,0.044147104,0.2545042,-0.20950018,0.3113189,0.23974486,0.05176415,-0.01336747,-0.14472921,0.20888273,-0.0621875,-0.17615609,-0.3623638,0.14377958,-0.12673785,-0.12144566,0.36850047,-0.11488297,-0.06063786,0.12215463,0.21287373,-0.20132159,0.066753134,-0.033179022,-0.21070693,-0.19526587,-0.052616008,0.12908159,-0.21513025,-0.14964755,-0.027391305,0.1915468,-0.22005655,0.03208092,-0.7307082,0.0187817,-0.098693505,0.054596953,0.8216637,-0.023863409,-1.9216006,-0.025292823,-0.104802266,1.1762501,0.43415052,-0.124787994,0.58422613,-0.35644865,-0.013760095,0.5745289,0.057974577,0.37458265,0.1959899,-0.043459952,-0.123790294,0.014193201,-0.24459395,-0.05694371,-0.17360571,0.074970715,0.10255012,-0.2410074,-0.050591417,-0.4675796,0.049188327,0.42093822,-0.05971169,-0.41867658,0.028010994,-1.2009045,-0.09400555,-0.05807899,-0.038106937,-0.22116964,-0.22288385,-0.10076813,-0.08194961,0.0052638575,-0.055212524,-0.36077562,-0.120241106,-0.14875284,-0.13714035,0.39624524,0.17310554"
59,361,361,Palworld,1623730,pretty fun,10,93.86666666666666,2026-02-28 09:00:27,"50,000,000 .. 100,000,000",['Pocketpair'],['Pocketpair'],"['Action', 'Adventure', 'Indie', 'RPG', 'Early Access']",['windows'],"['Single-player', 'Multi-player', 'Co-op', 'Online Co-op', 'Cross-Platform Multiplayer', 'Steam Achievements', 'Full controller support', 'Steam Trading Cards', 'Steam Workshop', 'Steam Cloud', 'Family Sharing']","Jan 18, 2024",2999.0,"-0.440665,0.1709165,0.380215,-0.686795,-0.471915,0.3403351,0.02729205,0.49826503,-0.25121,-0.300151,0.29078,-0.078644,-0.10246199,-0.2927995,0.16282,0.0324775,-0.41738272,0.38549,-0.051560007,0.87686,0.661415,0.65415,-0.08682999,-0.89079,0.142345,0.48281,-0.611645,-0.47142798,-0.385419,-0.0644985,-0.53183645,0.49607,0.3017555,-0.44910502,0.59088004,0.037826,-0.547495,0.004965,0.155249,-0.72466,0.371725,-0.0248711,-0.128869,-0.32410002,-0.586895,-0.229659,0.157261,0.254215,0.302192,-1.06393,0.0314475,-0.602785,0.21923,0.361435,-0.070064,-2.2002,0.358675,0.815395,0.889425,-0.084614,-0.093986906,1.128,-0.978695,-0.185425,0.533805,0.12661,1.078925,-0.055540003,0.038600504,-0.11708799,0.24865,-0.19625466,0.0816055,0.0760621,0.16225502,0.652695,-0.023480006,-0.019669995,-0.029732252,-0.11659,-0.16710499,0.0790135,-0.24454,-0.07368995,-1.40945,-0.25869,-0.268715,-0.133512,-0.644145,-0.38160998,0.0179265,0.1577775,0.23389499,-0.22253951,0.00016599987,-0.30770048,-0.722355,-0.28572,0.17410499,0.835655"
60,1473,1473,HELLDIVERS 2,553850,super earth,24,42.05,2026-03-01 19:19:42,"20,000,000 .. 50,000,000",['Arrowhead Game Studios'],['PlayStation Publishing LLC'],['Action'],['windows'],"['Multi-player', 'Co-op', 'Online Co-op', 'Steam Achievements', 'In-App Purchases', 'Adjustable Text Size', 'Camera Comfort', 'Chat Speech-to-text', 'Chat Text-to-speech', 'Color Alternatives', 'Custom Volume Controls', 'Adjustable Difficulty', 'Narrated Game Menus', 'Playable without Timed Input', 'Stereo Sound', 'Subtitle Options', 'Surround Sound', 'Partial Controller Support', 'Family Sharing']","Feb 8, 2024",3999.0,"-0.34471,0.13085,1.10216,-0.28945,-0.175895,-0.22855501,0.264505,0.16605,-0.85126,0.075160004,0.51623,-0.66133,0.111755,-0.32936502,0.009120002,-0.56804,0.2616995,0.67153,0.05143,0.100531004,0.33459002,-0.28314,-0.363245,-0.0370785,0.53346,0.526465,-0.020337999,0.234506,0.3621505,0.29631,-0.033055,-0.00039499998,-0.415995,0.020824999,0.5244765,0.0424568,-0.42482,0.670494,-0.356398,-0.1466625,-0.407625,-0.30645,-0.123449996,-0.37980998,-0.085590005,0.37621498,-0.165625,0.488255,0.05426,-0.2832985,-0.320095,0.2788845,0.586655,0.786415,0.201904,-2.1224499,0.098110005,0.664365,1.227885,0.3361585,-0.23658249,0.861485,-0.27083498,-0.16706,0.977115,0.49547002,-0.24478886,-0.007680014,-0.07415497,-0.16018999,0.287605,-0.419276,0.18679601,0.778185,-0.32357502,-0.336775,0.10582501,-0.2545535,-0.274926,0.33543903,0.317177,0.27185997,-0.609595,0.37362,-0.457165,0.016855001,0.296245,-0.505335,0.338925,-0.034505002,0.36597002,0.533365,0.1902695,0.22436,-0.296165,-0.508425,-0.71740997,0.20951499,0.445371,-0.22604501"
61,678,678,New World: Aeternum,1063730,great game casual hardcore player wish coming end,81,213.6,2026-02-12 05:27:08,"50,000,000 .. 100,000,000",['Amazon Game Studios'],['Amazon Game Studios'],"['Action', 'Adventure', 'Massively Multiplayer', 'RPG']",['windows'],"['Multi-player', 'MMO', 'PvP', 'Online PvP', 'Co-op', 'Online Co-op', 'Steam Achievements', 'In-App Purchases', 'Adjustable Text Size', 'Camera Comfort', 'Chat Speech-to-text', 'Chat Text-to-speech', 'Color Alternatives', 'Custom Volume Controls', 'Keyboard Only Option', 'Playable without Timed Input', 'Save Anytime', 'Stereo Sound', 'Subtitle Options', 'Surround Sound', 'Partial Controller Support']","Sep 28, 2021",,"0.1242415,0.21828136,0.5899688,-0.29447874,-0.2762716,0.33837488,0.05516488,-0.16329351,-0.21473396,-0.15541236,0.022153245,-0.41794372,0.055267125,-0.29453626,0.16597874,-0.020234996,0.13827752,0.17914125,-0.3640034,0.32579878,0.2799726,0.09139775,-0.077196375,-0.22272874,0.4590219,0.057922382,-0.031735376,-0.35212284,0.42301625,-0.17630625,-0.45623127,0.44699326,-0.03371087,-0.13119388,0.31194586,0.050679695,-0.39591613,0.19212526,-0.20800775,-0.39451623,0.006922118,0.018719496,0.37008813,-0.20471402,-0.17914425,-0.06766712,0.25814462,-0.21382889,0.471531,-0.715957,-0.021111256,-0.09667625,-0.06448138,0.49253625,0.14051299,-2.0507812,-0.2062875,-0.19290088,1.2086962,0.5249335,-0.41567624,0.65578663,-0.58725345,0.011077248,0.6232525,-0.054072984,0.35686088,0.083365254,-0.09611999,-0.25370127,0.094679,-0.18876475,-0.039678376,-0.25059426,0.030102376,0.17246689,-0.123600125,-0.053858742,-0.18987751,-0.027175125,0.33844292,-0.026472498,-0.27801338,0.10858637,-1.13022,-0.13501349,-0.37344888,-0.10056336,-0.09079937,-0.1729065,-0.19320157,0.30444488,-0.12383462,0.07660675,-0.31085363,-0.37384757,-0.36626974,0.06454593,0.47229624,0.1537886"
62,1621,1621,ELDEN RING,1245620,try finger hole,21,817.35,2026-03-01 20:34:22,"20,000,000 .. 50,000,000","['FromSoftware, Inc.']","['FromSoftware, Inc.', 'Bandai Namco Entertainment']","['Action', 'RPG']",['windows'],"['Single-player', 'Multi-player', 'PvP', 'Online PvP', 'Co-op', 'Online Co-op', 'Steam Achievements', 'Full controller support', 'Steam Trading Cards', 'Camera Comfort', 'Custom Volume Controls', 'Playable without Timed Input', 'Save Anytime', 'Stereo Sound', 'Surround Sound', 'Steam Cloud', 'Family Sharing']","Feb 24, 2022",5999.0,"-0.43929663,-0.07041667,0.29789,-0.064803004,-0.18658334,0.15220334,0.018573344,0.049347002,-0.15497567,-0.08855667,0.15569,0.24522668,0.044166666,0.09096674,0.04385333,0.6091834,-0.3111153,0.026843334,-0.41099334,-0.23628335,0.24113733,0.47711667,-0.16974334,-0.29452,0.53998333,0.35198936,-0.6668833,-0.37690666,0.43327665,-0.284228,-0.08063,0.32894668,0.28215334,0.063106,0.08100999,-0.24726933,-0.52191,0.08274167,0.5291067,0.098894335,-0.4953033,-0.1088321,0.022943335,-0.33736333,-0.7286634,0.14146434,-0.09940066,0.049899995,-0.32087266,-0.6939833,-0.29486552,0.21588667,-0.17433299,0.8728067,-0.29323533,-2.1495333,-0.270645,-0.123616,1.0529667,0.5512317,-0.013253334,0.7134034,-0.0150470035,0.82435566,0.35531667,0.040483337,0.19736199,0.13093868,-0.3762165,-0.62633634,-0.19235419,0.40952668,0.17870998,-0.40521333,-0.11558667,-0.058876336,-0.27549335,-0.075686105,0.19671,0.8269833,0.40331665,0.10145033,-0.62115335,-0.3844067,-1.00305,-0.18097667,0.22260065,0.4876667,-0.09233733,0.46486235,-0.5323833,0.10610267,0.012672666,-0.3255277,-0.23923433,-0.09707919,0.3822,-0.34374,0.18825102,-0.0596907"
63,1089,1089,Unturned,304930,great game play gravity semi best server,52,1158.7166666666667,2023-01-10 23:15:55,"50,000,000 .. 100,000,000",['Smartly Dressed Games'],['Smartly Dressed Games'],"['Action', 'Adventure', 'Casual', 'Indie', 'Free To Play']","['windows', 'mac', 'linux']","['Single-player', 'Multi-player', 'PvP', 'Online PvP', 'LAN PvP', 'Co-op', 'Online Co-op', 'LAN Co-op', 'Steam Achievements', 'Steam Trading Cards', 'Steam Workshop', 'In-App Purchases', 'Camera Comfort', 'Custom Volume Controls', 'Adjustable Difficulty', 'Playable without Timed Input', 'Stereo Sound', 'Steam Cloud', 'Valve Anti-Cheat enabled', 'Stats', 'Includes level editor', 'Remote Play on Tablet']","Jul 7, 2017",,"-0.12939999,0.22221172,0.6764172,-0.15141025,-0.09699571,0.17299001,0.14154427,-0.07975342,-0.42210373,-0.10621586,0.13338868,-0.3504347,-0.035375994,-0.16654,-0.062180005,0.10633715,0.23803428,0.49971566,-0.31718084,0.3571257,-0.022882989,-0.013397421,0.059116002,0.34084702,0.64180857,-0.13097286,-0.15659729,-0.12806758,0.11640085,0.05965457,-0.5331847,0.38790616,-0.15489283,-0.11289157,0.47984716,-0.15797608,-0.43939713,0.48545572,-0.33886772,-0.37898716,-0.0032971352,-0.03387372,0.022933135,-0.20401385,0.07448714,-0.012539427,0.20225956,-0.42990857,0.23128666,-0.5319557,-0.37168142,0.13447428,0.30103186,0.74995995,0.24048285,-2.1683671,0.05693085,0.14870286,1.10747,0.4326827,-0.4516229,0.50611115,-0.60708857,0.21241356,0.6024599,-0.12494414,0.24887466,0.141297,-0.07051255,0.015324576,-0.015781002,-0.07225357,0.37665567,-0.18297686,0.28247857,-0.04450057,-0.15777001,-0.19104108,-0.08851499,0.19745001,0.4557139,0.12587856,-0.6489257,0.156379,-1.1281072,0.041531857,-0.11463429,-0.11926428,-0.008334428,-0.09003186,-0.12590858,0.39331287,-0.014302433,0.21004713,-0.022317989,-0.08346572,-0.32348996,-0.16853844,0.6666314,0.24790026"
64,1987,1987,Wallpaper Engine,431960,good free static dynamic background work little no issue thumbs,82,12.766666666666667,2026-03-01 01:41:49,"20,000,000 .. 50,000,000",['Wallpaper Engine Team'],['Wallpaper Engine Team'],"['Casual', 'Indie', 'Animation & Modeling', 'Design & Illustration', 'Photo Editing', 'Utilities']",['windows'],"['Steam Achievements', 'Steam Trading Cards', 'Steam Workshop', 'Steam Workshop', 'Includes level editor']","Nov 16, 2018",499.0,"-0.15395062,0.3278454,0.28501198,-0.27901012,-0.018415898,0.0735683,-0.18628716,-0.020169895,-0.05068041,-0.108869195,-0.09848334,-0.08051549,0.22203636,0.021188106,0.1835864,0.10071161,0.037628196,0.02501381,0.16022,0.065572,0.16100195,0.0987902,-0.035497405,-0.19379225,0.281813,-0.080195196,-0.08499999,-0.18982089,-0.044229303,-0.11010846,-0.1325651,0.38361028,-0.13659401,0.036248304,0.154468,0.11496041,-0.013773704,0.09336491,-0.020221412,-0.16483779,-0.2123461,-0.21368131,0.1374478,-0.14897999,-0.3797559,-0.291132,0.057659805,-0.1450099,-0.039904095,-0.727334,0.211977,-0.07813679,-0.13624716,0.7713054,0.06969432,-1.9542162,0.22610791,-0.1051234,1.4636819,0.085275896,0.023681704,0.56199145,-0.645047,-0.021071574,0.925498,-0.053332902,0.47378802,-0.028978694,0.07984398,-0.11855507,0.0002807021,-0.08359429,0.23963793,-0.37015703,0.272622,0.210796,-0.132455,-0.07685889,-0.38531634,-0.37544212,0.45903397,-0.037444793,-0.17348702,-0.032700513,-1.267216,0.1922024,0.24524832,-0.021398097,-0.22703071,-0.40133962,-0.03733946,-0.1178637,-0.04277582,0.021645803,-0.23170039,-0.010511774,-0.284269,-0.46382037,0.23028782,0.39709598"
65,1847,1847,Path of Exile 2,2694490,gotta love deus slowly remove everything fun game leave meaningless incremental number grind behind,127,375.45,2026-02-27 15:51:54,"20,000,000 .. 50,000,000",['Grinding Gear Games'],['Grinding Gear Games'],"['Action', 'Adventure', 'Massively Multiplayer', 'RPG', 'Early Access']",['windows'],"['Single-player', 'Multi-player', 'MMO', 'Co-op', 'Online Co-op', 'Full controller support', 'HDR available']","Dec 6, 2024",2999.0,"-0.21050607,0.22352299,0.28637162,-0.2133687,-0.20778856,0.40056497,-0.04114587,0.28747392,0.21796171,-0.085359864,0.134827,0.14776142,0.13207716,0.05631129,0.12788871,-0.022873282,-0.009940038,0.5106871,-0.118695445,0.40164426,0.42496958,0.15418307,-0.11637427,-0.044291943,0.36681262,0.16276751,-0.14200373,-0.23480915,0.201996,-0.18216042,-0.31399432,0.229118,-0.10053421,-0.091723,-0.07778138,0.0773321,-0.16415235,-0.040323354,-0.0070312726,-0.44766974,-0.08111872,-0.08599881,0.009606247,-0.2943738,-0.37806982,0.008474574,-0.15231737,-0.0364125,-0.014052921,-0.5898929,0.06028557,-0.044422783,-0.019544214,0.7165896,-0.024572287,-1.5818101,0.09301134,0.12291021,0.8405986,0.34559527,-0.18841386,0.36240715,-0.38244492,-0.092260845,0.45913002,0.14696005,0.37504482,0.025997642,-0.012529717,-0.22088216,0.1936855,-0.079696655,0.027061285,-0.13331619,0.15770827,0.17357981,-0.22668673,-0.06595171,-0.039338358,-0.032408495,0.23195127,-0.06520726,-0.42116842,0.11699306,-1.0066965,-0.088228285,0.013886647,-0.047281805,-0.37452078,-0.12663092,-0.17413029,0.096462004,-0.14804593,0.013801204,-0.22973084,-0.5604027,-0.17168672,-0.08725637,0.2954883,0.36764628"
66,987,987,Left 4 Dead 2,550,love game still good fun year,72,12.883333333333333,2026-02-28 11:26:37,"50,000,000 .. 100,000,000",['Valve'],['Valve'],['Action'],"['windows', 'linux']","['Single-player', 'Multi-player', 'PvP', 'Online PvP', 'Co-op', 'Online Co-op', 'Steam Achievements', 'Full controller support', 'Steam Trading Cards', 'Captions available', 'Steam Workshop', 'Camera Comfort', 'Color Alternatives', 'Custom Volume Controls', 'Adjustable Difficulty', 'Playable without Timed Input', 'Stereo Sound', 'Surround Sound', 'Steam Cloud', 'Valve Anti-Cheat enabled', 'Stats', 'Includes Source SDK', 'Commentary available', 'Remote Play on Phone', 'Remote Play on Tablet', 'Remote Play on TV', 'Remote Play Together', 'Family Sharing', 'Steam Timeline']","Nov 16, 2009",999.0,"0.04295833,0.345451,0.5673733,-0.5514167,-0.24881999,0.32596654,0.19653416,0.07545334,-0.28161314,-0.26045865,0.044664335,-0.062945835,0.13855766,-0.0452365,0.1468819,-0.11385033,0.22160544,0.36171782,-0.297385,0.77249336,0.35013762,0.23989718,-0.01650466,-0.027159333,0.45053032,0.20427333,-0.23284917,-0.39372435,0.058776826,-0.26059002,-0.4937775,0.574015,0.0592335,-0.14691183,0.19457383,0.207285,-0.38952664,0.3637003,-0.11683363,-0.47257832,0.011188005,-0.09598887,0.23897795,-0.29583386,-0.23484717,-0.12806767,0.14733465,-0.50576466,0.34327236,-1.0384051,-0.03214683,-0.40792152,0.1396995,0.9484933,0.06679932,-2.6710665,0.10484334,0.14737333,1.2531117,0.48416504,-0.31224498,0.81111336,-0.63257164,-0.12424951,0.438115,0.21241349,0.6822302,0.08143016,0.028661162,-0.22973664,0.22331534,-0.13856383,-0.051946163,-0.04822147,-0.13878168,0.43589166,-0.18632166,-0.09579333,-0.59947807,-0.00042333454,0.24663502,0.12898366,-0.47473836,0.15912999,-1.43305,-0.07690333,-0.33043283,-0.23570418,-0.35340616,-0.2611803,-0.17659032,0.016514665,-0.007483671,0.042111,-0.50556916,-0.08536,-0.42560783,-0.26402166,0.45955133,0.41865468"
67,1512,1512,Warframe,230410,good game great scenario mission,48,46.48333333333333,2025-07-28 03:34:04,"20,000,000 .. 50,000,000",['Digital Extremes'],['Digital Extremes'],"['Action', 'RPG', 'Free To Play']",['windows'],"['Single-player', 'Multi-player', 'Co-op', 'Online Co-op', 'Cross-Platform Multiplayer', 'Steam Achievements', 'Full controller support', 'Steam Trading Cards', 'Steam Workshop', 'In-App Purchases', 'Camera Comfort', 'Color Alternatives', 'Custom Volume Controls', 'Playable without Timed Input', 'Stereo Sound', 'Surround Sound', 'Remote Play on Phone', 'Remote Play on Tablet', 'Remote Play on TV', 'HDR available']","Mar 25, 2013",,"-0.2397732,0.27486998,0.683004,-0.057278015,-0.40761098,-0.10295598,0.27109116,-0.187614,-0.42586035,-0.150744,-0.128328,-0.123642005,0.13823882,-0.22551818,0.0028479933,-0.0874064,0.1257516,0.40870318,-0.43122602,0.48087257,-4.860163e-05,0.052545585,-0.2372108,-0.155576,0.27635196,0.07093199,-0.34262398,0.016481403,-0.10586202,-0.150262,-0.511836,0.24792299,-0.113065995,-0.2051282,0.0977216,-0.02576844,-0.387689,0.412358,0.04677204,-0.57151806,-0.192931,0.1432372,0.383286,-0.19775599,0.0687,-0.112585604,0.30677122,-0.446234,-0.05065021,-0.64578676,-0.034159996,-0.05174579,-0.012089205,0.880406,0.1541302,-2.6297002,0.09730121,0.04627801,1.257564,0.49670196,-0.3669824,0.67163795,-0.44807196,-0.13056321,0.5857834,-0.0178738,-0.048296023,0.15004781,-0.18147258,-0.020125201,0.25964442,-0.22694059,-0.009516013,-0.2793556,0.32678598,0.0861378,-0.16677222,0.13524735,-0.471546,0.1792222,0.239696,0.3106622,-0.48131642,0.106196,-1.29797,0.1344794,-0.059387423,-0.2633862,-0.13921899,-0.461104,-0.1370738,0.047052007,0.033885606,0.13390599,-0.333382,-0.045432605,-0.37556797,-0.16725801,0.1761266,0.40239364"
68,111,111,Apex Legends,1172470,jhhhghhhhhhhhhhh hate review vav ring zdsrfg,110,122.13333333333334,2025-09-11 02:31:08,"100,000,000 .. 200,000,000",['Respawn'],['Electronic Arts'],"['Action', 'Adventure', 'Free To Play']",['windows'],"['Multi-player', 'PvP', 'Online PvP', 'Co-op', 'Online Co-op', 'Steam Achievements', 'Full controller support', 'Steam Trading Cards', 'In-App Purchases', 'Chat Speech-to-text', 'Playable without Timed Input']","Nov 4, 2020",,"-0.023422495,0.15276748,0.09289913,-0.40614748,0.080540374,0.42617002,-0.3709345,0.0783575,0.15612376,0.20037949,-0.22255826,-0.07702949,-0.24964748,0.3846666,-0.14285001,0.23117675,0.316015,0.20326251,0.045987487,0.055562496,0.1793375,-0.39842498,-0.50690997,-0.2753675,0.194566,0.1818239,0.57717,-0.037554998,0.20660399,0.083105,0.27029225,-0.014366746,0.179495,-0.034382492,0.1226325,0.081949994,-0.093852505,-0.17091249,0.1119,0.037830748,-0.22586246,-0.08701725,-0.13037997,-0.3643335,-0.17744999,-0.34456998,-0.10911275,-0.1066125,0.13242,-0.377294,0.39697248,0.26499552,-0.07091975,0.38274997,-0.32395825,-1.0614575,0.47918746,0.2608775,1.11794,0.201955,-0.122125,0.305845,-0.3236905,-0.29321998,0.40377998,0.08512749,0.2566067,0.3231575,0.04557,0.17987426,0.022285447,-0.18546249,-0.0080941245,0.07092175,-0.38393152,0.06502248,0.13054,0.016777497,-0.2774025,0.03609,0.067624986,-0.090118,-0.1649425,-0.023177505,-0.74952,0.087205,-0.086155,-0.4738265,-0.06466575,0.056785252,-0.229335,-0.07699751,-0.158991,-0.07424794,0.6763525,-0.0030234903,0.0008774996,-0.0873875,0.092697516,0.1841925"
69,1487,1487,HELLDIVERS 2,553850,democracy,13,38.03333333333333,2026-03-01 18:13:00,"20,000,000 .. 50,000,000",['Arrowhead Game Studios'],['PlayStation Publishing LLC'],['Action'],['windows'],"['Multi-player', 'Co-op', 'Online Co-op', 'Steam Achievements', 'In-App Purchases', 'Adjustable Text Size', 'Camera Comfort', 'Chat Speech-to-text', 'Chat Text-to-speech', 'Color Alternatives', 'Custom Volume Controls', 'Adjustable Difficulty', 'Narrated Game Menus', 'Playable without Timed Input', 'Stereo Sound', 'Subtitle Options', 'Surround Sound', 'Partial Controller Support', 'Family Sharing']","Feb 8, 2024",3999.0,"-0.215,0.87737,-0.063965,-0.042852,0.86186,0.89338,-0.35324,-0.99678,0.15289,0.066144,-0.52534,0.68397,0.34208,-0.1562,-0.73768,0.20957,0.16697,-0.039477,-0.43481,-0.24743,0.43591,-0.058181,0.65537,-0.28042,0.37273,0.36553,0.1083,-0.67762,0.57978,0.38404,0.31276,1.0281,0.12181,0.47344,0.43453,-0.5851,0.30595,0.43365,-1.0241,-0.72537,-1.7373,-0.65151,0.80613,-0.15615,-0.27365,-1.0545,0.52086,0.15272,-0.60403,-0.33367,-0.17697,-0.2755,-0.42711,1.3151,0.37881,-1.2953,0.18912,0.41696,1.4792,-0.0141,-1.1892,-0.30676,-1.311,-0.70105,0.67542,0.58331,-0.35846,-0.4816,0.31092,-0.065241,1.3389,0.16039,-0.88174,-0.57881,0.21681,-0.17917,-0.10835,0.25223,-0.9224,-0.28561,0.52446,0.40163,0.22797,0.68122,-0.71693,1.2085,0.26086,0.30124,0.17424,-0.82416,0.96425,-0.44436,-0.14183,0.84599,-0.59692,-0.42527,0.52494,-0.78475,0.31882,0.9449"
70,1453,1453,HELLDIVERS 2,553850,game fun mainly friend solo kinda tough,61,24.98333333333333,2026-03-01 20:45:37,"20,000,000 .. 50,000,000",['Arrowhead Game Studios'],['PlayStation Publishing LLC'],['Action'],['windows'],"['Multi-player', 'Co-op', 'Online Co-op', 'Steam Achievements', 'In-App Purchases', 'Adjustable Text Size', 'Camera Comfort', 'Chat Speech-to-text', 'Chat Text-to-speech', 'Color Alternatives', 'Custom Volume Controls', 'Adjustable Difficulty', 'Narrated Game Menus', 'Playable without Timed Input', 'Stereo Sound', 'Subtitle Options', 'Surround Sound', 'Partial Controller Support', 'Family Sharing']","Feb 8, 2024",3999.0,"-0.23163442,0.11054014,0.4232051,-0.4240637,0.08733144,0.42556438,0.0900157,0.08429057,-0.1594645,-0.05742688,0.20190087,-0.35464042,0.09418341,-0.09477786,0.040592995,0.105577864,-0.060322195,0.06824429,-0.0983343,0.64454854,0.53360283,0.29666042,0.0049671405,-0.19023778,0.42555714,0.085609004,-0.420754,-0.28079128,0.14354743,0.1190557,-0.7367762,0.43133453,0.23262456,-0.07000986,0.16171572,0.21176715,-0.23057315,0.04930828,0.1206883,-0.39173716,0.05119286,0.11707183,0.3016943,-0.04644428,-0.27658144,-0.18116243,0.051016714,-0.14330283,0.28560358,-0.57298,-0.19956498,-0.035099562,0.07582552,0.44465283,0.033613864,-1.9135971,0.029085696,0.15988043,0.7782129,0.44056815,-0.09456857,0.62899864,-0.44950157,-0.12008744,0.47463423,-0.030718582,0.55125445,0.021328423,-0.060905717,-0.1430327,0.083045706,-0.057257857,-0.014393853,-0.046214823,-0.11036571,0.30800015,-0.19485715,-0.065013774,-0.00544114,0.033642,0.20623,0.17637527,-0.24325857,-0.06874243,-1.1821443,-0.09617757,-0.27442002,-0.04755471,-0.4226764,-0.28428712,-0.18900387,0.07013015,0.059914272,-0.07693844,-0.16473758,0.04858585,-0.71873003,-0.069496855,0.35224858,0.13920972"
71,383,383,Palworld,1623730,always something good enjoy adventure building,71,73.16666666666667,2026-02-27 20:48:55,"50,000,000 .. 100,000,000",['Pocketpair'],['Pocketpair'],"['Action', 'Adventure', 'Indie', 'RPG', 'Early Access']",['windows'],"['Single-player', 'Multi-player', 'Co-op', 'Online Co-op', 'Cross-Platform Multiplayer', 'Steam Achievements', 'Full controller support', 'Steam Trading Cards', 'Steam Workshop', 'Steam Cloud', 'Family Sharing']","Jan 18, 2024",2999.0,"-0.041931998,0.32356,0.29037,-0.038822323,-0.12975083,0.12330983,-0.2185445,0.11995634,-0.00136516,-0.33793163,0.09103749,-0.10298017,0.1478395,-0.038039338,-0.11256667,-0.25159034,0.140858,0.40126598,-0.34844336,0.5843517,0.15844466,0.33592117,-0.09349268,-0.7238116,0.22958334,0.1567825,-0.41228834,-0.44336998,-0.21311735,-0.2700533,-0.47805318,0.5927067,-0.078813665,-0.122565,0.51906097,0.22773166,-0.12214368,0.10487049,-0.007686369,-0.44574332,-0.04603983,-0.0293385,0.22621167,-0.38781667,-0.053164184,-0.09384001,0.2694598,0.0087659955,0.3068865,-0.87678,0.01273767,-0.28126165,0.04013187,0.9779549,0.098505676,-2.2638335,0.301945,0.17114413,1.2903032,0.16400667,-0.22311766,0.9483416,-0.43195832,-0.239139,0.62347335,0.11612218,0.6180408,0.027482552,-0.049366165,-0.26887482,0.24354883,-0.21779482,0.1245845,-0.22092266,0.10791501,0.2690378,0.047487672,-0.069573335,-0.5214758,0.04609466,0.03557116,0.14356834,-0.309723,0.06475333,-1.044855,0.107271664,-0.15353617,-0.2568458,-0.3232561,-0.40704504,0.106711835,-0.2303135,0.27130702,-0.202695,-0.4201027,-0.116701834,-0.24093835,-0.4834133,0.41712666,0.6177059"
72,1395,1395,Monster Hunter Wilds,2246340,played every monster hunter game since try love monster hunter game love challenge love seeing monster live environments love weapon combat cooking online community wholesome hard hunt thu even none could talk eachother cause no one lobby could speak english wild far worst least enjoyable game ever played online better read chinese know happening half time combat great limo graphic really nice think secret good addition area great not true game feel like final fantasy painted colour want disable item want throw inventory story incredibly annoying lost language calico shut care worst gogamizos fight easy battle check completely unnecessary yes check game yes established thing game always something special thu could least scale wall ultimate attack got cannon railway felt like something stake worst game run badly want game play go play world,1386,141.41666666666666,2026-02-28 12:20:34,"20,000,000 .. 50,000,000","['CAPCOM Co., Ltd.']","['CAPCOM Co., Ltd.']","['Action', 'Adventure', 'RPG']",['windows'],"['Single-player', 'Multi-player', 'Co-op', 'Online Co-op', 'Cross-Platform Multiplayer', 'Steam Achievements', 'Full controller support', 'Steam Trading Cards', 'Adjustable Text Size', 'Camera Comfort', 'Color Alternatives', 'Custom Volume Controls', 'Keyboard Only Option', 'Stereo Sound', 'Subtitle Options', 'Surround Sound', 'Steam Cloud', 'HDR available', 'Family Sharing']","Feb 27, 2025",6999.0,"-0.09553851,0.2918402,0.37866032,-0.25703695,-0.16321889,0.22254644,-0.018702526,-0.009096285,-0.024975928,-0.087296166,0.0750353,-0.041710794,0.07393274,-0.08246974,0.024717322,-0.011419551,0.13720895,0.23846473,-0.36927494,0.38552824,0.271768,0.04856707,0.027882196,-0.1753341,0.23027286,0.041453313,-0.1910217,-0.24195203,0.072894156,-0.121040136,-0.15394187,0.38244724,0.030624563,-0.07362298,0.2135356,0.06129873,-0.23901133,0.14228335,-0.009704065,-0.19211945,-0.14339106,-0.07338776,0.013691252,-0.26788616,-0.07012901,-0.04218229,0.15899457,-0.21824966,0.048536733,-0.7314372,-0.0009236939,-0.012446686,0.046647113,0.7627177,0.024764001,-2.0235515,0.051275637,0.028408566,1.1842079,0.37845626,-0.19224928,0.7375149,-0.36874792,-0.095244326,0.6319944,0.05247229,0.37343615,0.10721816,-0.04690168,-0.05359166,0.006677539,-0.18896174,0.014657739,-0.11548129,0.104228035,0.16054478,-0.13433279,-0.044226013,-0.45190594,0.061586156,0.3471412,-0.0731147,-0.3774915,0.07701823,-1.1476799,-0.13395762,-0.07017457,-0.09893018,-0.2041173,-0.15635799,-0.025350656,-0.012882961,0.04628164,0.007515518,-0.36763,-0.09368201,-0.23243147,-0.12200815,0.38289094,0.16216142"
73,1054,1054,Unturned,304930,amazing nostalgic game played since alpha want much game one map play,127,26.6,2023-11-21 22:51:22,"50,000,000 .. 100,000,000",['Smartly Dressed Games'],['Smartly Dressed Games'],"['Action', 'Adventure', 'Casual', 'Indie', 'Free To Play']","['windows', 'mac', 'linux']","['Single-player', 'Multi-player', 'PvP', 'Online PvP', 'LAN PvP', 'Co-op', 'Online Co-op', 'LAN Co-op', 'Steam Achievements', 'Steam Trading Cards', 'Steam Workshop', 'In-App Purchases', 'Camera Comfort', 'Custom Volume Controls', 'Adjustable Difficulty', 'Playable without Timed Input', 'Stereo Sound', 'Steam Cloud', 'Valve Anti-Cheat enabled', 'Stats', 'Includes level editor', 'Remote Play on Tablet']","Jul 7, 2017",,"-0.16059858,0.3159876,0.43472168,-0.2405644,-0.15391791,0.3429955,0.2052425,0.092421085,-0.30548242,-0.08122437,0.041942168,-0.31281435,0.0040922537,-0.29217452,0.12892173,0.06789667,0.16746376,0.42289862,-0.11448067,0.45892134,0.26374543,0.13327105,0.0129918335,0.060481083,0.4299327,-0.085278004,-0.16079251,-0.18927442,0.20869517,-0.046232913,-0.25699174,0.62305933,-0.043854833,0.02984614,0.085627496,-0.097799994,-0.298521,0.42178583,-0.23619081,-0.4570119,-0.00081658614,-0.08076071,0.20533477,-0.15505567,-0.1483555,0.0805845,0.3098195,-0.27473676,0.20175944,-0.5837566,-0.16479725,-0.06546607,0.11380842,0.8580925,-0.006010665,-2.2722032,-0.12337949,-0.10572783,1.0291225,0.6970184,-0.45158228,0.8278041,-0.56026524,0.0065451614,0.5596308,0.12589766,0.26170555,0.29273543,-0.05848615,0.110959075,0.1364826,-0.18997584,0.08355367,-0.17939883,0.05469666,0.123669915,-0.15790801,-0.075148724,-0.47685292,0.030464172,0.26154837,-0.0729196,-0.45937005,0.14979784,-1.1660064,0.050851997,-0.0677676,-0.15556008,-0.24283583,-0.17012443,-0.14909391,0.21090917,-0.24332167,0.074802585,-0.4632485,-0.26130667,-0.36229673,-0.15020408,0.3324874,0.2514842"
74,755,755,Black Myth: Wukong,2358720,first really tough game get first chapter extremely rewarding satisfying story excellent follows chinese mythology combat system unlike game personally played believe game one best game played really long time would recommend,348,49.3,2026-02-28 16:59:56,"50,000,000 .. 100,000,000",['Game Science'],['Game Science'],"['Action', 'Adventure', 'RPG']",['windows'],"['Single-player', 'Steam Achievements', 'Full controller support', 'Steam Trading Cards', 'Playable without Timed Input', 'Stereo Sound', 'Surround Sound', 'Steam Cloud', 'Family Sharing']","Aug 19, 2024",5999.0,"-0.14827958,0.23775841,0.39684168,-0.14960618,-0.19132899,0.2196601,0.048147403,0.013211843,-0.28509668,-0.14881793,0.097124204,-0.21580118,0.06362677,-0.13170552,-0.058322124,-0.04410274,0.17387767,0.19438206,-0.28467396,0.41854748,0.23139173,-0.057803065,-0.06425045,-0.0011979677,0.30872202,-0.08484431,-0.21971768,-0.25491202,0.036165874,0.014568092,-0.3475899,0.59086984,-0.028160755,-0.13581584,0.23486167,0.07440653,-0.30505192,0.22986309,-0.14278868,-0.21902363,-0.16197394,-0.02654653,0.20529564,-0.21013378,-0.10694525,-0.03714769,0.27047554,-0.29206654,0.13110906,-0.7187049,-0.017340627,-0.17399196,0.17161083,0.8382012,-0.04129012,-2.1777554,0.10868735,-0.03945853,1.2110138,0.5474331,-0.4140286,0.6719902,-0.36066464,-0.038603637,0.6279289,-0.04310141,0.27755544,0.31489265,-0.06728347,-0.021708941,0.08755326,-0.17461377,-0.0016442165,-0.023851346,0.1301686,0.13210005,-0.3214226,-0.02452637,-0.5457571,-0.036740433,0.3111508,0.048119776,-0.5291044,0.04909212,-1.3941824,-0.06417562,-0.1689672,-0.19587655,-0.20395277,-0.27864712,-0.123186044,0.056231003,-0.14740078,-0.026384853,-0.24629663,-0.05496862,-0.39700043,-0.18990247,0.3341465,0.23362419"
75,324,324,Palworld,1623730,god,3,93.5,2026-03-01 10:47:23,"50,000,000 .. 100,000,000",['Pocketpair'],['Pocketpair'],"['Action', 'Adventure', 'Indie', 'RPG', 'Early Access']",['windows'],"['Single-player', 'Multi-player', 'Co-op', 'Online Co-op', 'Cross-Platform Multiplayer', 'Steam Achievements', 'Full controller support', 'Steam Trading Cards', 'Steam Workshop', 'Steam Cloud', 'Family Sharing']","Jan 18, 2024",2999.0,"0.43414,0.83408,0.5934,-0.27576,0.0738,1.1678,-0.81431,-0.44566,0.107,-0.64585,0.082188,-0.21979,0.74463,0.52581,0.30714,-1.3932,0.22689,0.87584,-1.5773,1.325,-0.17464,-1.0626,-1.0502,-0.20297,0.57481,1.1517,-0.64222,-0.11813,0.52094,0.10227,0.63393,0.05253,-0.24155,0.11705,-0.16385,-0.08113,-0.40486,0.27208,0.62358,-0.78284,-0.78031,1.1003,0.59216,-0.48685,-0.20998,-0.47734,0.03295,0.11653,-0.39919,-0.76189,0.09318,0.84754,1.5402,1.0642,-0.62729,-1.8783,0.67105,0.31923,0.74992,0.20445,0.76704,0.4952,-0.29807,-0.75948,0.3302,0.44451,0.054353,-0.21146,-0.099696,-0.64717,0.70308,0.19498,0.59476,-0.54367,0.3663,0.08349,0.090207,-0.54985,-0.59734,0.24354,-0.36756,0.29299,-0.93052,0.103,-1.1354,0.37565,-0.30992,-0.65516,0.82278,-0.17073,-0.049053,-0.59641,0.35431,0.5645,-0.39342,-1.1199,-0.52763,-0.58435,0.084958,0.26176"
76,1623,1623,ELDEN RING,1245620,huh game make mad,26,3.7666666666666666,2026-03-01 20:01:42,"20,000,000 .. 50,000,000","['FromSoftware, Inc.']","['FromSoftware, Inc.', 'Bandai Namco Entertainment']","['Action', 'RPG']",['windows'],"['Single-player', 'Multi-player', 'PvP', 'Online PvP', 'Co-op', 'Online Co-op', 'Steam Achievements', 'Full controller support', 'Steam Trading Cards', 'Camera Comfort', 'Custom Volume Controls', 'Playable without Timed Input', 'Save Anytime', 'Stereo Sound', 'Surround Sound', 'Steam Cloud', 'Family Sharing']","Feb 24, 2022",5999.0,"0.020467237,0.012156252,0.98944503,-0.70597,-0.79997,0.035115007,0.418593,-0.120625995,-0.046264246,-0.2560825,0.0274565,-0.15137126,-0.0276525,0.020703249,0.70594215,0.21218249,0.019439995,0.6380563,-0.31870726,0.4365975,0.30234998,0.51276004,0.034248672,-0.21982148,0.35043752,0.2308455,-0.21437752,-0.0743375,0.0840995,0.18406625,-0.2675785,0.66942,-0.011727244,-0.17420074,-0.027840007,0.046496008,-0.5262815,0.22389624,-0.5259825,-0.6093675,0.034542516,0.2158435,-0.236349,-0.556255,-0.17673,0.22619063,-0.07551125,-0.23690401,0.1415565,-0.7693275,-0.20854253,-0.15643331,0.07431351,0.5428922,-0.46636003,-1.8386775,0.1343025,0.3381675,0.6553475,0.16662148,-0.275495,0.600955,-0.247225,-0.23646975,0.55073977,0.2582475,0.27739248,0.26875725,-0.39641002,-0.14954251,0.213871,-0.10304375,-0.25321525,-0.262267,-0.030722499,0.2503055,-0.15517002,-0.066035494,-0.2519725,0.324566,0.68860745,-0.1692625,-0.33493,-0.02472251,-1.23568,-0.033629753,-0.123323254,0.1472725,-0.244459,0.010059502,-0.057825007,0.0584785,-0.1870575,-0.0991725,-0.15038548,-0.2415375,-0.236615,-0.37483,0.25295526,-0.063265495"
77,787,787,Black Myth: Wukong,2358720,one best game ever played,31,78.51666666666667,2026-02-27 15:00:45,"50,000,000 .. 100,000,000",['Game Science'],['Game Science'],"['Action', 'Adventure', 'RPG']",['windows'],"['Single-player', 'Steam Achievements', 'Full controller support', 'Steam Trading Cards', 'Playable without Timed Input', 'Stereo Sound', 'Surround Sound', 'Steam Cloud', 'Family Sharing']","Aug 19, 2024",5999.0,"-0.056464203,0.31049317,0.660282,-0.3865864,-0.048777796,0.3685816,0.389448,-0.04660861,-0.60991997,-0.12591383,0.23860522,-0.45742837,-0.0071463985,-0.070983596,-0.066811405,0.0686072,0.396038,0.37414536,-0.339042,0.59336394,0.36990198,0.1813118,0.1333478,0.04022,0.690116,-0.323808,-0.1844022,-0.37077197,0.16282599,0.0810586,-0.476132,0.70881,0.22321,0.118773796,0.3615548,0.003340602,-0.65728605,0.533594,-0.42076197,-0.2655406,-0.015275791,0.09616521,0.2830364,-0.1278512,0.115774,0.14706299,0.392716,-0.65145004,0.21168602,-0.87782204,-0.270742,-0.18325801,0.18953201,1.076096,-0.0080639925,-2.7073002,-0.2419148,0.1265192,0.97699994,0.8860858,-0.55592597,0.892574,-0.5735366,0.13988599,0.669294,-0.20149,0.42923197,0.3675138,-0.108262196,0.18535522,0.0767978,-0.130513,-0.017628398,0.122714415,0.116376,0.134462,-0.39397302,-0.29592124,-0.4092918,0.039512,0.45604402,0.13588756,-0.48176622,0.0331014,-1.5525,-0.251226,-0.2524242,-0.2300282,-0.017490197,-0.2606518,-0.3350252,0.103399396,-0.235428,0.030016,-0.46223602,0.12028799,-0.516528,0.035563998,0.56485,0.25254363"
78,368,368,Palworld,1623730,hi,4,87.01666666666667,2026-02-28 03:47:57,"50,000,000 .. 100,000,000",['Pocketpair'],['Pocketpair'],"['Action', 'Adventure', 'Indie', 'RPG', 'Early Access']",['windows'],"['Single-player', 'Multi-player', 'Co-op', 'Online Co-op', 'Cross-Platform Multiplayer', 'Steam Achievements', 'Full controller support', 'Steam Trading Cards', 'Steam Workshop', 'Steam Cloud', 'Family Sharing']","Jan 18, 2024",2999.0,"0.1444,0.23979,0.96693,0.31629,-0.36064,-0.87674,0.098512,0.31078,0.47929,0.27175,0.30005,-0.23732,-0.31517,0.17925,0.61773,0.59821,0.49489,0.3423,-0.078034,0.60212,0.18683,0.5207,-0.12331,0.48313,-0.24117,0.59696,0.61078,-0.84414,0.27661,0.068767,-1.1388,0.089544,0.89842,0.53788,0.10841,-0.10038,0.12921,0.11476,-0.474,-0.8049,0.96,-0.36602,-0.43019,-0.39808,-0.096782,-0.71184,-0.31494,0.82346,0.42179,-0.69205,-1.4864,0.29498,-0.30875,-0.49995,-0.4649,-0.44524,0.8106,1.4757,0.53782,-0.28271,-0.045796,0.14454,-0.74485,0.35495,-0.40961,0.35779,0.40061,0.37339,0.72163,0.40813,0.26155,-0.14239,-0.020514,-1.1106,-0.4767,0.37832,0.89612,-0.17323,-0.50137,0.22991,1.5324,-0.82032,-0.10096,0.45202,-0.88639,0.089056,-0.19347,-0.42253,0.022429,0.29444,0.020747,0.48935,0.35991,0.092758,-0.22428,0.60038,-0.3185,-0.72424,-0.22632,-0.030972"
79,1819,1819,Path of Exile 2,2694490,johnathan,9,1132.4833333333331,2026-03-01 05:04:49,"20,000,000 .. 50,000,000",['Grinding Gear Games'],['Grinding Gear Games'],"['Action', 'Adventure', 'Massively Multiplayer', 'RPG', 'Early Access']",['windows'],"['Single-player', 'Multi-player', 'MMO', 'Co-op', 'Online Co-op', 'Full controller support', 'HDR available']","Dec 6, 2024",2999.0,"0.48783,-0.37359,0.38238,-0.40123,-0.79422,0.20289,0.48896,-0.4281,-0.54497,-0.14496,-0.15691,-0.29348,-0.16506,0.11338,0.92838,-0.12012,0.26061,0.19937,-0.57279,-0.12972,-0.12857,0.26526,0.60384,0.12189,0.18121,0.32876,-0.29482,0.19623,-0.56018,0.077469,-0.57182,0.24353,0.29367,-0.34515,-0.56557,-0.78899,0.091427,0.12897,-0.044712,-0.51982,-0.44556,0.43368,0.39756,0.13736,-0.532,0.067341,-0.090179,-0.84858,-0.1998,0.79812,0.28574,0.75069,-0.42672,-0.10177,-0.3589,0.024024,-0.25219,-0.14534,-0.99696,-0.75888,0.13089,-0.074804,0.076202,-0.028965,0.10501,-0.37108,0.31136,0.28726,0.0093999,-0.021978,0.14606,-0.097673,-0.30007,-0.39985,0.02641,0.37569,-0.023061,0.060386,1.2687,0.029415,0.18065,0.069703,-0.42164,-0.22335,0.41303,-0.51324,0.015095,0.049134,-0.033168,0.045257,-0.67497,0.66771,-0.16782,-0.32687,-0.3177,-0.2556,0.54297,-0.59094,-0.78678,0.083524"
80,69,69,Counter-Strike: Global Offensive,730,stop help,22,1301.1166666666666,2026-03-01 23:01:47,"100,000,000 .. 200,000,000",['Valve'],['Valve'],"['Action', 'Free To Play']","['windows', 'linux']","['Multi-player', 'Cross-Platform Multiplayer', 'Steam Trading Cards', 'Steam Workshop', 'In-App Purchases', 'Adjustable Text Size', 'Camera Comfort', 'Color Alternatives', 'Custom Volume Controls', 'Playable without Timed Input', 'Stereo Sound', 'Surround Sound', 'Valve Anti-Cheat enabled', 'Stats', 'Remote Play on Phone', 'Remote Play on Tablet', 'Remote Play on TV', 'Steam Timeline']","Aug 21, 2012",,"0.007650003,-0.03104499,-0.048147503,-0.1483885,0.160685,0.190795,-0.596865,0.15083,0.31393,-0.1127865,0.0361885,-0.2177624,-0.0126475,-0.0579065,-0.19578499,-0.099303,0.13865,-0.154041,-0.736615,0.40134,0.18688999,-0.0484,-0.0623234,-0.10676,-0.088300504,0.3986795,-0.59468997,-0.48281997,0.59441,-0.105036,-0.43321502,0.51043,0.078370005,0.31236,-0.26495,-0.09222499,0.063686,-0.302705,0.38275498,-0.037665,-0.648425,-0.032534994,-0.2450045,-0.68564,-0.292116,0.418145,-0.164165,-0.370735,-0.22442499,-0.87160504,-0.17166999,0.238715,-0.100575,1.2054,0.20535,-2.29945,-0.19055,-0.423409,1.9101,0.057976503,-0.314055,0.13565001,0.077778496,0.0570979,0.599205,0.561745,0.1955585,0.5464,-0.007064998,-0.53671503,0.05024001,-0.875145,-0.48222,-0.795,0.2936565,0.23639001,-0.032009996,0.497535,-0.71163,0.1082945,0.83023,0.047834992,-0.757065,0.17590001,-1.6073501,0.1367995,0.07174,0.417682,-0.46902502,-0.20261101,-0.17289749,-0.1253975,0.030899998,-0.62374,-0.52503,-0.3082,0.104925,0.12724,0.473435,0.100231"
81,857,857,Grand Theft Auto V Legacy,271590,,1,86.85,2026-03-01 06:50:25,"50,000,000 .. 100,000,000",['Rockstar North'],['Rockstar Games'],"['Action', 'Adventure']",['windows'],"['Single-player', 'Multi-player', 'PvP', 'Online PvP', 'Co-op', 'Online Co-op', 'Steam Achievements', 'Full controller support', 'Remote Play on Phone', 'Remote Play on Tablet', 'Remote Play on TV']","Apr 13, 2015",,"-0.040383,-0.2132,0.055937,-0.070654,0.4657,0.14988,0.35069,0.38861,1.0382,0.31142,0.43467,1.0776,0.20412,0.11486,-0.15259,-1.2375,0.63977,-0.40243,-0.32668,-0.16361,0.4715,0.097336,-0.3228,0.82284,-0.05374,0.72566,0.077025,0.19049,-1.011,0.063992,-0.42976,0.492,0.3961,-0.22394,-0.32937,-0.68569,-0.038767,1.2796,-0.51853,-0.14503,-0.46248,-0.021891,-0.57194,0.066688,0.36953,0.7507,-0.94705,-0.29925,0.41504,-0.50964,-0.61258,0.20794,0.51331,0.20323,-0.25576,-0.016653,0.36026,0.29747,-0.25774,-0.0073715,-0.6191,-0.16447,-0.28221,0.16458,-0.13794,-0.36302,0.32537,1.4793,0.16161,0.018392,-0.29274,0.56243,0.3591,-0.26062,0.24564,-0.39409,-0.61024,-0.23352,-0.40417,-0.46959,0.45789,-0.074916,0.12149,-0.79923,0.27619,0.19909,-1.3364,0.47668,0.9909,-0.057745,0.91582,0.46617,0.10032,0.25265,-0.36012,-0.42818,-0.3804,-1.3927,-0.015867,0.11311"
82,1483,1483,HELLDIVERS 2,553850,superearth,16,104.03333333333332,2026-03-01 18:42:16,"20,000,000 .. 50,000,000",['Arrowhead Game Studios'],['PlayStation Publishing LLC'],['Action'],['windows'],"['Multi-player', 'Co-op', 'Online Co-op', 'Steam Achievements', 'In-App Purchases', 'Adjustable Text Size', 'Camera Comfort', 'Chat Speech-to-text', 'Chat Text-to-speech', 'Color Alternatives', 'Custom Volume Controls', 'Adjustable Difficulty', 'Narrated Game Menus', 'Playable without Timed Input', 'Stereo Sound', 'Subtitle Options', 'Surround Sound', 'Partial Controller Support', 'Family Sharing']","Feb 8, 2024",3999.0,"0.0,0.0,0.0,0.0,0.0,0.0,0.0,0.0,0.0,0.0,0.0,0.0,0.0,0.0,0.0,0.0,0.0,0.0,0.0,0.0,0.0,0.0,0.0,0.0,0.0,0.0,0.0,0.0,0.0,0.0,0.0,0.0,0.0,0.0,0.0,0.0,0.0,0.0,0.0,0.0,0.0,0.0,0.0,0.0,0.0,0.0,0.0,0.0,0.0,0.0,0.0,0.0,0.0,0.0,0.0,0.0,0.0,0.0,0.0,0.0,0.0,0.0,0.0,0.0,0.0,0.0,0.0,0.0,0.0,0.0,0.0,0.0,0.0,0.0,0.0,0.0,0.0,0.0,0.0,0.0,0.0,0.0,0.0,0.0,0.0,0.0,0.0,0.0,0.0,0.0,0.0,0.0,0.0,0.0,0.0,0.0,0.0,0.0,0.0,0.0"
83,1555,1555,Warframe,230410,grinding constantly enjoyable,29,287.1333333333333,2023-08-27 18:57:33,"20,000,000 .. 50,000,000",['Digital Extremes'],['Digital Extremes'],"['Action', 'RPG', 'Free To Play']",['windows'],"['Single-player', 'Multi-player', 'Co-op', 'Online Co-op', 'Cross-Platform Multiplayer', 'Steam Achievements', 'Full controller support', 'Steam Trading Cards', 'Steam Workshop', 'In-App Purchases', 'Camera Comfort', 'Color Alternatives', 'Custom Volume Controls', 'Playable without Timed Input', 'Stereo Sound', 'Surround Sound', 'Remote Play on Phone', 'Remote Play on Tablet', 'Remote Play on TV', 'HDR available']","Mar 25, 2013",,"-0.76885,0.25893334,-0.030343005,0.14540768,-0.37398434,0.46367,-0.32536665,0.60663337,0.45324,-0.16336285,0.038975667,-0.4236467,-0.09408734,-0.25801668,0.03631,-0.12547833,-0.18035333,0.01931833,0.20112999,0.24545002,0.25447667,0.36977568,0.010586669,-0.32761332,0.4165167,0.19566433,-0.35518,0.17728202,-0.039466333,0.039375674,-0.54353666,-0.028787302,-0.142186,-0.10489,0.027516663,-0.20595331,-0.30964366,-0.32615998,0.27416334,-0.47258332,-0.33156002,0.035169005,-0.17449467,-0.14931333,-0.33006236,0.191504,0.19276667,-0.25374332,0.442174,-0.8956833,0.06583333,-0.44642666,0.03036967,0.945813,0.25955534,-0.7074134,0.16180666,0.22026233,0.22331667,-0.022372663,0.11676333,0.34957233,-0.21328999,-0.08346667,0.29426667,-0.06576333,0.59453666,-0.30364966,0.110929996,-0.27058664,0.24336934,-0.11083334,0.27883,0.15077333,0.027907997,0.077058,-0.3670063,-0.10373667,0.30584,0.090676665,-0.15246333,0.26541,-0.60591763,0.57727,-0.93049,0.19969332,-0.036786664,-0.08535666,-0.90603,-0.20363499,-0.27905834,0.39702,-0.070533335,-0.23726666,0.16564333,-0.4036387,-0.44388667,-0.052833334,0.45625004,0.65906334"
84,1691,1691,ELDEN RING,1245620,malaria randi bad get rock hard,66,38.03333333333333,2026-03-01 01:13:03,"20,000,000 .. 50,000,000","['FromSoftware, Inc.']","['FromSoftware, Inc.', 'Bandai Namco Entertainment']","['Action', 'RPG']",['windows'],"['Single-player', 'Multi-player', 'PvP', 'Online PvP', 'Co-op', 'Online Co-op', 'Steam Achievements', 'Full controller support', 'Steam Trading Cards', 'Camera Comfort', 'Custom Volume Controls', 'Playable without Timed Input', 'Save Anytime', 'Stereo Sound', 'Surround Sound', 'Steam Cloud', 'Family Sharing']","Feb 24, 2022",5999.0,"-0.103456676,0.27055165,0.28252333,-0.33318835,-0.31878102,0.050097506,-0.09491501,0.010365486,-0.0518975,-0.13913833,0.14703333,0.03717333,0.14962584,0.13886951,0.3365917,-0.21417582,0.15407878,-0.230615,-0.11584333,0.35526785,0.29286835,0.22983815,0.004163331,-0.07212966,0.022847818,0.32627732,-0.028314829,-0.41821218,0.17588933,-0.16500817,0.086258166,0.3606901,0.1098905,0.29673597,-0.09478468,0.027947003,-0.33088782,0.19295369,0.10177251,-0.015241668,-0.39122033,0.30904,-0.26798666,-0.33423164,-0.33979067,0.048176665,-0.12242616,-0.10986949,-0.09376368,-0.45068336,-0.35256538,0.05219618,-0.058575835,0.512586,0.097453445,-1.8312286,0.13472168,0.23937666,1.0493218,0.34586814,0.06444517,0.61200833,-0.40932465,-0.063935496,0.45409834,0.00684718,0.5382584,0.07329333,0.26770967,-0.59650034,-0.056566086,-0.16456997,-0.25189635,0.26804736,0.110801816,0.0016950009,-0.04876168,0.027388006,-0.23898466,0.14652665,0.58058333,0.120653994,-0.36935166,-0.236969,-0.98991615,0.015060504,-0.115196496,0.052013665,-0.601609,0.012956669,-0.023079665,-0.19597167,-0.08860684,-0.04342334,-0.20082666,0.02132167,-0.20171332,-0.14332394,0.33042,0.16783667"
85,1474,1474,HELLDIVERS 2,553850,ironically best video game ever played,52,23.9,2026-03-01 19:18:09,"20,000,000 .. 50,000,000",['Arrowhead Game Studios'],['PlayStation Publishing LLC'],['Action'],['windows'],"['Multi-player', 'Co-op', 'Online Co-op', 'Steam Achievements', 'In-App Purchases', 'Adjustable Text Size', 'Camera Comfort', 'Chat Speech-to-text', 'Chat Text-to-speech', 'Color Alternatives', 'Custom Volume Controls', 'Adjustable Difficulty', 'Narrated Game Menus', 'Playable without Timed Input', 'Stereo Sound', 'Subtitle Options', 'Surround Sound', 'Partial Controller Support', 'Family Sharing']","Feb 8, 2024",3999.0,"-0.0155751705,0.140341,0.57550997,-0.39589527,0.14413984,0.31160966,0.29983696,-0.09898218,-0.31962398,-0.12745652,0.2817385,-0.49597868,-0.01811083,-0.2760807,0.03737266,0.21253268,0.34176767,0.28735498,-0.21861966,0.5783517,0.23345618,0.03841367,0.14908966,0.019393498,0.5312283,-0.17302334,-0.11791849,-0.14192002,0.17234634,0.19681382,-0.32165033,0.6714933,-0.02347833,0.23331432,0.44415414,-0.03153033,-0.59506917,0.4035395,-0.4175055,-0.42156336,0.15252183,0.12228518,0.10163367,0.108522326,0.014598668,-0.044644166,0.30043998,-0.5987291,0.38028216,-0.80499667,-0.17342584,-0.06777983,0.23557334,0.9046917,0.14988784,-2.37747,-0.28501734,0.10490334,0.7261367,0.6445748,-0.508825,0.82196665,-0.426435,-0.056394335,0.504125,-0.10250332,0.38993335,0.24607415,-0.17713849,0.25807115,0.19780816,-0.03768051,0.044328004,0.18121201,-0.0037341714,0.22370982,-0.21991934,-0.09404567,-0.2349965,0.017606663,0.33429185,-0.043249696,-0.31132016,0.0058846637,-1.4822683,-0.214565,-0.20206718,-0.21092416,-0.08395016,-0.16938366,-0.252014,0.050206166,-0.15699284,0.034576666,-0.17695676,-0.06411834,-0.43041167,0.115384996,0.540435,0.14290495"
86,1798,1798,Terraria,105600,bit like mineshaft better started got lucky ran load useful item people might confused game not friendly newbie boss please make skeleton prime skeleton less tank find rally hard gamelan fun would definitely recommend,345,13.15,2026-03-01 13:12:11,"20,000,000 .. 50,000,000",['Re-Logic'],['Re-Logic'],"['Action', 'Adventure', 'Indie', 'RPG']","['windows', 'mac', 'linux']","['Single-player', 'Multi-player', 'PvP', 'Online PvP', 'Co-op', 'Online Co-op', 'Steam Achievements', 'Full controller support', 'Steam Trading Cards', 'Steam Cloud', 'Remote Play on Phone', 'Remote Play on Tablet', 'Remote Play on TV', 'Family Sharing']","May 16, 2011",999.0,"-0.20449056,0.3296554,0.31667554,-0.30234188,-0.269202,0.08195833,-0.044797745,0.08543633,-0.0037156537,-0.107952334,0.021322478,0.04136474,0.15186489,-0.11627013,-0.007378359,-0.08484203,0.0423045,0.14543161,-0.19361334,0.28888175,0.29992938,0.0848823,-0.008836543,-0.24788606,0.10309542,-0.0043699127,-0.20877074,-0.25669202,0.16140094,-0.019897506,-0.09561734,0.38961768,-0.10017362,-0.068238325,0.28397176,0.17842862,-0.17178573,0.10072949,0.08879263,-0.2681378,-0.131396,-0.113694385,0.14147821,-0.4243101,-0.19751441,-0.07668394,0.10816945,-0.1168334,0.019759769,-0.67406327,0.023708459,-0.10775788,0.03944809,0.6887303,-0.09148425,-1.6729017,-0.07791188,0.10215356,1.1170723,0.32362533,-0.187045,0.58106637,-0.36541083,0.20754236,0.5897822,0.066972315,0.3527151,0.22019374,0.022522323,-0.22605641,0.011250649,-0.26619115,0.033972047,-0.16711468,0.024354234,0.20498914,-0.07351286,-0.006994382,-0.32771036,-0.07950729,0.26133686,-0.040700667,-0.45472762,-0.097662404,-1.0711654,-0.2066717,0.06592057,0.036049012,-0.40516028,-0.2545186,0.06959566,-0.013732501,0.114505395,-0.12183447,-0.26043543,-0.099324316,-0.13406298,-0.19523327,0.352295,0.23806219"
87,478,478,Team Fortress 2,440,great way pas time,27,3355.5666666666666,2026-02-17 18:30:55,"50,000,000 .. 100,000,000",['Valve'],['Valve'],"['Action', 'Free To Play']","['windows', 'linux']","['Multi-player', 'Cross-Platform Multiplayer', 'Steam Achievements', 'Steam Trading Cards', 'Captions available', 'Steam Workshop', 'In-App Purchases', 'Camera Comfort', 'Color Alternatives', 'Custom Volume Controls', 'Stereo Sound', 'Surround Sound', 'Partial Controller Support', 'Valve Anti-Cheat enabled', 'Stats', 'Includes level editor', 'Commentary available', 'Remote Play on Phone', 'Remote Play on Tablet']","Oct 10, 2007",,"0.0040207515,-0.07432625,0.50696003,-0.1720275,-0.220076,0.30667502,0.040794738,0.22297974,-0.16767424,-0.11062001,0.018418,-0.12137875,0.064689,-0.18872125,0.020212503,-0.3850975,0.1140975,0.092369735,-0.440345,0.17063718,0.49141526,0.19851,-0.08295925,-0.08949251,0.024835005,-0.016932495,-0.27838573,-0.45634323,0.38702226,-0.39941952,-0.38985997,0.26862776,-0.03841,-0.19518751,0.0064550005,0.22061613,-0.312854,0.39112926,-0.19523151,-0.38148502,-0.52508247,-0.04504601,0.19110803,-0.31280652,-0.15839249,-0.0034000091,0.41540602,-0.43405753,0.03259068,-0.30430502,-0.3944733,0.08314001,0.196975,0.99949,-0.378222,-2.2589,0.0887075,0.28771275,1.0644774,0.16023749,-0.21930552,0.47423497,-0.405175,0.2350975,0.68050677,0.13262975,0.3059225,-0.064268254,0.028874997,-0.1745045,0.19637623,-0.09402,0.10443575,-0.5927675,0.020135008,-0.28131026,-0.09521875,-0.31955498,-0.3990725,0.15902525,0.50163746,-0.151475,-0.027730003,0.049600996,-1.23393,0.17378324,-0.282017,-0.22039175,-0.19189999,-0.36509752,-0.1529375,-0.197885,-0.108584255,0.28828576,-0.5698408,-0.14822999,-0.26742774,-0.6356245,0.2862975,0.44976828"
88,281,281,PUBG: BATTLEGROUNDS,578080,stuff,7,2138.4,2026-02-19 02:11:49,"100,000,000 .. 200,000,000",['PUBG Corporation'],"['KRAFTON, Inc.']","['Action', 'Adventure', 'Massively Multiplayer', 'Free To Play']",['windows'],"['Multi-player', 'PvP', 'Online PvP', 'Stats', 'Remote Play on Phone', 'Remote Play on Tablet']","Dec 21, 2017",,"0.01327,0.60072,0.73302,-1.256,-0.71385,0.43125,-0.022509,-0.26617,0.16483,0.095718,0.67235,0.058833,-0.16134,0.52407,0.2645,0.17177,-0.071345,0.80138,0.42704,0.5182,0.24215,0.54886,-0.082901,-0.92855,0.14951,0.34004,-0.27553,-0.3111,-0.14184,-0.28741,-0.14895,0.24158,0.31788,-0.22528,-0.073609,0.27159,-0.59797,-0.21644,0.39243,-0.50838,0.13172,-0.19657,-0.44586,-1.0645,-0.98247,-0.2623,-0.17522,-0.14342,0.13081,-0.78544,0.58071,0.31643,-0.12833,0.45212,0.1223,-1.522,-0.035001,1.0612,1.358,0.35827,0.19296,1.429,-0.68311,-0.077891,0.76175,-0.10884,1.2128,-0.28429,-0.18811,-0.29839,0.52557,-0.32757,0.19553,0.25458,-0.05587,0.69471,-0.093532,0.01985,0.037797,0.51738,-0.090627,0.07836,-0.29865,-0.16254,-1.0912,0.009377,-0.37909,-0.20126,-0.65478,-0.14797,0.0080199,0.11249,0.23713,-0.34334,-0.22174,-0.11719,-0.16873,-0.11046,0.44013,1.0276"
89,1647,1647,ELDEN RING,1245620,best game ever made,19,115.68333333333334,2026-03-01 13:44:34,"20,000,000 .. 50,000,000","['FromSoftware, Inc.']","['FromSoftware, Inc.', 'Bandai Namco Entertainment']","['Action', 'RPG']",['windows'],"['Single-player', 'Multi-player', 'PvP', 'Online PvP', 'Co-op', 'Online Co-op', 'Steam Achievements', 'Full controller support', 'Steam Trading Cards', 'Camera Comfort', 'Custom Volume Controls', 'Playable without Timed Input', 'Save Anytime', 'Stereo Sound', 'Surround Sound', 'Steam Cloud', 'Family Sharing']","Feb 24, 2022",5999.0,"0.030934747,0.17879076,0.6782825,-0.36056298,0.009240255,0.128692,0.48159498,-0.15708077,-0.5240035,-0.07580202,0.250259,-0.3929675,0.009919509,-0.08391601,0.0054649934,0.118501514,0.42860252,0.47640753,-0.38450003,0.50331575,0.30415002,0.1625935,0.045983,0.03391,0.58024526,-0.18015,-0.19778275,-0.20086,0.115373,-0.21093,-0.40773746,0.664675,0.10309375,0.1055955,0.4436525,0.21143825,-0.65236276,0.4292625,-0.550165,-0.265875,-0.081429996,0.07562275,0.2034555,-0.14820826,0.008976746,0.051683,0.32404998,-0.71457005,0.256376,-1.0171751,-0.11433251,-0.120774,0.21532,1.0439376,-0.00948,-2.6207752,-0.226456,0.2251845,1.2355499,0.6946597,-0.55318,0.7926075,-0.5457275,0.2179495,0.6799825,-0.317125,0.3871775,0.35769725,-0.19633274,-0.0953875,0.19764301,-0.053531244,-0.031812496,0.09634051,0.075197496,0.26576,-0.55593,-0.11245501,-0.48751825,0.17229751,0.4421425,0.17634127,-0.50935453,0.149525,-1.588575,-0.229405,-0.11391076,-0.210805,-0.113040246,-0.3491525,-0.20636125,-0.041308254,-0.2114975,-0.09774451,-0.43271,-0.015570015,-0.55764,-0.053797506,0.605395,0.23833999"
90,1556,1556,Warframe,230410,playing warfare since gauss update around awesome fast paced looter shooter game usually play third person shooter game photo realistic design like one exception warfare design like bio mochas amazing gamelan really fun not gun also melee airframes ability combine unique build also change airframes functionality like strength duration range mod cinematic story phenomenal still praise till day game also lot game mode also come later game also amazingly friendly community well game free play aka game level design grind premium currency ingate pretty easily however game quite grind least worst thing list want play new stuff wait day finish crafting kill hype every content update brings new game mode another content island barely anything rest game material everything craft material no doubt never want anything game mode ever although lot content update add lot refreshing new game mode well content feel different feel like another game entirely every time game also lack form endgame content mean sitting survival hour killing level foot soldier mean actual hard boss assassinate mission joke boss forgettable save eidolon orb ropalolyst not available majority player unless grind really hard unlock not mention actually able beat tailbacks fun first hour also another content island want anything aside riches sister hunt actually quite fun challenging memorable box doe give nice us hijacks dramatic final confrontation new orowyrm duviri paradox also quite something way easy stopped playing warfare around new war still fun enough keep coming back game occasionally fun gamelan mechanic deep keep pushing away every update new game mode keep getting dumbfounded going every time return old fun game fun gamelan look deeper see mess behind mechanic,2795,2193.016666666667,2023-07-24 18:34:55,"20,000,000 .. 50,000,000",['Digital Extremes'],['Digital Extremes'],"['Action', 'RPG', 'Free To Play']",['windows'],"['Single-player', 'Multi-player', 'Co-op', 'Online Co-op', 'Cross-Platform Multiplayer', 'Steam Achievements', 'Full controller support', 'Steam Trading Cards', 'Steam Workshop', 'In-App Purchases', 'Camera Comfort', 'Color Alternatives', 'Custom Volume Controls', 'Playable without Timed Input', 'Stereo Sound', 'Surround Sound', 'Remote Play on Phone', 'Remote Play on Tablet', 'Remote Play on TV', 'HDR available']","Mar 25, 2013",,"-0.16591378,0.24333963,0.35065845,-0.23159654,-0.12351056,0.19264731,0.021644946,0.06157112,-0.07179466,-0.013484695,0.13674025,-0.08581471,0.08626607,-0.11867333,0.08975732,-0.04382212,0.03678413,0.23431176,-0.21423118,0.31434906,0.22635059,-0.022663994,0.04765201,-0.13746032,0.23246166,-0.0259146,-0.15273812,-0.22565001,0.016933559,-0.070617214,-0.25316268,0.41013414,-0.14425114,-0.08663452,0.21292917,0.08273378,-0.22540307,0.0773854,-0.037061747,-0.2523764,-0.119142756,-0.1544005,0.07234273,-0.21646857,-0.11799306,-0.027390808,0.1430823,-0.25245535,0.09743544,-0.6635893,0.05558582,-0.07284045,0.035136145,0.8022328,0.05430728,-1.9217982,-0.03512446,-0.04478179,1.1438348,0.41002473,-0.17831501,0.63719696,-0.3233003,0.012700317,0.5671603,0.012286302,0.3656374,0.06942193,-0.03313861,-0.103634,0.05791891,-0.19092974,0.05229325,-0.14917102,0.12377381,0.13052385,-0.14074937,-0.06952257,-0.3819947,0.014061381,0.2925354,-0.04771371,-0.38350958,0.004869292,-1.1054401,-0.02831152,-0.019873463,-0.091202684,-0.18409427,-0.18115968,-0.061026167,0.025517954,-0.037626326,-0.039507348,-0.26997408,-0.14976782,-0.21503082,-0.1725969,0.43568882,0.23345715"
91,1729,1729,Terraria,105600,see boulder chest underneath easy think die didst know would explode,109,81.05,2026-03-01 21:58:42,"20,000,000 .. 50,000,000",['Re-Logic'],['Re-Logic'],"['Action', 'Adventure', 'Indie', 'RPG']","['windows', 'mac', 'linux']","['Single-player', 'Multi-player', 'PvP', 'Online PvP', 'Co-op', 'Online Co-op', 'Steam Achievements', 'Full controller support', 'Steam Trading Cards', 'Steam Cloud', 'Remote Play on Phone', 'Remote Play on Tablet', 'Remote Play on TV', 'Family Sharing']","May 16, 2011",999.0,"-0.16621755,0.34272474,0.30844608,-0.30191055,-0.2898008,0.24713731,-0.19861418,0.12681885,0.29528734,0.008619503,0.15487546,0.27224618,0.261406,0.13715637,0.08390563,-0.0905469,-0.0462201,0.3697182,-0.46430656,0.11174118,0.21706347,0.17148136,-0.21559529,-0.23137607,0.08741854,0.2850112,-0.26745373,-0.47726908,0.42554903,-0.27269417,-0.049608186,0.31574985,0.07858672,0.045844447,0.12308801,0.11224174,-0.039464805,0.026986355,0.3817013,-0.16216663,-0.093745634,-0.02616956,-0.26870158,-0.5244319,-0.28374547,0.011800731,0.21678783,-0.023332184,-0.3512633,-0.53403306,0.065205,-0.013417726,0.046670474,0.6752637,-0.03768883,-1.5338063,0.10615554,0.12670182,0.9842482,0.2789888,-0.060064282,0.8535653,-0.30308187,0.046253994,0.48983127,0.3179082,0.49585274,0.17482808,-0.2780298,-0.31507254,0.18278481,-0.20982009,0.18601903,-0.21995002,0.16557015,-0.16659637,0.166054,-0.13582419,-0.11823419,-0.05399518,0.4295863,-0.0004571053,-0.49907085,-0.15932561,-0.8395618,-0.4630722,0.14286782,-0.13456567,-0.38331482,-0.037879813,0.21242736,-0.12061637,0.11521881,0.007530895,-0.3039518,0.010493728,0.037417717,-0.1304611,0.16180053,0.03584"
92,210,210,PUBG: BATTLEGROUNDS,578080,still game mechanic cheater slow moment waylay small fast zone map size literally game getting zone nothing else shame much fun first came,251,348.56666666666666,2026-02-28 10:59:18,"100,000,000 .. 200,000,000",['PUBG Corporation'],"['KRAFTON, Inc.']","['Action', 'Adventure', 'Massively Multiplayer', 'Free To Play']",['windows'],"['Multi-player', 'PvP', 'Online PvP', 'Stats', 'Remote Play on Phone', 'Remote Play on Tablet']","Dec 21, 2017",,"-0.12433099,0.21511717,0.4970416,-0.17290564,-0.2642896,0.19961722,0.0020952614,0.071211,0.07629816,-0.10743358,0.08590243,-0.067163475,0.028361922,-0.17140892,0.18281734,-0.05051477,0.034560632,0.26539186,-0.17391543,0.23077802,0.25853774,0.28083578,-0.041849557,-0.26468223,0.3402412,0.039614044,-0.39941353,-0.17841107,0.07389657,-0.149909,-0.18108864,0.3140336,0.039623953,-0.049007565,0.24888667,0.006055832,-0.10967334,0.076665826,-0.0010791417,-0.23475482,-0.111675896,-0.09170381,0.1521217,-0.17346303,-0.15205453,-0.04437821,0.22247547,-0.005425491,0.061493516,-0.72270715,0.0050527374,-0.047131695,0.024593048,0.80258036,-0.07694535,-1.9062344,-0.13290751,0.035406794,1.1506647,0.47877315,-0.19887838,0.6182478,-0.3335326,-0.014745699,0.5347439,0.18045302,0.2933565,-0.03869774,0.04312674,-0.07281144,-0.039894138,-0.15280913,0.057100173,-0.10877399,0.16224124,0.19216876,-0.11816987,-0.052556608,-0.30544513,0.20525388,0.28174233,0.062074356,-0.58057934,-0.004061842,-1.0186774,-0.07943035,0.008502095,-0.25382134,-0.13895603,-0.19297633,-0.03486908,0.08560334,-0.061200395,-0.07513713,-0.24397004,-0.15879726,-0.116115734,-0.025580255,0.35727042,0.14305079"
93,297,297,PUBG: BATTLEGROUNDS,578080,nice,4,362.2,2026-02-17 11:52:08,"100,000,000 .. 200,000,000",['PUBG Corporation'],"['KRAFTON, Inc.']","['Action', 'Adventure', 'Massively Multiplayer', 'Free To Play']",['windows'],"['Multi-player', 'PvP', 'Online PvP', 'Stats', 'Remote Play on Phone', 'Remote Play on Tablet']","Dec 21, 2017",,"-0.18554,0.047152,0.34867,-0.23114,-0.26083,0.63108,0.55687,0.61622,-0.15437,-0.38381,0.12445,-0.26999,-0.29196,0.1125,0.36035,0.70689,-0.33891,-0.2695,0.17481,0.97048,0.23014,0.63168,-0.24543,-0.7289,0.32517,-0.21118,-0.80354,-0.59863,-0.10182,-0.87826,-0.80162,0.20999,0.64598,-0.38239,0.64512,0.73046,-0.19881,0.35717,0.19135,-0.43686,0.75956,-0.66431,0.34509,-1.0383,-0.50491,0.19976,-0.041208,0.16952,0.17821,-0.84249,0.21992,-0.16474,-0.24669,0.34117,-0.59713,-2.3434,0.31484,0.69668,0.53368,-0.62857,-0.197,0.52241,-1.5903,-0.16475,0.62553,-0.094116,0.0070705,0.22617,-0.45698,-0.53268,0.11573,-0.19052,0.28086,-0.5591,0.35291,0.42552,0.47334,-0.41046,0.47275,0.22753,-0.097073,-0.11809,-0.25613,-0.10689,-1.2788,-0.085504,0.20205,0.23338,-0.52939,-0.49492,0.15289,-0.31324,0.41248,-0.10425,-0.65246,0.48348,-0.54844,0.095473,-0.1142,0.32743"
94,1884,1884,Path of Exile 2,2694490,flawed broken place worth price early access supporter pack plenty keep busy hundred hour,148,100.41666666666669,2026-02-26 17:03:06,"20,000,000 .. 50,000,000",['Grinding Gear Games'],['Grinding Gear Games'],"['Action', 'Adventure', 'Massively Multiplayer', 'RPG', 'Early Access']",['windows'],"['Single-player', 'Multi-player', 'MMO', 'Co-op', 'Online Co-op', 'Full controller support', 'HDR available']","Dec 6, 2024",2999.0,"-0.118428,0.24585293,0.12748115,-0.07805811,0.04751093,0.16594078,-0.008627777,0.24666786,-0.13998356,-0.18451428,0.2520605,0.06269221,-0.0055940663,-0.13029964,-0.0008873535,-0.3086777,0.00435879,-0.00056479766,-0.080909565,0.13697758,0.4115365,0.0924667,0.090618424,-0.25214815,0.23878585,-0.111148015,-0.2582969,-0.30757952,-0.06774729,-8.121825e-05,0.020306,0.2368133,0.021699425,-0.06710635,0.14165457,0.13664928,-0.16579713,0.0010837817,0.09715257,0.059873004,-0.15590693,-0.28673008,0.29828796,-0.1841525,2.6652855e-05,-0.14013983,-0.037043568,-0.2741452,0.112527765,-0.5156798,0.2662,-0.15127622,0.0004138542,0.75946856,-0.05965407,-1.8086436,-0.14848092,-0.16474392,1.4301293,0.17167513,-0.120136,0.5228177,-0.25257716,0.16840608,0.3999631,-0.012708502,0.30270687,-0.021037292,0.18278217,-0.27440715,-0.029053105,-0.08131986,0.07930011,-0.08023536,-0.024726437,0.07375207,0.015147571,0.0047668475,-0.52553755,0.051293366,0.5607247,0.03894957,-0.36656314,-0.009623854,-1.0395136,-0.023625577,-0.080868505,0.01441664,-0.282164,-0.07550616,-0.059991796,0.026360959,0.07942713,-0.10804927,-0.6950893,-0.063725926,0.07433035,0.046895504,0.5570935,0.26990333"
95,1833,1833,Path of Exile 2,2694490,hmm,3,114.55,2026-02-28 05:20:21,"20,000,000 .. 50,000,000",['Grinding Gear Games'],['Grinding Gear Games'],"['Action', 'Adventure', 'Massively Multiplayer', 'RPG', 'Early Access']",['windows'],"['Single-player', 'Multi-player', 'MMO', 'Co-op', 'Online Co-op', 'Full controller support', 'HDR available']","Dec 6, 2024",2999.0,"-0.4564,0.53539,0.72034,-0.45474,-1.0291,-0.14448,0.69841,-0.51705,0.6687,0.45675,0.70884,0.029183,0.058466,-0.34465,0.081159,0.20523,-0.91305,0.76385,-0.11913,0.47557,-0.28065,0.80437,-0.1998,-0.28011,0.59128,0.68205,-0.092186,-0.030024,-0.048108,-0.30372,0.14119,0.092383,0.13182,-0.022411,-0.38397,0.25391,0.61422,0.3932,1.0835,-0.44601,0.4476,0.18173,-0.47565,-0.30465,-1.1324,-0.95464,0.45588,0.0064325,-0.49722,-0.16833,-0.20604,0.51837,0.21349,0.10941,-0.87584,0.55539,0.80727,-0.019031,-0.5546,0.21521,-0.91798,0.6483,-0.35224,0.45101,0.61582,0.42649,0.31206,-0.021135,-0.99383,0.50285,0.50037,-0.36433,0.14414,-0.22893,-0.10836,-0.45672,0.38147,-0.28949,-0.41661,-0.73352,0.17038,-0.28643,0.58405,0.12862,0.24734,0.66441,0.46953,-1.0126,-0.3184,0.4103,0.44806,0.43267,0.47766,-0.37395,0.27839,-0.30413,0.35063,-0.83672,-0.48547,0.4399"
96,651,651,New World: Aeternum,1063730,game fun play used play hype day release hard start along server margin pop amazon good job creating game like gathering ave super fun pop requires discord call balanced team bomb squad win try soon,316,329.56666666666666,2026-02-19 08:45:29,"50,000,000 .. 100,000,000",['Amazon Game Studios'],['Amazon Game Studios'],"['Action', 'Adventure', 'Massively Multiplayer', 'RPG']",['windows'],"['Multi-player', 'MMO', 'PvP', 'Online PvP', 'Co-op', 'Online Co-op', 'Steam Achievements', 'In-App Purchases', 'Adjustable Text Size', 'Camera Comfort', 'Chat Speech-to-text', 'Chat Text-to-speech', 'Color Alternatives', 'Custom Volume Controls', 'Keyboard Only Option', 'Playable without Timed Input', 'Save Anytime', 'Stereo Sound', 'Subtitle Options', 'Surround Sound', 'Partial Controller Support']","Sep 28, 2021",,"-0.23513849,0.13298275,0.46357083,-0.32907397,-0.042829175,0.26488242,0.0494976,0.026273588,-0.221584,0.014719858,0.14754565,-0.21887438,-0.03240329,-0.13373287,0.0437972,0.017026536,0.18810788,0.24910347,-0.20877564,0.3173335,0.1714243,-0.022170095,0.040369704,-0.024612706,0.15789194,0.06650714,-0.15324886,-0.18614346,0.14760159,-0.053712152,-0.35840753,0.3949294,-0.023989053,-0.025849087,0.28814977,-0.0019224818,-0.22858971,0.15563402,-0.10888094,-0.27973613,-0.023497557,-0.16346292,0.08855041,-0.22292393,-0.10561981,-0.09394987,0.088348374,-0.2745541,0.13347015,-0.71173245,-0.08003952,0.023123255,-0.049458046,0.74078196,-0.014103372,-2.0870845,-0.16466044,0.089815624,1.1720227,0.4146711,-0.355626,0.5145674,-0.31598863,-0.068253376,0.48820633,0.025708573,0.29540366,0.17202678,0.05356371,-0.19428465,0.036156695,-0.14770922,-0.060922343,-0.2510186,-0.027657006,0.2706643,-0.13399057,-0.05975133,-0.29704523,0.02885513,0.39519835,-0.045312896,-0.3797748,0.030669155,-1.10562,-0.10259015,0.019706937,-0.029224386,-0.18064624,-0.1167596,-0.094135046,0.14679149,-0.17583193,0.03544071,-0.26473716,-0.15340345,-0.1840809,-0.018708173,0.5505478,0.29507765"
97,1233,1233,War Thunder,236390,shoot plane plane go boom,27,734.1,2025-06-04 17:36:53,"20,000,000 .. 50,000,000",['Gaijin Entertainment'],['Gaijin Network Ltd'],"['Action', 'Massively Multiplayer', 'Simulation', 'Free To Play']","['windows', 'mac', 'linux']","['Single-player', 'Multi-player', 'MMO', 'PvP', 'Online PvP', 'Co-op', 'Online Co-op', 'Cross-Platform Multiplayer', 'Steam Achievements', 'Full controller support', 'VR Supported', 'Steam Trading Cards', 'In-App Purchases', 'Adjustable Text Size', 'Camera Comfort', 'Color Alternatives', 'Custom Volume Controls', 'Playable without Timed Input', 'Stereo Sound', 'Surround Sound', 'Remote Play on Phone', 'Remote Play on Tablet']","Aug 15, 2013",,"-0.1556292,0.1013448,0.54463637,-0.19956599,-0.21231,-0.099455595,0.025575388,0.383372,0.1974272,0.10786198,0.544798,0.228862,0.23316021,0.3416106,0.078758,-0.275526,-0.294588,0.520864,-0.026754003,0.089424,0.430204,0.20373602,0.0233366,-0.25057942,0.2489796,0.026636403,-0.582862,-0.06481521,0.38041598,-0.347514,-0.48066396,0.238628,-0.09035914,0.445926,0.1305714,0.23144802,0.24940439,0.06250318,0.63949335,-0.111376,-0.6745404,-0.2630372,-0.254656,0.048058003,0.157296,0.112312004,-0.018052006,0.032985996,-0.036119185,-0.5212924,-0.2234346,0.411692,0.018384002,1.188958,0.3410782,-1.7161201,-0.40153998,0.54639804,1.9966199,0.339309,-0.06381039,0.95719594,0.049846,0.0199136,0.046666592,0.2914748,0.024824005,-0.126356,-0.7049004,0.30782405,-0.323316,-0.619302,0.038367998,-0.24365039,0.1734824,-0.0916484,0.17103198,0.0770004,-0.5778224,0.16538398,0.298506,0.0303776,-0.16672,-0.33724278,-0.74954,-0.492284,0.3964334,-0.29226202,-0.338228,-0.22804801,0.022940999,0.13056101,0.104668,-0.29265362,-0.3473092,-0.068948,-0.0003512025,0.055174403,0.096014395,-0.5468901"
98,1502,1502,Warframe,230410,,3,47.25,2025-12-15 23:15:13,"20,000,000 .. 50,000,000",['Digital Extremes'],['Digital Extremes'],"['Action', 'RPG', 'Free To Play']",['windows'],"['Single-player', 'Multi-player', 'Co-op', 'Online Co-op', 'Cross-Platform Multiplayer', 'Steam Achievements', 'Full controller support', 'Steam Trading Cards', 'Steam Workshop', 'In-App Purchases', 'Camera Comfort', 'Color Alternatives', 'Custom Volume Controls', 'Playable without Timed Input', 'Stereo Sound', 'Surround Sound', 'Remote Play on Phone', 'Remote Play on Tablet', 'Remote Play on TV', 'HDR available']","Mar 25, 2013",,"-0.040383,-0.2132,0.055937,-0.070654,0.4657,0.14988,0.35069,0.38861,1.0382,0.31142,0.43467,1.0776,0.20412,0.11486,-0.15259,-1.2375,0.63977,-0.40243,-0.32668,-0.16361,0.4715,0.097336,-0.3228,0.82284,-0.05374,0.72566,0.077025,0.19049,-1.011,0.063992,-0.42976,0.492,0.3961,-0.22394,-0.32937,-0.68569,-0.038767,1.2796,-0.51853,-0.14503,-0.46248,-0.021891,-0.57194,0.066688,0.36953,0.7507,-0.94705,-0.29925,0.41504,-0.50964,-0.61258,0.20794,0.51331,0.20323,-0.25576,-0.016653,0.36026,0.29747,-0.25774,-0.0073715,-0.6191,-0.16447,-0.28221,0.16458,-0.13794,-0.36302,0.32537,1.4793,0.16161,0.018392,-0.29274,0.56243,0.3591,-0.26062,0.24564,-0.39409,-0.61024,-0.23352,-0.40417,-0.46959,0.45789,-0.074916,0.12149,-0.79923,0.27619,0.19909,-1.3364,0.47668,0.9909,-0.057745,0.91582,0.46617,0.10032,0.25265,-0.36012,-0.42818,-0.3804,-1.3927,-0.015867,0.11311"
99,1931,1931,Wallpaper Engine,431960,no linux compatibility shame,33,14.383333333333333,2026-03-01 20:12:02,"20,000,000 .. 50,000,000",['Wallpaper Engine Team'],['Wallpaper Engine Team'],"['Casual', 'Indie', 'Animation & Modeling', 'Design & Illustration', 'Photo Editing', 'Utilities']",['windows'],"['Steam Achievements', 'Steam Trading Cards', 'Steam Workshop', 'Steam Workshop', 'Includes level editor']","Nov 16, 2018",499.0,"-0.28490424,0.544065,0.38520253,-0.51769197,-0.07532499,0.3980175,-0.2376785,-0.42403996,0.6193875,0.029106256,0.07384625,0.3495279,0.46416998,-0.141155,0.28295976,-0.15341325,0.4213555,0.57527,-0.19692749,0.42623252,-0.463164,-0.19291,-0.0995225,0.08454251,0.31949002,0.37656224,-0.09384,-0.19671999,-0.044478744,-0.137205,0.197815,0.23313476,-0.35083026,0.3484125,0.53243995,0.718615,0.30327725,0.16146699,0.08378552,-0.12311,-0.1694595,0.026415002,0.33368498,-0.32849,-0.2482045,-0.26985598,0.39171177,-0.15982749,-0.3497525,-0.23021251,0.0790575,0.1521,-0.31411374,0.3715275,-0.036687747,-1.30802,0.21689975,0.030247755,0.96088,0.46334052,-0.18891074,-0.13048,-0.7260475,0.3806175,0.5250322,0.096601,0.428001,-0.44963673,0.22510548,0.004958257,-0.13678876,0.4804625,-0.055560004,-0.3814825,0.34353524,0.58438504,-0.012980994,-0.1154325,-0.300258,0.0892975,0.18577974,-0.382851,-0.25277504,0.62277246,-0.9837775,0.5801975,-0.11547751,-0.09223676,-0.22910523,0.0692425,-0.0627975,0.108134985,-0.18830526,-0.04148449,0.35566002,-0.26017898,-0.15698501,-0.175975,0.47820753,0.302544"
100,916,916,Left 4 Dead 2,550,ltd,3,11.45,2026-03-01 19:25:21,"50,000,000 .. 100,000,000",['Valve'],['Valve'],['Action'],"['windows', 'linux']","['Single-player', 'Multi-player', 'PvP', 'Online PvP', 'Co-op', 'Online Co-op', 'Steam Achievements', 'Full controller support', 'Steam Trading Cards', 'Captions available', 'Steam Workshop', 'Camera Comfort', 'Color Alternatives', 'Custom Volume Controls', 'Adjustable Difficulty', 'Playable without Timed Input', 'Stereo Sound', 'Surround Sound', 'Steam Cloud', 'Valve Anti-Cheat enabled', 'Stats', 'Includes Source SDK', 'Commentary available', 'Remote Play on Phone', 'Remote Play on Tablet', 'Remote Play on TV', 'Remote Play Together', 'Family Sharing', 'Steam Timeline']","Nov 16, 2009",999.0,"-0.1626,-0.63345,-0.56202,-0.37783,0.85651,-0.92644,-0.21816,0.04413,-0.33374,-0.38461,0.9408,-0.73361,0.63235,0.77419,-0.2472,-0.97228,1.0602,-0.047594,0.21981,0.054171,0.59292,0.20677,0.31343,0.018631,0.38945,0.2473,0.23618,1.2519,-0.47283,0.30002,-0.44859,1.3771,-0.37072,-0.23183,0.065161,0.10711,0.75858,0.21029,-0.63314,-0.42994,0.63234,-0.14099,-0.47976,-0.65559,0.50964,0.25012,-0.13869,0.62311,0.5249,-0.74728,-0.43289,0.44841,0.35557,0.71932,0.067045,-0.42512,-0.96679,-0.16649,0.61224,-0.42403,0.30222,-0.67986,-0.61432,0.38664,0.18237,0.20871,-0.29183,0.80765,0.78436,0.11289,-0.087402,0.88397,-0.13653,-0.32857,-0.20507,-0.64197,0.65715,0.43349,-1.1431,-0.32504,0.04976,-0.19934,0.12753,1.0476,-0.00014948,0.35684,-0.096156,-0.63453,0.29141,0.31732,-0.038301,-0.71579,0.66617,-0.014287,0.28247,1.0626,0.12799,-0.33225,0.6643,-0.47107"
101,993,993,Left 4 Dead 2,550,game old really fun fun play friend,66,58.41666666666666,2026-02-28 08:58:24,"50,000,000 .. 100,000,000",['Valve'],['Valve'],['Action'],"['windows', 'linux']","['Single-player', 'Multi-player', 'PvP', 'Online PvP', 'Co-op', 'Online Co-op', 'Steam Achievements', 'Full controller support', 'Steam Trading Cards', 'Captions available', 'Steam Workshop', 'Camera Comfort', 'Color Alternatives', 'Custom Volume Controls', 'Adjustable Difficulty', 'Playable without Timed Input', 'Stereo Sound', 'Surround Sound', 'Steam Cloud', 'Valve Anti-Cheat enabled', 'Stats', 'Includes Source SDK', 'Commentary available', 'Remote Play on Phone', 'Remote Play on Tablet', 'Remote Play on TV', 'Remote Play Together', 'Family Sharing', 'Steam Timeline']","Nov 16, 2009",999.0,"-0.101239994,0.22107556,0.5177714,-0.60821146,-0.35973004,0.5239976,0.21382584,0.13364944,-0.274452,-0.095482,0.06830258,-0.12781692,-0.061420288,-0.16751245,0.21689142,0.016452858,0.18448988,0.34587997,-0.44166142,0.8294528,0.23840885,0.38280073,0.014636146,-0.26669776,0.6056814,0.14857714,-0.45320144,-0.50128746,0.09581628,0.16904,-0.7319233,0.73764145,0.230626,-0.14306255,0.23482715,-0.03582571,-0.50687855,0.1889997,0.05350657,-0.5561486,0.112117134,-0.07228521,0.20955856,-0.36542,-0.4233229,0.029485004,0.046959136,-0.24633555,0.38722712,-0.8140454,-0.07792573,-0.259006,0.172292,0.6604614,0.168944,-2.4566855,-0.20678572,0.29260644,0.9120143,0.5027214,-0.219069,0.89507,-0.5659097,-0.095018856,0.49641997,0.11253727,0.8244686,0.226917,-0.2793428,-0.06057114,0.158563,-0.19000645,0.13588658,-0.19935909,-0.06280013,0.42533997,-0.024117155,-0.09933952,-0.2877894,0.021251285,0.12729244,0.057716858,-0.30942145,-0.10190957,-1.4751358,-0.067814425,-0.52940714,0.02059743,-0.32585642,-0.4239171,-0.11757358,0.07208329,0.27225214,-0.02659429,-0.3157257,-0.27242,-0.46133286,-0.2526213,0.2792886,0.519144"
102,429,429,Team Fortress 2,440,game peak find community server like,59,43.583333333333336,2026-02-26 14:25:11,"50,000,000 .. 100,000,000",['Valve'],['Valve'],"['Action', 'Free To Play']","['windows', 'linux']","['Multi-player', 'Cross-Platform Multiplayer', 'Steam Achievements', 'Steam Trading Cards', 'Captions available', 'Steam Workshop', 'In-App Purchases', 'Camera Comfort', 'Color Alternatives', 'Custom Volume Controls', 'Stereo Sound', 'Surround Sound', 'Partial Controller Support', 'Valve Anti-Cheat enabled', 'Stats', 'Includes level editor', 'Commentary available', 'Remote Play on Phone', 'Remote Play on Tablet']","Oct 10, 2007",,"-0.1222535,0.37180552,0.33632782,-0.101594925,-0.123815335,0.12719217,-0.07542,-0.021138325,-0.007899989,-0.17147833,0.0037080098,-0.32824752,0.23547316,-0.32489434,0.026065165,-0.12710834,0.39769003,0.39947033,-0.58762664,0.51917,-0.20219415,0.044008,0.08656775,0.13092668,0.2848283,-0.019851675,0.05079333,-0.1557975,-0.10272334,-0.090709664,0.0043296716,0.46887168,0.0739,0.052134845,0.439105,0.16263168,-0.29047415,0.15334801,0.22902466,-0.48261833,-0.16500248,-0.10626108,-0.031169832,-0.25018498,0.03965501,0.100104004,0.3275268,-0.30448267,0.35406998,-0.37869814,-0.18067598,-0.013993174,0.037802704,0.70018667,0.037672494,-2.2467449,-0.14039463,-0.10461834,1.4929667,0.5453967,-0.22908668,0.5370833,-0.26729167,-0.11335517,0.49439216,0.0063143373,0.439545,-0.18954234,0.46332347,-0.094808675,-0.10998417,-0.112634994,-0.059905004,-0.42160967,0.16845,0.070524834,-0.057522167,-0.04275517,-0.21996017,-0.0193325,0.29056618,0.15932666,-0.7651817,-0.01541166,-0.97049665,0.131725,0.12158834,-0.16408667,-0.09934182,-0.07349832,-0.11949301,0.35730168,-0.043318678,0.030741652,-0.31156665,-0.15579666,-0.17361502,-0.09682084,0.88361335,0.21207465"
103,1370,1370,Monster Hunter Wilds,2246340,,2,74.63333333333334,2026-02-28 20:53:45,"20,000,000 .. 50,000,000","['CAPCOM Co., Ltd.']","['CAPCOM Co., Ltd.']","['Action', 'Adventure', 'RPG']",['windows'],"['Single-player', 'Multi-player', 'Co-op', 'Online Co-op', 'Cross-Platform Multiplayer', 'Steam Achievements', 'Full controller support', 'Steam Trading Cards', 'Adjustable Text Size', 'Camera Comfort', 'Color Alternatives', 'Custom Volume Controls', 'Keyboard Only Option', 'Stereo Sound', 'Subtitle Options', 'Surround Sound', 'Steam Cloud', 'HDR available', 'Family Sharing']","Feb 27, 2025",6999.0,"-0.040383,-0.2132,0.055937,-0.070654,0.4657,0.14988,0.35069,0.38861,1.0382,0.31142,0.43467,1.0776,0.20412,0.11486,-0.15259,-1.2375,0.63977,-0.40243,-0.32668,-0.16361,0.4715,0.097336,-0.3228,0.82284,-0.05374,0.72566,0.077025,0.19049,-1.011,0.063992,-0.42976,0.492,0.3961,-0.22394,-0.32937,-0.68569,-0.038767,1.2796,-0.51853,-0.14503,-0.46248,-0.021891,-0.57194,0.066688,0.36953,0.7507,-0.94705,-0.29925,0.41504,-0.50964,-0.61258,0.20794,0.51331,0.20323,-0.25576,-0.016653,0.36026,0.29747,-0.25774,-0.0073715,-0.6191,-0.16447,-0.28221,0.16458,-0.13794,-0.36302,0.32537,1.4793,0.16161,0.018392,-0.29274,0.56243,0.3591,-0.26062,0.24564,-0.39409,-0.61024,-0.23352,-0.40417,-0.46959,0.45789,-0.074916,0.12149,-0.79923,0.27619,0.19909,-1.3364,0.47668,0.9909,-0.057745,0.91582,0.46617,0.10032,0.25265,-0.36012,-0.42818,-0.3804,-1.3927,-0.015867,0.11311"
104,239,239,PUBG: BATTLEGROUNDS,578080,bubba footnote bubba geeeeeeee,35,9.583333333333334,2026-02-23 12:30:13,"100,000,000 .. 200,000,000",['PUBG Corporation'],"['KRAFTON, Inc.']","['Action', 'Adventure', 'Massively Multiplayer', 'Free To Play']",['windows'],"['Multi-player', 'PvP', 'Online PvP', 'Stats', 'Remote Play on Phone', 'Remote Play on Tablet']","Dec 21, 2017",,"-0.20946665,-0.008716662,0.01129667,-0.7439633,-0.43079004,0.06730666,0.08811334,-0.3793417,-0.11820003,-0.37838003,0.018762333,0.17259334,0.26448998,0.16940667,0.76074004,0.085716665,0.2962773,0.14665,0.18717666,0.45571336,0.42693338,0.47401032,-0.44032001,0.04617667,0.5837,0.42269334,-0.12487333,-0.42090666,0.39395,-0.28501967,-0.015353332,0.17945366,0.6340203,0.28560334,-0.16184665,0.50057334,-0.6418933,-0.06163333,0.09449667,0.016270002,0.46727332,-0.10300066,-0.021014666,0.23197667,-0.47407666,0.07206,-0.109496675,0.08145113,-0.23899335,-0.4755567,0.13488667,0.44587222,0.07847334,-0.5652267,-0.43970332,-0.40505,0.08474066,-0.22300334,-0.43281332,0.6149433,-0.39069334,-0.07907667,0.23706,0.43493667,0.47630334,-0.09087333,0.36745834,0.45922336,-0.46635666,0.25771233,-0.12298,0.028663328,0.07133333,0.12903331,-0.40815,0.47603336,0.04981334,-0.203101,-0.011983335,0.16349332,-0.076013334,-0.15086533,-0.14841,0.21869667,0.22840333,0.78804,-0.40101334,-0.23778333,0.197128,-0.08018333,-0.20605133,0.53945667,-0.10051934,-0.18984668,0.169448,-0.168796,0.25192332,-0.38460335,-0.71794003,0.19965799"
105,879,879,Grand Theft Auto V Legacy,271590,sick game cut,13,289.5833333333333,2026-02-28 20:35:12,"50,000,000 .. 100,000,000",['Rockstar North'],['Rockstar Games'],"['Action', 'Adventure']",['windows'],"['Single-player', 'Multi-player', 'PvP', 'Online PvP', 'Co-op', 'Online Co-op', 'Steam Achievements', 'Full controller support', 'Remote Play on Phone', 'Remote Play on Tablet', 'Remote Play on TV']","Apr 13, 2015",,"-0.037933666,0.30135432,0.5000023,-0.42782,-0.565199,0.28229,0.18382668,0.27193668,-0.16884433,-0.3054233,-0.107851334,0.24822666,0.116467,-0.099724,0.30313334,0.021945342,-0.16638666,0.21626568,-0.19006033,0.31845,0.32407665,0.25747934,-0.019170301,0.30925667,0.51178664,0.13400333,-0.49221,-0.11856333,0.029276999,0.23864333,-0.11039001,0.65215665,-0.025053322,-0.27366367,-0.24594666,0.101056665,-0.73853666,0.19515334,-0.26921034,-0.17351669,0.19239666,-0.35840335,-0.025450667,-0.24266331,-0.0053290017,0.22985232,-0.06798966,-0.12783,0.12251667,-0.76463336,-0.017373338,-0.286644,-0.20466201,0.7614,-0.26892665,-2.1884668,-0.011076664,-0.2690933,1.3915334,0.8103566,0.020076653,0.56753,-0.4282033,-0.18432398,0.30546,0.048466682,0.23773666,0.20291966,-0.007806649,-0.23231,0.031053325,-0.20560832,-0.049976666,0.22575732,0.34073666,0.38454998,-0.45605996,0.28153667,-0.09647,0.32355335,0.47499,0.003306667,-0.7523367,0.13960667,-1.6885334,-0.29991665,-0.08857101,0.30334,-0.46861836,0.194902,-0.16047966,-0.13745666,0.037090022,-0.237176,-0.76904005,-0.38205668,0.03785332,0.24869533,0.4557767,-0.371514"
106,620,620,New World: Aeternum,1063730,ending,9,373.4333333333333,2026-02-26 06:39:21,"50,000,000 .. 100,000,000",['Amazon Game Studios'],['Amazon Game Studios'],"['Action', 'Adventure', 'Massively Multiplayer', 'RPG']",['windows'],"['Multi-player', 'MMO', 'PvP', 'Online PvP', 'Co-op', 'Online Co-op', 'Steam Achievements', 'In-App Purchases', 'Adjustable Text Size', 'Camera Comfort', 'Chat Speech-to-text', 'Chat Text-to-speech', 'Color Alternatives', 'Custom Volume Controls', 'Keyboard Only Option', 'Playable without Timed Input', 'Save Anytime', 'Stereo Sound', 'Subtitle Options', 'Surround Sound', 'Partial Controller Support']","Sep 28, 2021",,"0.36081,0.15103,0.5018,0.54167,0.41191,-0.069793,0.11445,0.4427,-0.2138,-0.13704,-0.28484,-0.017433,0.30913,-0.18351,0.48557,0.16375,-0.4022,-0.34566,0.13444,0.21641,1.0111,-0.2971,0.053697,0.94143,0.8333,0.10226,-0.61778,-0.53678,0.39914,-0.10823,-0.39053,-0.1926,0.06773,-0.87962,-0.29884,-0.35338,-0.10284,-0.48619,-0.48757,-0.03056,0.20632,-0.13012,0.60873,0.29574,-0.096404,0.14456,0.31866,-0.34072,-0.10214,-0.94319,0.073869,-0.47407,0.042655,0.97439,-0.12985,-2.2558,-0.011548,-0.30823,1.4578,0.93227,-0.50095,-0.24952,-0.45342,-0.95931,0.22881,0.22324,0.13497,-0.095329,-0.72984,-0.23738,-0.25848,0.11279,-0.96911,0.085778,-0.12671,0.25482,-0.58735,0.44516,-1.3385,-0.22986,-0.039644,-0.093856,-0.14848,0.28657,-0.94754,0.54568,-0.43027,-0.077884,0.17039,0.18975,-0.60392,0.74184,-0.35473,0.5291,-0.4492,-0.11968,0.39293,0.32953,0.33034,0.079328"
107,256,256,PUBG: BATTLEGROUNDS,578080,hardly find bigger dumpster fire internet apparently developer dropped head kid like target audience game except latter grind no personal life former clumsy talentless ranked mode locked reach level even though absolutely no point even bronze full unemployed orchards already level along extra chromosome wouldn't recommend anyone unless masochist,537,132.03333333333333,2026-02-21 19:30:16,"100,000,000 .. 200,000,000",['PUBG Corporation'],"['KRAFTON, Inc.']","['Action', 'Adventure', 'Massively Multiplayer', 'Free To Play']",['windows'],"['Multi-player', 'PvP', 'Online PvP', 'Stats', 'Remote Play on Phone', 'Remote Play on Tablet']","Dec 21, 2017",,"0.012579878,0.24262798,0.34074903,-0.1332766,-0.05467552,0.127631,-0.041055113,0.07092271,0.16504157,0.039437234,0.14160065,0.05507687,0.15470818,-0.07619565,0.15271187,-0.16443406,-0.027218336,0.19100837,-0.2441482,0.25583455,0.14330578,0.090410225,0.016628003,-0.09685733,0.23719597,-0.070534326,-0.15699029,-0.35082224,0.03665408,-0.11486524,0.02167098,0.23783594,-0.039866265,-0.026274437,0.2912682,0.1185472,-0.1283076,0.04763334,0.03936824,-0.06187387,-0.15586306,-0.13485521,0.13304584,-0.21972233,-0.028634707,0.0043595806,0.12478736,-0.06394729,-0.027765824,-0.61595494,0.059229046,-0.17988764,-0.0042133536,0.7465609,0.0181059,-1.7380954,-0.063508905,-0.14799297,1.1944234,0.3873755,-0.061259475,0.42446092,-0.20042586,0.031152224,0.57751894,-0.028329426,0.37453234,0.11955449,0.13244116,-0.006910031,-0.0032998759,-0.1610478,0.04704866,-0.113149874,0.10506035,0.09887624,-0.10936158,-0.117805414,-0.3906659,-0.056776077,0.43133995,-0.022182418,-0.40981123,-0.036621917,-1.0131351,-0.21028352,0.035664152,-0.039069742,-0.1066978,-0.17050867,-0.04489052,0.034773726,0.023336696,0.007354267,-0.323077,-0.12260497,-0.21899213,-0.124094926,0.39598307,0.12528588"
108,611,611,New World: Aeternum,1063730,sad,6,1029.9666666666667,2026-02-28 12:22:04,"50,000,000 .. 100,000,000",['Amazon Game Studios'],['Amazon Game Studios'],"['Action', 'Adventure', 'Massively Multiplayer', 'RPG']",['windows'],"['Multi-player', 'MMO', 'PvP', 'Online PvP', 'Co-op', 'Online Co-op', 'Steam Achievements', 'In-App Purchases', 'Adjustable Text Size', 'Camera Comfort', 'Chat Speech-to-text', 'Chat Text-to-speech', 'Color Alternatives', 'Custom Volume Controls', 'Keyboard Only Option', 'Playable without Timed Input', 'Save Anytime', 'Stereo Sound', 'Subtitle Options', 'Surround Sound', 'Partial Controller Support']","Sep 28, 2021",,"-0.19532,0.20232,0.61203,-0.28992,-0.86588,0.7558,-0.64644,0.81501,0.84841,-0.44887,0.11233,-0.15414,0.0037169,-0.33247,-0.2841,0.41221,0.029481,-0.37827,0.4824,1.2798,0.68064,0.72289,-0.48955,0.2333,0.099052,0.20363,0.089845,0.64516,0.74412,0.28051,-0.15278,-0.20226,0.43044,-0.69753,-0.82179,-0.37686,0.24957,0.65398,0.61427,-0.78519,0.24869,0.18725,0.42488,-0.7323,-0.21912,0.24199,1.1491,0.72102,0.0076716,-0.70094,0.43828,-0.71392,0.54495,0.43827,-0.38535,-1.3452,0.50617,0.64701,0.46118,0.09306,0.14875,1.0391,-1.1242,-1.0595,0.6136,-0.55698,0.84552,0.34413,-0.67045,-0.33305,0.34069,-0.40519,0.1561,-0.1154,0.76092,0.58474,0.46913,0.11088,0.018671,-0.18142,-0.34331,0.32092,0.094817,0.26299,-1.7466,-0.080278,-0.70726,-0.38399,-0.24015,-0.16845,0.74608,0.4715,-0.51143,0.57181,-0.44642,0.33972,-0.224,-0.14648,-0.76086,0.59095"
109,544,544,Call of Duty: Modern Warfare II,1938090,booboo boooooooo,21,839.5,2026-02-28 19:24:14,"50,000,000 .. 100,000,000","['Treyarch', 'Raven Software', 'Beenox', 'High Moon Studios', 'Sledgehammer Games', 'Infinity Ward', 'Activision Shanghai', 'Demonware']",['Activision'],['Action'],['windows'],"['Single-player', 'Multi-player', 'PvP', 'Online PvP', 'Co-op', 'Online Co-op', 'Cross-Platform Multiplayer', 'Steam Achievements', 'Captions available', 'In-App Purchases', 'Adjustable Text Size', 'Camera Comfort', 'Color Alternatives', 'Custom Volume Controls', 'Playable without Timed Input', 'Stereo Sound', 'Subtitle Options', 'Surround Sound', 'Partial Controller Support', 'HDR available']","Oct 27, 2022",,"-0.37238,-0.15276,-0.2138,-0.017686,-0.42894,-0.25747,0.02887,-0.12195,-0.1115,-0.26748,0.20253,0.047955,-0.10233,-0.1339,-0.021278,0.060241,-0.50131,-0.051065,0.11693,0.27656,-0.11644,-0.18206,-0.298,-0.62798,0.32275,0.0021902,0.20677,0.30126,-0.099161,-0.10587,0.097421,-0.25565,0.36107,-0.44769,0.046179,0.17462,0.05522,-0.36664,0.1406,0.025085,0.19674,0.32057,0.40039,0.14941,-0.34203,0.09479,0.086143,-0.0025441,0.18807,0.0035956,-0.0091232,0.23774,-0.26654,-0.40344,0.52986,0.55125,-0.071083,0.19455,-0.60363,-0.73614,-0.020929,0.15977,0.054345,0.049398,-0.2141,0.017064,-0.21624,-0.23864,-0.22769,0.064078,-0.19614,0.28086,0.37493,0.37402,-0.31071,0.41837,0.37547,0.071971,0.57371,0.48048,-0.13239,-0.22978,0.59811,0.1574,0.42671,0.0020551,-0.34494,0.074707,-0.89487,0.29903,-0.38402,0.12009,-0.0095772,-0.32397,0.41658,-0.050214,0.15754,-0.017748,-0.25393,0.23505"
110,771,771,Black Myth: Wukong,2358720,rigid,5,7.1,2026-02-28 03:19:44,"50,000,000 .. 100,000,000",['Game Science'],['Game Science'],"['Action', 'Adventure', 'RPG']",['windows'],"['Single-player', 'Steam Achievements', 'Full controller support', 'Steam Trading Cards', 'Playable without Timed Input', 'Stereo Sound', 'Surround Sound', 'Steam Cloud', 'Family Sharing']","Aug 19, 2024",5999.0,"-0.34321,0.30587,-0.17764,-0.19189,-1.1728,0.26587,-1.1763,0.15274,-0.32497,1.0266,0.076607,-0.17957,0.66632,0.51134,0.33291,-0.03407,0.10927,-0.26972,0.66798,-0.87713,0.60452,0.25461,0.26444,-0.29789,0.76647,-0.48788,-0.45513,-0.7476,-0.50367,0.50272,0.1555,0.48745,-0.31748,-0.85058,0.029894,0.54179,0.79755,-0.24619,0.015395,-0.24853,-0.37842,-0.20526,0.50238,0.63777,-0.74152,-0.71382,0.69195,1.0133,0.010337,-0.020658,0.47254,-0.32016,-0.21185,0.8696,0.40136,-0.55651,1.1608,0.30474,1.2751,0.15071,0.23905,-0.38187,-0.38083,0.83801,0.58249,-0.32615,-0.33698,-0.056098,-0.37455,-0.52106,0.1654,-0.32281,0.74368,0.42893,-0.099307,-0.46553,-0.32207,-0.61813,0.056414,-0.60561,0.084779,-0.17189,-0.67831,0.48115,-0.64428,0.36141,-0.08855,0.18741,-0.64411,0.030914,0.32323,0.2109,-0.21462,0.2107,0.85457,-0.75403,-0.36243,-0.9569,0.42443,0.25795"
111,1419,1419,HELLDIVERS 2,553850,anyone want player team game fun cant recommend game enough time writing hour game stem deck old writing machinery oppression came failed battle cyberstan yes game not perfect coyote quite explosive crossbow definitely quasar cannon basically one shot thing bot front however community one best game community time basically no toxic player game fun downside toxic player connected pin account report button literally doe nothing mean nothing literally say try report player no pin account connected best block move also please love god mic use push talk somewhere setting push button cap lock anyone tell need get democratic detonation carbon first no done hour game numerous warlords done democratic detonation yet fine without democracy,1202,82.01666666666667,2026-03-01 22:54:29,"20,000,000 .. 50,000,000",['Arrowhead Game Studios'],['PlayStation Publishing LLC'],['Action'],['windows'],"['Multi-player', 'Co-op', 'Online Co-op', 'Steam Achievements', 'In-App Purchases', 'Adjustable Text Size', 'Camera Comfort', 'Chat Speech-to-text', 'Chat Text-to-speech', 'Color Alternatives', 'Custom Volume Controls', 'Adjustable Difficulty', 'Narrated Game Menus', 'Playable without Timed Input', 'Stereo Sound', 'Subtitle Options', 'Surround Sound', 'Partial Controller Support', 'Family Sharing']","Feb 8, 2024",3999.0,"-0.106841214,0.19454546,0.32617494,-0.2898892,-0.12760587,0.1992552,-0.031596884,0.06654172,0.00371751,-0.031259388,0.16381225,-0.004953737,0.047747158,-0.046938714,0.06020853,-0.035081122,0.055554472,0.19228572,-0.28665382,0.17005652,0.24075966,0.004578816,-0.035355907,-0.1899328,0.21175265,-0.01377971,-0.22191069,-0.2943224,0.11449693,-0.07309849,-0.10166345,0.44438493,-0.025580896,-0.0017467368,0.18890722,0.0077804564,-0.203071,0.0945549,0.0185154,-0.16467129,-0.22057542,-0.06773596,0.111870654,-0.254715,-0.15580525,-0.0896304,0.12605248,-0.23222995,-0.103649765,-0.6842539,0.029318342,-0.03372463,0.043930683,0.7715628,-0.0048525226,-1.8739508,-0.05516206,-0.03156851,1.1601045,0.42182678,-0.1600672,0.5166719,-0.31727204,0.08486622,0.6464387,0.024251984,0.38827327,0.16928749,-0.028415184,-0.12413511,0.025854133,-0.104738824,0.06553123,-0.21983165,0.09941515,0.09647634,-0.11437111,-0.062446628,-0.45475227,0.041257158,0.41168982,-0.056875423,-0.45180297,-0.08998106,-1.114143,-0.039053325,0.05392319,-0.04084806,-0.089997604,-0.17440161,-0.123511404,-0.007371705,-0.04410026,-0.01102265,-0.2584092,-0.080014035,-0.17220025,-0.20735472,0.37469438,0.14339803"
112,1041,1041,Unturned,304930,unturned sleeper hit really pull crafting system way deeper look first open world packed place explore loot snag weird little surprise around every corner ton stuff gather build totally make playstyle whether going full survivalist base builder roaming causing chaos multiplayer take another level team buddy go full rogue mess player either way keep thing fresh wild super addictive loop community always cool stuff unturned easily earns spot must try survival game,729,1053.8666666666666,2024-04-02 14:03:10,"50,000,000 .. 100,000,000",['Smartly Dressed Games'],['Smartly Dressed Games'],"['Action', 'Adventure', 'Casual', 'Indie', 'Free To Play']","['windows', 'mac', 'linux']","['Single-player', 'Multi-player', 'PvP', 'Online PvP', 'LAN PvP', 'Co-op', 'Online Co-op', 'LAN Co-op', 'Steam Achievements', 'Steam Trading Cards', 'Steam Workshop', 'In-App Purchases', 'Camera Comfort', 'Custom Volume Controls', 'Adjustable Difficulty', 'Playable without Timed Input', 'Stereo Sound', 'Steam Cloud', 'Valve Anti-Cheat enabled', 'Stats', 'Includes level editor', 'Remote Play on Tablet']","Jul 7, 2017",,"-0.13142799,0.25382578,0.4006857,-0.25956258,-0.14404061,0.15712054,-0.09277955,0.109789416,0.065141246,-0.0019245095,0.13151394,0.07370093,0.08468257,-0.067034006,0.06744863,-0.015097367,0.08552052,0.3089248,-0.23417014,0.20561035,0.27854675,0.15417269,0.014506374,-0.24668014,0.16988805,0.030189715,-0.14986917,-0.21675892,0.07238515,-0.113723904,-0.22589149,0.24058278,-0.04796611,-0.066010505,0.21941088,0.079251215,-0.24172394,0.038568113,0.04373321,-0.20777021,-0.11577596,-0.18492974,0.0783351,-0.36782476,-0.0707205,0.08239503,0.037680015,-0.038558524,0.016937671,-0.5955304,-0.0682426,0.000778318,-0.032811157,0.7679991,0.009105044,-1.850613,0.03005246,-0.03104412,1.1931762,0.34188914,-0.13879548,0.63067174,-0.26846805,0.048113286,0.59059227,0.017766088,0.2751674,0.07912795,0.0025455288,-0.24441515,0.10152691,-0.2829489,-0.07584105,-0.24517637,0.105227314,0.11125699,-0.081881486,-0.0850313,-0.28296185,0.09243703,0.39300153,0.070069715,-0.43901235,0.03574568,-0.81862605,-0.08472032,0.09509413,0.02164558,-0.19808637,-0.15507954,-0.11581722,0.090251535,-0.04121602,-0.14902362,-0.26208264,-0.13103013,-0.07597504,-0.08470896,0.42397857,0.29309323"
113,1789,1789,Terraria,105600,classic staple every device,38,173.76666666666668,2026-03-01 15:35:33,"20,000,000 .. 50,000,000",['Re-Logic'],['Re-Logic'],"['Action', 'Adventure', 'Indie', 'RPG']","['windows', 'mac', 'linux']","['Single-player', 'Multi-player', 'PvP', 'Online PvP', 'Co-op', 'Online Co-op', 'Steam Achievements', 'Full controller support', 'Steam Trading Cards', 'Steam Cloud', 'Remote Play on Phone', 'Remote Play on Tablet', 'Remote Play on TV', 'Family Sharing']","May 16, 2011",999.0,"-0.48299998,0.3651625,0.320585,-0.15641424,0.11168975,0.20139074,0.5092325,-0.0073125046,-0.10198821,0.16246,-0.1014365,-0.16076201,-0.008077487,0.05707999,0.185809,0.080265,0.37475747,0.1364825,0.22560675,-0.07195251,0.30709273,-0.37397403,0.29232752,-0.2873325,0.44182754,0.101295,0.025637507,-0.35228997,-0.2689075,-0.050105505,-0.1297395,0.3825925,0.24562,0.018836,0.1027275,0.20874424,-0.29886448,0.1399925,0.21374251,-0.356175,0.050838247,0.036117498,-0.022409245,-0.16232,-0.008266985,-0.0968695,0.053522497,-0.34774998,-0.21298274,-0.642485,-0.04606249,0.0411195,0.43148753,0.40491,0.02895183,-1.65761,-0.60361,0.16903588,1.473625,0.1239175,0.19674826,0.78778505,-0.04137273,0.010169506,0.36046496,-0.3499775,0.17445248,-0.37765002,0.092535004,-0.115216,-0.27340323,-0.012557503,0.1221365,0.6529075,0.046822507,0.11832875,0.30194503,-0.16858,-0.298975,0.034112744,0.16773,-0.3099925,-0.33805752,0.30339,-1.237525,0.26926,-0.14192504,-0.038788997,-0.2435725,0.17146924,0.07730575,0.44795,0.1235625,-0.128741,-0.525295,-0.32194176,-0.07769175,-0.32247502,0.9088475,0.5275724"
114,759,759,Black Myth: Wukong,2358720,one best game ever made without doubt,53,130.46666666666667,2026-02-28 14:28:31,"50,000,000 .. 100,000,000",['Game Science'],['Game Science'],"['Action', 'Adventure', 'RPG']",['windows'],"['Single-player', 'Steam Achievements', 'Full controller support', 'Steam Trading Cards', 'Playable without Timed Input', 'Stereo Sound', 'Surround Sound', 'Steam Cloud', 'Family Sharing']","Aug 19, 2024",5999.0,"-0.032594856,0.20493114,0.5916543,-0.34426457,-0.05683214,0.187024,0.19692428,-0.11121614,-0.23927757,-0.088601165,0.19010659,-0.08579113,0.09266114,-0.103887424,0.017245421,-0.14505199,0.25864485,0.38156244,-0.32779428,0.41193527,0.22143283,0.12381643,-0.032730285,-0.10132287,0.45265442,-0.13983901,-0.14063872,-0.34772998,0.11000029,-0.16074386,-0.16895756,0.4468417,-0.02693071,-0.0026917143,0.26118913,0.12330101,-0.43838018,0.34605497,-0.4097104,-0.2093277,-0.24482428,0.0889883,0.4036374,-0.21702614,0.009372999,-0.13212684,0.39421573,-0.5686029,-0.022715142,-0.9434071,0.055189993,-0.11972659,0.08925001,1.099653,-0.024449991,-2.5514858,-0.14063028,-0.0012308572,1.2787971,0.61319554,-0.39085728,0.78427714,-0.424589,0.19883646,0.7196315,-0.18764886,0.47061,0.33658698,-0.22245441,-0.108823426,0.030013148,-0.06813214,0.023565713,-0.13334684,0.19202144,0.26601428,-0.3407827,-0.21292,-0.7221119,0.07942142,0.4800829,0.03360657,-0.49573258,0.105907574,-1.5258428,-0.22554998,-0.07514588,-0.0057814377,-0.118583,-0.33868,-0.18647228,-0.09892614,-0.20801328,-0.089844145,-0.40117913,0.06421386,-0.32785273,-0.17180714,0.52245414,0.26872787"
115,382,382,Palworld,1623730,feel good game,21,525.2666666666667,2026-02-27 21:11:58,"50,000,000 .. 100,000,000",['Pocketpair'],['Pocketpair'],"['Action', 'Adventure', 'Indie', 'RPG', 'Early Access']",['windows'],"['Single-player', 'Multi-player', 'Co-op', 'Online Co-op', 'Cross-Platform Multiplayer', 'Steam Achievements', 'Full controller support', 'Steam Trading Cards', 'Steam Workshop', 'Steam Cloud', 'Family Sharing']","Jan 18, 2024",2999.0,"-0.0036683332,0.28421435,0.80474997,-0.62594,-0.7033766,0.43808666,0.13309532,-0.11333,-0.39672664,-0.35850334,-0.10709467,-0.31025133,0.15266667,-0.31147367,0.023383329,0.024105996,-0.099213995,0.43305865,-0.40679336,0.7541067,0.16512866,0.34252265,-0.10819227,-0.19737665,0.43122998,0.12996666,-0.184186,-0.28650668,0.16263665,-0.15197666,-0.35021666,0.81004333,-0.07517,-0.07370967,0.41857663,-0.021767,-0.54569334,0.5685434,-0.20599325,-0.5143933,0.16606167,-0.22796333,0.31469,-0.38953003,-0.34933665,-0.17414935,0.31349203,-0.28394333,0.28847635,-1.2278566,-0.1492,-0.16592233,-0.036038667,0.8134666,0.18591134,-2.7192001,0.30701667,0.12418,1.3429333,0.53278667,-0.42611003,0.75136995,-0.9601067,-0.16441534,0.47023335,0.019561669,0.64191335,0.12852408,-0.41601333,-0.22698666,0.15883,-0.15970099,0.23570664,-0.20226265,0.29125997,0.48794666,-0.29716,-0.05313134,-0.156909,0.115830004,0.18075667,0.22833268,-0.9005966,0.21725667,-1.5927,-0.049919993,-0.25023568,-0.04721567,-0.5304983,-0.3568,-0.126118,-0.22983001,-0.028225997,-0.05916001,-0.3589767,-0.086763345,-0.31086934,-0.20327334,0.39391336,0.47781602"
116,1103,1103,Lost Ark,1599340,bad experience want return start new,53,181.63333333333333,2026-02-22 18:23:28,"50,000,000 .. 100,000,000",['Smilegate RPG'],['Amazon Game Studios'],"['Action', 'Adventure', 'Massively Multiplayer', 'RPG', 'Free To Play']",['windows'],"['Single-player', 'Multi-player', 'MMO', 'PvP', 'Online PvP', 'Co-op', 'Online Co-op', 'Steam Achievements', 'In-App Purchases', 'Adjustable Text Size', 'Camera Comfort', 'Color Alternatives', 'Custom Volume Controls', 'Keyboard Only Option', 'Playable without Timed Input', 'Save Anytime', 'Partial Controller Support']","Feb 11, 2022",,"0.081206,0.16720665,0.44702232,-0.28686777,-0.4102867,-0.07454134,-0.27805853,0.20715867,-0.19138832,-0.020063331,-0.019691333,0.015474995,0.21248002,-0.009112003,0.09314734,-0.23190498,0.18710367,0.14553367,-0.20239,0.5451358,0.12829667,0.11617283,-0.054131832,-0.057812672,0.017863348,-0.031536665,-0.14794832,-0.39601898,0.30889884,-0.14302349,-0.2862435,0.55916834,-0.23911683,-0.18735053,-0.056591664,0.0049354993,-0.15448733,0.083443165,-0.04503199,-0.34043434,-0.3999587,-0.24811868,0.17361502,-0.42064717,-0.12954833,0.091160275,0.09015399,-0.4576545,0.27364132,-0.98696333,0.06694517,-0.12139817,-0.087955005,0.7798133,0.0906775,-2.53675,0.13620664,-0.02466266,1.6195,0.30656,-0.3019112,0.76867837,-0.46048105,-0.20040233,0.7028417,0.0667775,0.35179248,0.114535,-0.17085516,-0.38052168,0.027364334,-0.28417668,-0.45855665,-0.47649217,0.060991835,0.132585,-0.29137835,0.043161005,-0.6247067,-0.117750496,0.55391234,0.15551367,-0.32884452,0.11353874,-1.3070351,-0.009716666,0.044716343,-0.100408666,-0.40290645,-0.47075164,-0.1280855,-0.0061794966,0.07025268,-0.088110425,-0.6066,-0.006947664,-0.051303506,0.045284554,0.45558766,0.2946883"
117,973,973,Left 4 Dead 2,550,yes,3,6.033333333333333,2026-02-28 19:58:41,"50,000,000 .. 100,000,000",['Valve'],['Valve'],['Action'],"['windows', 'linux']","['Single-player', 'Multi-player', 'PvP', 'Online PvP', 'Co-op', 'Online Co-op', 'Steam Achievements', 'Full controller support', 'Steam Trading Cards', 'Captions available', 'Steam Workshop', 'Camera Comfort', 'Color Alternatives', 'Custom Volume Controls', 'Adjustable Difficulty', 'Playable without Timed Input', 'Stereo Sound', 'Surround Sound', 'Steam Cloud', 'Valve Anti-Cheat enabled', 'Stats', 'Includes Source SDK', 'Commentary available', 'Remote Play on Phone', 'Remote Play on Tablet', 'Remote Play on TV', 'Remote Play Together', 'Family Sharing', 'Steam Timeline']","Nov 16, 2009",999.0,"-0.050131,0.66356,0.84315,-0.75295,-0.42848,0.161,-0.03673,0.074777,0.35251,-0.28556,0.20641,-0.043102,-0.37978,-0.052587,0.29311,-0.45879,-0.47363,0.20305,-0.45185,0.81729,0.16955,0.55388,-0.56667,-0.6804,0.10162,0.43306,-0.041035,-0.33196,0.39855,-0.42924,0.16037,0.67055,0.56775,-0.036795,0.36762,0.20562,0.48372,-0.0023657,0.30896,-0.55975,-0.093893,0.045387,0.13003,-0.47783,-0.62755,-0.92217,0.034079,-0.23645,-0.7976,-1.0137,0.11884,0.051346,0.18324,0.44278,-0.47314,-1.5531,0.56763,0.63797,0.64317,0.21479,-0.20058,0.28966,-0.66742,-0.7743,0.70983,0.25972,0.4592,0.27178,-0.57331,-0.072424,0.36847,0.46355,-0.018428,-0.41952,0.13414,0.33214,-0.033299,0.10074,-0.43861,-0.37786,0.3342,-0.66378,0.20946,-0.36172,-1.2676,-0.42479,0.34666,-0.42305,-0.33995,0.18723,-0.04235,-0.33479,0.24331,0.57645,-0.49779,0.072397,-0.26301,0.16489,0.048798,0.50359"
118,352,352,Palworld,1623730,play game time amazing got play,75,98.55,2026-02-28 14:39:43,"50,000,000 .. 100,000,000",['Pocketpair'],['Pocketpair'],"['Action', 'Adventure', 'Indie', 'RPG', 'Early Access']",['windows'],"['Single-player', 'Multi-player', 'Co-op', 'Online Co-op', 'Cross-Platform Multiplayer', 'Steam Achievements', 'Full controller support', 'Steam Trading Cards', 'Steam Workshop', 'Steam Cloud', 'Family Sharing']","Jan 18, 2024",2999.0,"0.05871133,0.077501334,0.5865233,-0.44219503,-0.3815417,0.43988618,0.33732983,0.22796834,-0.61291665,-0.37931332,0.30461666,-0.293795,-0.21349366,-0.19667001,0.061330814,0.09449167,0.05761167,0.69181985,-0.34397516,0.5423731,0.23247099,0.216783,0.09364917,0.05552168,0.71254176,-0.13442266,-0.2225705,-0.19867165,0.41644165,-0.02071633,-0.8363407,0.73678637,0.07541683,-0.057838503,0.24464448,-0.22263165,-0.6855817,0.474635,-0.33884433,-0.3884867,0.17824817,-0.032837342,0.101332836,-0.19584352,-0.22039266,-0.008561165,0.21800832,-0.51807433,0.40626535,-0.99970835,-0.3203939,0.031585995,0.06292,0.87060165,0.1397445,-2.6972332,-0.17575467,0.0032585014,0.97099835,0.8233733,-0.4983933,0.86070174,-0.72228163,-0.021823667,0.55797,-0.08116233,0.339865,0.27668682,-0.271175,0.13195,0.010681336,-0.16958417,0.23160833,-0.214293,0.22588784,0.21654667,-0.48293164,-0.20185085,-0.18041335,0.20664851,0.36733165,0.029705003,-0.562405,-0.038638666,-1.5306433,-0.13201334,-0.09141084,-0.05433783,-0.34924915,-0.21572316,-0.24530303,0.06398167,-0.12229834,0.073485166,-0.5186167,-0.24991368,-0.25837335,-0.058554333,0.3284023,0.4107118"
119,1605,1605,ELDEN RING,1245620,ellen ring completely captivated moment stepped land lifetime experience,121,112.1,2026-03-01 23:54:34,"20,000,000 .. 50,000,000","['FromSoftware, Inc.']","['FromSoftware, Inc.', 'Bandai Namco Entertainment']","['Action', 'RPG']",['windows'],"['Single-player', 'Multi-player', 'PvP', 'Online PvP', 'Co-op', 'Online Co-op', 'Steam Achievements', 'Full controller support', 'Steam Trading Cards', 'Camera Comfort', 'Custom Volume Controls', 'Playable without Timed Input', 'Save Anytime', 'Stereo Sound', 'Surround Sound', 'Steam Cloud', 'Family Sharing']","Feb 24, 2022",5999.0,"0.12032945,0.05854122,0.14211243,0.10525223,0.037774663,0.13477288,-0.079514444,0.23477677,0.03473223,-0.1558341,-0.025003245,0.097531885,0.18533956,-0.046110213,-0.043273553,-0.319437,0.16008899,0.43900225,-0.29004645,0.13460575,0.14202788,0.07508867,-0.08738511,-0.270153,0.5133689,0.15924555,0.037715957,-0.17155558,0.21343088,-0.17381866,0.059009988,0.21735543,0.15667544,0.052579667,0.0051537785,-0.04446511,-0.16918223,0.10960534,-0.20903155,-0.0042966735,-0.24062759,-0.1412679,0.21993844,-0.113150544,0.035603896,0.07395878,0.185831,0.0040310887,0.176302,-0.57174736,-0.040227447,-0.175958,0.28295135,0.7859622,0.26576048,-1.6134233,0.014341997,0.06845199,1.0132133,0.16922753,0.16069211,0.68040425,-0.11069966,-0.13718332,0.5808566,-0.12632966,0.39729255,-0.013977773,0.093999445,0.05939056,0.14951155,-0.06341744,-0.10773467,-0.094291665,0.07214765,-0.046301123,-0.12068733,-0.121872224,-0.41156557,0.1455731,0.052844927,0.07313045,-0.17781213,0.12897955,-0.7627689,-0.06670021,-0.072888665,-0.10651578,-0.24638987,-0.34019467,-0.001496447,-0.020880988,0.15071644,0.047808222,-0.1709129,0.031590216,-0.14272778,0.017938754,-0.09316322,0.25164694"
120,1825,1825,Path of Exile 2,2694490,one arg rule,30,302.7333333333333,2026-02-28 17:48:10,"20,000,000 .. 50,000,000",['Grinding Gear Games'],['Grinding Gear Games'],"['Action', 'Adventure', 'Massively Multiplayer', 'RPG', 'Early Access']",['windows'],"['Single-player', 'Multi-player', 'MMO', 'Co-op', 'Online Co-op', 'Full controller support', 'HDR available']","Dec 6, 2024",2999.0,"-0.27041999,-0.02620866,0.44962668,-0.05170543,-0.47950003,0.6651433,0.057590008,0.24245001,-0.33550867,-0.15989667,0.38466668,0.10128268,0.00046667457,0.23379733,0.23603933,0.057720006,0.39727998,0.204289,-0.05695333,0.20235,0.51471,-0.034982998,0.194139,0.7421577,0.5235367,-0.31242535,0.33726338,-0.34972668,0.10073033,-0.16854133,0.11391666,0.39306664,0.09900233,0.049687672,0.014041334,0.105686665,-0.19736333,0.12454334,0.074496664,-0.4067777,-0.31349,0.052959997,0.39102003,-0.41312,0.082613334,-0.45006666,0.14155667,0.08892667,-0.39537764,-0.35909665,-0.0024900038,-0.08871567,-0.049401667,0.77015,-0.21381998,-1.460978,0.05308667,0.216582,1.2288133,0.49281535,0.11586666,0.08791665,0.10120267,0.33408666,0.86117333,-0.08213667,-0.28610334,-0.02351,-0.36895332,0.039894223,0.26835,0.08725733,-0.26219,-0.3949733,-0.26924,-0.44821,-0.04662299,-0.20003414,-0.8553467,-0.10563334,0.42151603,-0.29837465,-0.12767668,0.23883434,-0.8161013,0.57038,-0.25068203,-0.010486662,0.34320334,-0.29298666,-0.105742,-0.33898997,-0.35371664,-0.20127666,-0.26916,0.22383635,-0.13809113,-0.47056332,-0.08393001,0.12509"
121,1036,1036,Unturned,304930,great graphics,15,103.75,2024-05-12 05:44:09,"50,000,000 .. 100,000,000",['Smartly Dressed Games'],['Smartly Dressed Games'],"['Action', 'Adventure', 'Casual', 'Indie', 'Free To Play']","['windows', 'mac', 'linux']","['Single-player', 'Multi-player', 'PvP', 'Online PvP', 'LAN PvP', 'Co-op', 'Online Co-op', 'LAN Co-op', 'Steam Achievements', 'Steam Trading Cards', 'Steam Workshop', 'In-App Purchases', 'Camera Comfort', 'Custom Volume Controls', 'Adjustable Difficulty', 'Playable without Timed Input', 'Stereo Sound', 'Steam Cloud', 'Valve Anti-Cheat enabled', 'Stats', 'Includes level editor', 'Remote Play on Tablet']","Jul 7, 2017",,"-0.340318,0.58933,0.518575,-0.382645,0.055914998,-0.230875,-0.310665,-0.3171915,-0.47026497,-0.19111001,0.172085,-0.573435,4.9993396e-05,-0.96777,0.039970003,0.44660503,0.079855,-0.10649,-0.40630996,0.37226498,-0.65678453,0.07912502,-0.036475003,0.043740004,0.53759,-0.22329499,-0.078805,0.5643585,0.017649993,-0.1915195,0.0247,0.4203565,-0.724985,-0.255655,0.24502501,-0.00938075,-0.326375,0.14245,0.11395,-0.366755,0.28322,-0.396662,-0.18343502,-0.22588,-0.111420006,0.124145,0.38721,-0.2654755,0.79269,-0.2265175,-0.20559649,-0.07919501,0.307785,0.65040505,0.44108748,-1.7952299,0.018655002,0.199175,1.1345,-0.22869,-0.557406,1.15955,-0.817745,0.107839994,0.529395,-0.44601,0.3439,0.19394,0.239835,0.078870006,0.106584996,0.23065,-0.003490001,-0.332075,0.591875,0.3138245,0.0040820003,0.45734003,-0.29579002,-0.04406999,0.25448,-0.328735,-0.09113,0.0462,-1.18065,0.3910265,0.23516,-0.90139496,0.0030900016,-0.768535,0.06557,0.24756001,0.2858465,0.3702,-0.55237496,-0.666815,-0.52287,-1.02925,0.902875,0.283835"
122,1107,1107,Lost Ark,1599340,combat immaculate atmosphere phenomenal control character great end game difficulty ranging acceptable demanding world jaw dropping original korean deus praised glorified lied wanted believe no matter great south korean developer might unfortunately irreformable philosophy pain bloated design like japanese developer amazing pretty much everything else stuck way two aspect unfortunately trump whatever amazingness deliver future people blame amazon outcome set start merely handler unable alter vital decision south korean inevitable dream long dead,840,927.4666666666668,2026-02-21 12:13:43,"50,000,000 .. 100,000,000",['Smilegate RPG'],['Amazon Game Studios'],"['Action', 'Adventure', 'Massively Multiplayer', 'RPG', 'Free To Play']",['windows'],"['Single-player', 'Multi-player', 'MMO', 'PvP', 'Online PvP', 'Co-op', 'Online Co-op', 'Steam Achievements', 'In-App Purchases', 'Adjustable Text Size', 'Camera Comfort', 'Color Alternatives', 'Custom Volume Controls', 'Keyboard Only Option', 'Playable without Timed Input', 'Save Anytime', 'Partial Controller Support']","Feb 11, 2022",,"0.00037824563,0.13929121,0.41552722,0.037789512,-0.18471055,0.009042512,-0.1483713,-0.044876326,0.05702208,0.029983444,0.008775395,0.051222987,0.26407927,-0.09538262,-0.008888435,-0.1518443,0.022047363,0.16648775,-0.23483688,0.17402464,0.2659703,-0.028455311,0.037074406,-0.18446688,0.13378762,0.06632953,-0.21697845,-0.25129578,0.016583957,-0.09287225,-0.098526984,0.34166238,-0.10545162,-0.07731551,0.09146199,0.040120736,-0.025864765,0.06032876,-0.076707125,-0.17595679,-0.2585762,-0.03481897,0.17958327,-0.11327275,-0.04094758,0.008679029,0.18690217,-0.08767097,-0.115755364,-0.54044354,0.097830415,-0.059311096,0.12360421,0.70824164,0.041255843,-1.7385454,0.012230803,-0.061597206,1.1397542,0.30816334,-0.11743208,0.5498164,-0.27436516,-0.07694779,0.49578857,0.0059952247,0.3080926,0.21130379,-0.008653472,-0.13890696,0.071184024,-0.08254246,-0.05325331,-0.17241377,0.14597818,0.1116713,-0.12009672,0.054306846,-0.47567347,0.057640325,0.3611792,0.06252582,-0.28794548,0.06521905,-1.1448467,-0.058865488,-0.1078635,-0.058405627,-0.17629217,-0.27369657,0.032754164,-0.06677457,-0.04966661,0.06358674,-0.256974,-0.067357115,-0.24099205,-0.24908568,0.38725784,0.20174325"
123,494,494,Team Fortress 2,440,quit year ago cheater quitting people stop cheating get therapy need,114,64.68333333333334,2026-02-14 06:15:44,"50,000,000 .. 100,000,000",['Valve'],['Valve'],"['Action', 'Free To Play']","['windows', 'linux']","['Multi-player', 'Cross-Platform Multiplayer', 'Steam Achievements', 'Steam Trading Cards', 'Captions available', 'Steam Workshop', 'In-App Purchases', 'Camera Comfort', 'Color Alternatives', 'Custom Volume Controls', 'Stereo Sound', 'Surround Sound', 'Partial Controller Support', 'Valve Anti-Cheat enabled', 'Stats', 'Includes level editor', 'Commentary available', 'Remote Play on Phone', 'Remote Play on Tablet']","Oct 10, 2007",,"0.36811817,0.26320818,0.11383372,-0.29723155,-0.32892683,0.20711543,0.025436558,0.39781192,0.1672491,0.047692277,0.023967182,0.18849248,0.029448736,0.027024549,0.080975026,-0.31652153,-0.05403627,0.07055319,-0.31236455,0.2826011,0.096398905,0.16273108,-0.065712266,-0.070124775,0.006465641,0.16603118,-0.07248645,-0.49472964,0.3789943,-0.019870909,-0.07201264,0.48209813,0.026753007,-0.14072709,0.012907183,0.16993907,-0.27061427,-0.065621726,-0.07841746,-0.106518,-0.5612536,0.25439,0.1832392,-0.50643355,-0.2606932,0.18025029,0.08598107,-0.29902583,-0.16227408,-0.8512363,-0.012998426,-0.293996,-0.13406172,0.84083176,-0.23852001,-1.5647373,0.023785453,-0.06951982,1.108398,0.353371,-0.074209094,0.37788,-0.21068726,-0.07860584,0.47373,0.43110177,0.4686528,0.008394274,0.15414928,-0.3323581,0.011485031,-0.14954983,-0.33111116,-0.112766534,-0.4160178,0.15850772,-0.11527738,0.004501546,-0.65687996,-0.037564635,0.5845591,-0.15943274,-0.3815699,0.05482246,-1.2348126,-0.06721366,0.09488609,0.15941781,-0.49551657,-0.38105202,-0.056297634,0.016993368,0.01928437,-0.047047544,-0.2918973,0.018991454,0.030908454,0.15109481,0.46755365,0.037190374"
124,393,393,Palworld,1623730,one best game,16,875.6833333333333,2026-02-27 11:07:44,"50,000,000 .. 100,000,000",['Pocketpair'],['Pocketpair'],"['Action', 'Adventure', 'Indie', 'RPG', 'Early Access']",['windows'],"['Single-player', 'Multi-player', 'Co-op', 'Online Co-op', 'Cross-Platform Multiplayer', 'Steam Achievements', 'Full controller support', 'Steam Trading Cards', 'Steam Workshop', 'Steam Cloud', 'Family Sharing']","Jan 18, 2024",2999.0,"-0.008010331,0.239071,0.76808,-0.50896,-0.051163327,0.42338333,0.50488,-0.15617667,-0.59032196,-0.056547,0.21205534,-0.44848397,-0.107717335,-0.27875134,-0.044620667,0.13921334,0.44233668,0.27708566,-0.33866334,0.6841933,0.43800664,0.0006096661,0.086501,0.17049666,0.86617,-0.30294,-0.093417,-0.23524,-0.03003,-0.060975675,-0.4626,0.71056,0.08518001,0.085170664,0.34850132,0.12326334,-0.78070337,0.55758,-0.38369665,-0.33194768,0.12419668,0.13996,0.25294065,-0.22015,-0.016136667,0.17176734,0.16773999,-0.6642967,0.0058433414,-0.7198333,-0.28382668,-0.24134302,0.05727333,1.10875,-0.05673666,-2.8955002,-0.09529799,0.13197868,1.3769332,0.8606696,-0.60913664,0.8066433,-0.39452767,0.29345265,0.74558336,-0.17703332,0.48584664,0.355993,-0.15238999,0.10225866,-0.09590999,0.08050167,0.12149,0.020514002,0.19725667,0.23438667,-0.522373,-0.27126667,-0.41597435,0.054626662,0.41775668,0.22008534,-0.7131233,0.023297662,-1.5838,-0.11074334,-0.24623935,-0.18521,0.050928336,-0.23728,-0.19110031,0.16837667,-0.125,-0.081136666,-0.5883567,0.013956666,-0.45127335,-0.13667665,0.7024366,0.39984265"
125,1546,1546,Warframe,230410,great game worth time spent,40,1249.65,2024-02-06 22:00:40,"20,000,000 .. 50,000,000",['Digital Extremes'],['Digital Extremes'],"['Action', 'RPG', 'Free To Play']",['windows'],"['Single-player', 'Multi-player', 'Co-op', 'Online Co-op', 'Cross-Platform Multiplayer', 'Steam Achievements', 'Full controller support', 'Steam Trading Cards', 'Steam Workshop', 'In-App Purchases', 'Camera Comfort', 'Color Alternatives', 'Custom Volume Controls', 'Playable without Timed Input', 'Stereo Sound', 'Surround Sound', 'Remote Play on Phone', 'Remote Play on Tablet', 'Remote Play on TV', 'HDR available']","Mar 25, 2013",,"0.2234484,0.3868056,0.447502,-0.19055079,-0.07780999,0.307828,0.2056938,0.17552999,-0.46658,-0.32632598,0.2945932,-0.27030897,-0.2580088,-0.29227,-0.0315964,-0.6165,0.344898,0.3072188,-0.3864366,0.42207575,0.1769422,0.46590558,-0.2330968,0.030435195,0.46077794,-0.109288,-0.1264906,-0.1229406,0.084213994,-0.1301256,-0.43140396,0.3198238,0.00031000227,-0.22346821,-0.102359995,0.1253055,-0.49622598,0.41655058,-0.23693939,-0.185722,-0.07729199,-0.28182277,0.313685,-0.23324719,-0.036331005,0.041295,0.3366506,-0.71251404,0.36182204,-0.791352,0.055373352,-0.2460618,0.3625668,0.941274,-0.077955596,-2.47784,-0.276472,-0.34755582,1.41622,0.76185,-0.13166842,0.823748,-0.616696,0.06413759,0.35233203,-0.0881992,0.40986,0.18199721,0.06154,0.16702439,-0.0018434018,-0.10482921,-0.007264197,0.0798984,-0.010784996,0.24238381,-0.33643022,0.031968996,-0.82843196,0.40531,0.52045804,0.228778,-0.450334,0.117019996,-1.162768,0.2116706,-0.12761101,-0.33822936,-0.306649,-0.41496602,-0.31973678,0.026377082,0.1763966,-0.22432402,-0.768566,-0.256312,-0.1784364,-0.12902161,0.719768,0.07495819"
126,464,464,Team Fortress 2,440,best game ever,15,271.1333333333333,2026-02-20 00:58:18,"50,000,000 .. 100,000,000",['Valve'],['Valve'],"['Action', 'Free To Play']","['windows', 'linux']","['Multi-player', 'Cross-Platform Multiplayer', 'Steam Achievements', 'Steam Trading Cards', 'Captions available', 'Steam Workshop', 'In-App Purchases', 'Camera Comfort', 'Color Alternatives', 'Custom Volume Controls', 'Stereo Sound', 'Surround Sound', 'Partial Controller Support', 'Valve Anti-Cheat enabled', 'Stats', 'Includes level editor', 'Commentary available', 'Remote Play on Phone', 'Remote Play on Tablet']","Oct 10, 2007",,"0.107313,0.33307102,0.8557634,-0.37455395,-0.10498633,0.23004268,0.47061667,-0.283731,-0.57110465,-0.09589969,0.22182201,-0.40775666,-0.04840399,-0.281508,-0.14582334,0.20649868,0.4308,0.49386668,-0.40398335,0.6514333,0.31435335,0.18471932,0.045132667,-0.02678,0.7838467,-0.19875668,-0.155877,-0.21582,0.18644333,-0.11378,-0.49517664,0.6126633,0.15044333,0.147023,0.5255833,0.027277669,-0.89867,0.44061998,-0.55063665,-0.36156335,0.117963344,0.11044001,0.12766732,-0.13305433,-0.00899667,0.172014,0.36386666,-0.76911,0.32662666,-1.0411167,-0.11453334,-0.165893,0.13839,1.05305,0.18132333,-2.6616335,-0.182688,0.31404334,1.2035333,0.7010363,-0.6670633,0.8122933,-0.61789334,0.077702664,0.75269336,-0.16736,0.33056334,0.260653,-0.18741699,0.06043333,0.23616333,0.0034516752,-0.09673666,0.25513402,-0.008980006,0.23829667,-0.60213333,-0.29578668,-0.320181,0.14947666,0.31398332,0.20369135,-0.65368336,0.07061999,-1.5955,-0.17807667,-0.22009434,-0.24373333,-0.034257,-0.29659334,-0.250005,0.116372325,-0.11094668,-0.11411334,-0.37217999,0.110899985,-0.47544003,0.10691666,0.63381,0.296388"
127,886,886,Grand Theft Auto V Legacy,271590,good game,14,65.4,2026-02-28 19:42:18,"50,000,000 .. 100,000,000",['Rockstar North'],['Rockstar Games'],"['Action', 'Adventure']",['windows'],"['Single-player', 'Multi-player', 'PvP', 'Online PvP', 'Co-op', 'Online Co-op', 'Steam Achievements', 'Full controller support', 'Remote Play on Phone', 'Remote Play on Tablet', 'Remote Play on TV']","Apr 13, 2015",,"0.015945002,0.0729665,0.83054495,-0.639095,-0.65422,0.35666,0.536738,-0.287955,-0.71511495,-0.35589498,-0.047042005,-0.48339,-0.0039549917,-0.2860455,0.1917,0.219944,0.137454,0.496283,-0.36716002,0.81509006,0.103038,0.21007898,-0.157949,0.044965,0.738895,0.070714995,-0.32423,-0.08421999,-0.21039,-0.031844996,-0.59705,0.824505,-0.054749995,-0.1407205,0.396365,-0.010554999,-0.88996,0.541645,-0.4287049,-0.53751504,0.3618575,-0.182345,0.31505,-0.372755,-0.31987,-0.137929,0.212378,-0.603385,0.2749895,-1.139635,-0.14137,-0.22112949,-0.105358005,0.91262496,0.215412,-2.95985,0.112975,0.123225,1.46935,0.669415,-0.754035,0.57080495,-0.93236,-0.037218,0.51108503,0.0537705,0.503995,0.1917995,-0.27820998,-0.045755,0.059635006,0.0213485,0.41366,-0.234264,0.32904997,0.44252,-0.46427,-0.051064998,-0.221815,0.301375,0.46723002,0.323525,-0.92569,0.094115,-1.5659499,0.061,-0.2844985,-0.051810503,-0.30763248,-0.27818,-0.2238995,-0.11467999,-0.167704,0.16517,-0.46024,-0.19052501,-0.43837,-0.033759996,0.531825,0.51685405"
128,1193,1193,Lost Ark,1599340,mid,3,7907.5,2025-11-20 00:50:22,"50,000,000 .. 100,000,000",['Smilegate RPG'],['Amazon Game Studios'],"['Action', 'Adventure', 'Massively Multiplayer', 'RPG', 'Free To Play']",['windows'],"['Single-player', 'Multi-player', 'MMO', 'PvP', 'Online PvP', 'Co-op', 'Online Co-op', 'Steam Achievements', 'In-App Purchases', 'Adjustable Text Size', 'Camera Comfort', 'Color Alternatives', 'Custom Volume Controls', 'Keyboard Only Option', 'Playable without Timed Input', 'Save Anytime', 'Partial Controller Support']","Feb 11, 2022",,"-0.39459,-0.26386,0.24428,0.42974,-0.24832,-0.52822,0.55789,0.2615,-0.57,0.43696,0.16742,-0.40344,0.22421,-0.12006,0.59035,-0.45391,-0.68879,-0.28221,0.40206,-0.48244,0.51342,0.11101,0.43807,0.037739,0.097365,-0.03539,-0.68942,-0.17902,-0.13137,-0.18582,0.17484,-0.16792,-0.24605,-0.14899,-0.063108,0.46927,-0.27818,-0.20616,-0.061412,0.042231,-0.31714,-0.23805,-0.13953,0.2011,0.034642,0.086604,0.73299,-0.52931,0.62506,-0.823,-0.14645,-0.13952,-0.28173,0.18041,-0.60487,-1.8334,-1.1644,-0.20324,2.1462,0.49181,-0.40491,0.93782,-0.22634,0.26025,0.43554,0.12062,-0.23136,-0.054697,-0.1718,-0.21937,0.15733,0.023693,-0.91638,-0.70556,-0.28066,-0.28524,-0.566,-0.23389,-0.31951,-0.38387,0.49189,0.10992,0.27526,-0.46837,-0.30136,-0.16928,-0.33248,-0.061466,0.16276,0.5965,0.06869,0.70738,-0.31692,0.37845,-1.1032,0.77206,0.25932,0.36226,0.39813,-0.61688"
129,366,366,Palworld,1623730,everything,10,82.05,2026-02-28 05:34:21,"50,000,000 .. 100,000,000",['Pocketpair'],['Pocketpair'],"['Action', 'Adventure', 'Indie', 'RPG', 'Early Access']",['windows'],"['Single-player', 'Multi-player', 'Co-op', 'Online Co-op', 'Cross-Platform Multiplayer', 'Steam Achievements', 'Full controller support', 'Steam Trading Cards', 'Steam Workshop', 'Steam Cloud', 'Family Sharing']","Jan 18, 2024",2999.0,"0.013026,0.33335,0.62812,-0.089324,-0.13434,0.26948,-0.17045,0.039592,0.19847,-0.054669,0.59498,0.31745,0.28691,0.42015,-0.23682,-0.3583,-0.45421,0.87357,-0.26887,0.38228,-0.013516,0.18781,0.11409,-0.91682,0.17019,0.14309,-0.52976,-0.9702,-0.21943,-0.4512,-0.25972,0.55875,-0.07939,0.098255,-0.15482,0.11926,0.034281,-0.079117,-0.18668,-0.64334,0.026627,-0.15963,0.12529,-0.44979,-0.99793,0.13604,-0.28778,-0.059987,0.019177,-1.2517,0.5363,0.37451,0.12018,0.93167,-0.16836,-1.9662,0.19831,0.70928,1.3088,0.22569,-0.028412,1.2327,-0.44345,-0.34264,0.6256,0.43331,0.95851,0.030527,-0.10855,-0.17556,0.37907,-0.12585,0.32332,0.10456,0.80106,0.32022,-0.073298,0.020626,-0.53155,0.47124,0.73076,0.0048294,-0.60191,0.36261,-1.2432,-0.070735,-0.22735,-0.16984,-0.77984,-0.37359,0.15763,-0.20682,0.17747,-0.16221,-0.60065,-0.62195,-0.087764,0.10573,0.41712,0.80295"
130,1893,1893,Path of Exile 2,2694490,early game addicting,51,8.116666666666667,2026-02-26 01:41:04,"20,000,000 .. 50,000,000",['Grinding Gear Games'],['Grinding Gear Games'],"['Action', 'Adventure', 'Massively Multiplayer', 'RPG', 'Early Access']",['windows'],"['Single-player', 'Multi-player', 'MMO', 'Co-op', 'Online Co-op', 'Full controller support', 'HDR available']","Dec 6, 2024",2999.0,"0.087540336,-0.012570667,0.41395333,-0.21469164,-0.38774,0.35415998,0.49756,-0.15617333,-0.18278997,-0.17328767,-0.049827997,-0.27546,-0.3794333,-0.55716896,0.29069,0.19211666,0.103444666,0.25149333,-0.259117,0.22418968,0.44633332,-0.08303567,-0.120026,0.39102003,0.490598,0.076303326,-0.118445,0.21590666,-0.2756,-0.017225996,-0.4434333,0.27534732,-0.25151503,-0.15343367,0.069625996,-0.29621366,-0.7126867,0.0059099994,-0.5882034,-0.31358966,-0.0020133306,0.26701567,-0.026337167,-0.04906,-0.22909002,0.02849401,0.51575,-0.43037665,0.44585708,-0.64678663,-0.19877966,-0.09458766,0.003497998,0.3786933,0.027850667,-1.7141099,-0.28817332,-0.10652,1.02313,0.6393233,-0.61638534,0.6329267,-0.07304833,0.17624366,0.34021,-0.047929,0.25180066,-0.020790333,-0.074617326,-0.20453668,0.025599996,-0.20476167,0.15123999,0.007294019,-0.136799,0.05902333,-0.48429668,-0.145375,-0.28067335,0.120730005,0.33232367,0.07876333,-0.61154735,0.41105,-0.9713299,0.11509567,-0.27596632,-0.042663336,-0.42379832,0.086253665,-0.017366672,0.26129332,-0.12937333,0.11990001,-0.29367003,-0.25806,-0.45007,0.16878133,0.36011335,-0.003630663"
131,1873,1873,Path of Exile 2,2694490,good yes,18,1292.8,2026-02-26 20:25:18,"20,000,000 .. 50,000,000",['Grinding Gear Games'],['Grinding Gear Games'],"['Action', 'Adventure', 'Massively Multiplayer', 'RPG', 'Early Access']",['windows'],"['Single-player', 'Multi-player', 'MMO', 'Co-op', 'Online Co-op', 'Full controller support', 'HDR available']","Dec 6, 2024",2999.0,"-0.04045,0.39174497,0.69112,-0.594955,-0.583925,0.0037750006,0.022197999,-0.15540649,-0.16772999,-0.35094,0.03729,-0.146161,0.03061001,0.016666,0.25091,-0.261186,-0.20570101,0.075908005,-0.292915,0.979545,0.103038,0.52208495,-0.40617,-0.54620004,0.112555,0.42321,-0.2625025,-0.437195,0.060340002,-0.34469497,-0.112239994,0.72855496,0.33502498,-0.1219575,0.38756502,0.26294,-0.013399988,0.24062714,0.1495051,-0.4733,-0.029459,-0.060806498,0.276865,-0.509735,-0.46539,-0.646,0.0584575,-0.38091502,-0.4310655,-1.20585,-0.014944997,-0.150962,0.03572,0.76699,-0.188638,-2.183,0.510005,0.55005,1.122185,0.0032100007,-0.237175,0.500815,-0.87141,-0.410637,0.69231,0.0969405,0.60872,0.332915,-0.20912,-0.35980698,0.348215,0.215901,0.25528097,-0.42918998,0.404095,0.37675,-0.0765545,-0.058514997,-0.368085,-0.25648,0.46659,-0.09924498,-0.18655998,-0.19247499,-1.4059,-0.20289,0.16539149,-0.1992755,-0.46006,-0.24468002,-0.0413645,-0.38761,0.163301,0.3884,-0.62639,0.1207885,-0.26437,-0.181945,0.112319,0.784295"
132,744,744,Black Myth: Wukong,2358720,beautiful,9,21.616666666666667,2026-03-01 00:57:47,"50,000,000 .. 100,000,000",['Game Science'],['Game Science'],"['Action', 'Adventure', 'RPG']",['windows'],"['Single-player', 'Steam Achievements', 'Full controller support', 'Steam Trading Cards', 'Playable without Timed Input', 'Stereo Sound', 'Surround Sound', 'Steam Cloud', 'Family Sharing']","Aug 19, 2024",5999.0,"-0.18173,0.49759,0.46326,0.22507,0.46379,0.70062,-0.55155,0.79148,-0.18582,0.19755,0.19881,0.09037,0.02684,0.036921,0.25217,0.30879,0.33164,0.2714,-0.12808,1.1721,-0.072969,0.34904,0.11161,-0.36056,0.59628,0.42417,-0.69904,-0.19768,-0.35599,-0.23141,-0.38503,-0.12665,0.77121,-0.37397,0.59642,-0.24416,-0.25387,-0.065911,0.21035,-0.83429,0.28604,-0.022707,0.06746,0.088804,0.23424,0.20475,0.085396,0.55393,0.34153,-0.095455,-0.19291,-0.55262,1.0229,0.3866,-0.24254,-2.3519,0.43561,1.1172,0.77358,-0.73769,-0.35302,1.6699,-0.63955,-0.39244,0.56454,-0.27873,0.9252,-0.13997,-0.096213,-1.1242,0.49031,0.36918,0.41195,-0.038159,0.84123,0.24619,0.081767,0.07483,0.44646,-0.19423,0.013369,0.37712,0.23276,0.25728,-0.85934,-0.36652,-0.060819,-0.4635,-0.21186,-0.50654,0.33397,-0.24091,0.5626,-0.0414,-1.0032,0.1337,-1.8932,-0.81877,-0.44116,0.51389"
133,529,529,Call of Duty: Modern Warfare II,1938090,extremely pissed activation used dark magic transmute roughly hour cod garbage every game since one downgrading straight not trying anything onward company greed incarnate making utter slop try also got removed code left hour behind minor redeeming quality really not worth,417,804.85,2026-03-01 04:45:02,"50,000,000 .. 100,000,000","['Treyarch', 'Raven Software', 'Beenox', 'High Moon Studios', 'Sledgehammer Games', 'Infinity Ward', 'Activision Shanghai', 'Demonware']",['Activision'],['Action'],['windows'],"['Single-player', 'Multi-player', 'PvP', 'Online PvP', 'Co-op', 'Online Co-op', 'Cross-Platform Multiplayer', 'Steam Achievements', 'Captions available', 'In-App Purchases', 'Adjustable Text Size', 'Camera Comfort', 'Color Alternatives', 'Custom Volume Controls', 'Playable without Timed Input', 'Stereo Sound', 'Subtitle Options', 'Surround Sound', 'Partial Controller Support', 'HDR available']","Oct 27, 2022",,"-0.045968514,0.11967865,0.31125247,-0.22678666,-0.104950786,0.25690097,-0.033102453,0.13317394,-0.0019778374,0.026657064,0.1361926,0.06251679,0.14155862,-0.004019384,0.078291826,-0.22704233,0.1225566,0.2313205,-0.10048644,0.14842668,0.2720847,0.083493404,0.022011833,-0.14763427,0.2382218,0.12016017,-0.20148736,-0.16256689,0.07166201,-0.17457098,-0.041690383,0.27846617,-0.18625869,0.0029865445,-0.03650897,0.15017939,-0.123052165,0.010611555,-0.03966589,-0.019717894,-0.10145158,-0.13408947,0.08687302,-0.26879814,-0.14006382,0.047636926,0.22314164,-0.19508326,-0.032486975,-0.5428777,0.06511432,-0.036362886,0.04480021,0.7237056,-0.20302989,-1.6689178,-0.07464496,-0.03389518,1.1091453,0.39293295,-0.15069693,0.52517515,-0.2887487,0.10569135,0.4565194,-0.040722594,0.40100455,-0.0386938,0.07048234,-0.16383892,-0.12810591,-0.1481042,0.024221582,-0.08242807,0.109495744,0.0920971,-0.15236947,-0.025816726,-0.44445628,0.08266727,0.2278826,0.0073876875,-0.47641373,0.09058411,-1.0454252,-0.062681116,0.072550684,-0.08732268,-0.17525814,-0.13305505,-0.15616,-0.021105204,-0.14721356,-0.1466203,-0.3028929,-0.17510521,-0.1274723,-0.20403327,0.25583282,0.12823014"
134,802,802,Grand Theft Auto V Legacy,271590,golden game,18,355.1,2026-03-01 23:57:37,"50,000,000 .. 100,000,000",['Rockstar North'],['Rockstar Games'],"['Action', 'Adventure']",['windows'],"['Single-player', 'Multi-player', 'PvP', 'Online PvP', 'Co-op', 'Online Co-op', 'Steam Achievements', 'Full controller support', 'Remote Play on Phone', 'Remote Play on Tablet', 'Remote Play on TV']","Apr 13, 2015",,"0.3280695,-0.0312555,0.67041,-0.66924,0.12876502,0.339845,0.21658999,0.012204997,-0.91513,-0.278475,-0.059107,-0.52081,-0.08969499,-0.259705,-0.32012,0.317025,0.55846,0.409175,-0.205405,0.37241,-0.071964994,-0.0804565,-0.42989898,0.166515,1.2822499,0.38423502,-0.100931495,0.037595004,-0.184375,-0.20267498,-0.191445,0.5496,0.12226,-0.0987255,0.2334955,-0.36898,-0.818515,0.858835,-0.49947998,-0.20713502,0.438075,-0.37743,-0.09488,-0.231185,0.14019999,0.0542165,0.22848499,-0.456935,0.37239,-0.432683,-0.316445,-0.1702745,-0.012101002,0.747785,-0.14086999,-2.8008,-0.326475,0.31874,1.085515,0.71976,-0.893455,0.97782004,-0.62194,0.164969,0.1304125,-0.09905999,-0.06452999,0.0312905,-0.674675,0.21095999,-0.302515,0.051620502,0.28275,0.358606,-0.246615,0.192149,-0.783265,-0.030029997,-0.069943,0.538135,0.360715,0.08811905,-0.6145155,0.100169495,-1.00486,0.0641045,-0.16970001,-0.23636,0.6147025,0.22669,-0.2384755,-0.0073599964,-0.315375,-0.064195,-0.697195,-0.5406,-0.64050996,0.20378199,0.391245,0.03216"
135,1223,1223,War Thunder,236390,play warthunder cant stop go away done play next day playing done want please send help,171,134.63333333333333,2025-08-05 23:43:11,"20,000,000 .. 50,000,000",['Gaijin Entertainment'],['Gaijin Network Ltd'],"['Action', 'Massively Multiplayer', 'Simulation', 'Free To Play']","['windows', 'mac', 'linux']","['Single-player', 'Multi-player', 'MMO', 'PvP', 'Online PvP', 'Co-op', 'Online Co-op', 'Cross-Platform Multiplayer', 'Steam Achievements', 'Full controller support', 'VR Supported', 'Steam Trading Cards', 'In-App Purchases', 'Adjustable Text Size', 'Camera Comfort', 'Color Alternatives', 'Custom Volume Controls', 'Playable without Timed Input', 'Stereo Sound', 'Surround Sound', 'Remote Play on Phone', 'Remote Play on Tablet']","Aug 15, 2013",,"-0.21124826,0.23318052,0.364509,-0.36803445,-0.22199741,0.35193533,-0.27473533,0.34270376,-0.12682773,-0.20325966,0.19548593,-0.11161756,0.04011147,0.029864194,-0.12972306,-0.21132971,-0.0038883367,0.3688382,-0.5113785,0.36735815,0.17399473,0.17565602,0.079655424,-0.12602748,0.10898333,0.023556001,-0.33031398,-0.49279788,0.5489595,-0.08845632,-0.46140465,0.52004397,0.12456902,0.085723974,0.08399213,0.17459135,-0.26235297,-0.005907468,0.02874327,-0.24598327,-0.244894,-0.05702907,-0.07862058,-0.43225732,-0.28748125,0.018554665,-0.038430493,-0.45275,-0.033844665,-0.937244,-0.10529973,0.065166995,-0.021045197,0.8110265,-0.09591734,-2.1706269,-0.19942206,-0.10092953,1.3296046,0.34658867,-0.27214912,0.7662874,-0.4436328,-0.12413571,0.5537402,0.24717392,0.31518114,0.4360606,-0.22082923,-0.24261189,0.012578601,-0.4110885,-0.054865327,-0.57108176,0.19553614,0.19418147,-0.21742679,0.07996538,-0.38386235,0.04080534,0.50621384,-0.14163087,-0.4594684,-0.057806686,-1.3531107,-0.062302068,0.027644064,0.10223606,-0.26901358,-0.21626148,-0.3216762,0.008422266,0.0775132,-0.18297467,-0.48614132,-0.1782638,0.088415265,-0.00020853778,0.22458386,0.34166467"
136,1978,1978,Wallpaper Engine,431960,wall done move wall,51,5.15,2026-03-01 04:13:45,"20,000,000 .. 50,000,000",['Wallpaper Engine Team'],['Wallpaper Engine Team'],"['Casual', 'Indie', 'Animation & Modeling', 'Design & Illustration', 'Photo Editing', 'Utilities']",['windows'],"['Steam Achievements', 'Steam Trading Cards', 'Steam Workshop', 'Steam Workshop', 'Includes level editor']","Nov 16, 2018",499.0,"0.027068496,0.16176,0.008970002,-0.26508752,-0.09613801,-0.1288785,-0.71579504,-0.29295075,-0.020821001,-0.30435875,0.5367,0.15004349,0.32264426,-0.26595,-0.1312355,0.27665126,-0.506235,0.1499375,-0.19921249,-0.32707626,0.38300502,0.0510815,-0.528545,0.14139,0.40402502,-0.40570527,-0.326805,-0.4478175,-0.06772725,-0.14381474,0.27901,0.3620725,-0.065937504,0.3565125,-0.01689775,0.22536,-0.20168999,-0.22104749,0.16127001,-0.129507,-0.19973952,-0.63423,-0.23383,0.07468525,-0.3072625,-0.1041875,0.1285425,0.09408251,0.0758525,-1.03212,0.1713055,-0.047653504,0.13078672,0.92726004,-0.4129353,-2.6987,-0.39829248,-0.30743998,1.523775,0.4477575,-0.2757325,0.8361125,-0.083607495,0.3537415,0.48457202,0.01251075,0.47647,0.3101425,-0.0808775,-0.502909,-0.07594524,0.24836177,-0.268,-0.37934825,0.133735,-0.312314,0.1606425,0.4804325,-0.19135764,0.15702951,0.61292,0.23177925,-0.60426754,0.036972493,-0.963105,-0.42818248,0.02906999,-0.252415,0.165555,-0.3578625,0.16510251,-0.45629,-0.13250425,0.054971747,-0.25211748,-0.0067312494,0.28651002,-0.2252875,0.30422974,0.489505"
137,1905,1905,Wallpaper Engine,431960,,3,9.55,2026-03-02 01:14:34,"20,000,000 .. 50,000,000",['Wallpaper Engine Team'],['Wallpaper Engine Team'],"['Casual', 'Indie', 'Animation & Modeling', 'Design & Illustration', 'Photo Editing', 'Utilities']",['windows'],"['Steam Achievements', 'Steam Trading Cards', 'Steam Workshop', 'Steam Workshop', 'Includes level editor']","Nov 16, 2018",499.0,"-0.040383,-0.2132,0.055937,-0.070654,0.4657,0.14988,0.35069,0.38861,1.0382,0.31142,0.43467,1.0776,0.20412,0.11486,-0.15259,-1.2375,0.63977,-0.40243,-0.32668,-0.16361,0.4715,0.097336,-0.3228,0.82284,-0.05374,0.72566,0.077025,0.19049,-1.011,0.063992,-0.42976,0.492,0.3961,-0.22394,-0.32937,-0.68569,-0.038767,1.2796,-0.51853,-0.14503,-0.46248,-0.021891,-0.57194,0.066688,0.36953,0.7507,-0.94705,-0.29925,0.41504,-0.50964,-0.61258,0.20794,0.51331,0.20323,-0.25576,-0.016653,0.36026,0.29747,-0.25774,-0.0073715,-0.6191,-0.16447,-0.28221,0.16458,-0.13794,-0.36302,0.32537,1.4793,0.16161,0.018392,-0.29274,0.56243,0.3591,-0.26062,0.24564,-0.39409,-0.61024,-0.23352,-0.40417,-0.46959,0.45789,-0.074916,0.12149,-0.79923,0.27619,0.19909,-1.3364,0.47668,0.9909,-0.057745,0.91582,0.46617,0.10032,0.25265,-0.36012,-0.42818,-0.3804,-1.3927,-0.015867,0.11311"
138,1699,1699,ELDEN RING,1245620,negative go due intermittent freezing game still suffers intermittent freezing google easily brings people complaining suffering freeze not camera auto entering came broken stayed like went post past year seems attempt fix not manage albeit toggle help tiny bit optimization love god least put doss cannot manage doss came year original game launch no excuse occasional fps tanking fps time stick cap though rex not mention gnu chill utilization tank even less loaded otherwise,819,10.866666666666667,2026-02-28 23:50:48,"20,000,000 .. 50,000,000","['FromSoftware, Inc.']","['FromSoftware, Inc.', 'Bandai Namco Entertainment']","['Action', 'RPG']",['windows'],"['Single-player', 'Multi-player', 'PvP', 'Online PvP', 'Co-op', 'Online Co-op', 'Steam Achievements', 'Full controller support', 'Steam Trading Cards', 'Camera Comfort', 'Custom Volume Controls', 'Playable without Timed Input', 'Save Anytime', 'Stereo Sound', 'Surround Sound', 'Steam Cloud', 'Family Sharing']","Feb 24, 2022",5999.0,"-0.17713085,0.16277304,0.29257637,-0.13221116,-0.119528115,0.087221496,-0.08088422,0.13509217,0.06288765,-0.11641557,0.033566717,0.04066834,0.21136169,-0.014506909,0.083094016,-0.14565381,-0.012337914,0.1354683,-0.17231068,0.15614545,0.2169596,0.049430653,0.056457803,0.034566887,0.22473735,-0.034402218,-0.27579013,-0.24113879,0.045146525,-0.09382236,-0.007052967,0.31770143,-0.235244,0.032681458,0.046331,0.19920123,-0.016640004,-0.032030594,0.03332566,-0.13857576,-0.21405096,-0.055814505,0.041066907,-0.13868786,-0.05605787,-0.034851898,0.1346707,-0.17528364,0.022733923,-0.6646753,0.108467475,-0.06774533,0.036852404,0.73423415,0.031261675,-1.6659867,0.035879336,-0.15943992,1.0712754,0.36529207,-0.13565466,0.44637313,-0.33137628,0.1112171,0.50511724,0.06412037,0.33353278,-0.10116425,0.034503862,-0.14505129,-0.0059911627,-0.1760555,1.0183131e-06,-0.120419905,0.097165845,0.08942211,-0.14211129,-0.04843637,-0.5048135,0.060045887,0.44114885,-0.025251921,-0.4320759,0.04888309,-1.0317087,-0.041100413,0.14282082,-0.0068082875,-0.1516513,-0.13684069,-0.03043377,0.020420754,-0.07484403,-0.059410553,-0.27011734,-0.05374707,-0.05007576,-0.051667433,0.31803384,0.013396872"
139,1544,1544,Warframe,230410,addictive keep coming back even burnout,49,1715.1333333333334,2024-03-27 13:49:39,"20,000,000 .. 50,000,000",['Digital Extremes'],['Digital Extremes'],"['Action', 'RPG', 'Free To Play']",['windows'],"['Single-player', 'Multi-player', 'Co-op', 'Online Co-op', 'Cross-Platform Multiplayer', 'Steam Achievements', 'Full controller support', 'Steam Trading Cards', 'Steam Workshop', 'In-App Purchases', 'Camera Comfort', 'Color Alternatives', 'Custom Volume Controls', 'Playable without Timed Input', 'Stereo Sound', 'Surround Sound', 'Remote Play on Phone', 'Remote Play on Tablet', 'Remote Play on TV', 'HDR available']","Mar 25, 2013",,"0.0104441615,0.0069716624,0.49916503,-0.41654167,-0.23213933,0.18539132,-0.22634517,-0.04627567,0.19726002,-0.07614499,0.075763345,-0.019113004,-0.15415283,-0.21534848,0.14994834,-0.12862635,-0.01656434,0.24119501,-0.12390533,0.21627133,0.38811836,0.113135,-0.15469617,0.07215833,0.18363279,0.3169293,-0.313705,-0.46139684,-0.029731004,-0.2234155,-0.113277666,0.16680999,-0.037827667,-0.118993185,-0.038375333,0.20070718,-0.30841663,0.06402949,-0.23703669,-0.21353734,-0.16954952,-0.12556334,0.008590003,-0.4293742,-0.11326716,0.011738499,0.20323665,-0.022673165,0.111600935,-0.9524533,0.21663117,-0.16213334,-0.14125001,0.8293166,0.17976849,-1.6820542,0.1643045,-0.13070582,1.0834416,0.5496812,-0.10112349,0.8290334,-0.16312833,0.06799487,0.3627067,0.17142351,0.7137828,-0.0056831636,0.009491668,-0.36749503,0.09201165,-0.30097052,-0.10187033,-0.242665,-0.09923116,0.008804929,-0.101621665,-0.20428,-0.24865268,-0.040202502,0.42786166,-0.017519826,-0.66748315,0.09777216,-1.0959767,-0.26358715,-0.055810172,0.09573486,-0.604975,-0.23028283,-0.2909533,0.14669333,-0.023048326,0.0023680031,-0.26862165,-0.36589673,-0.04488784,0.046909004,0.43259832,0.072725676"
140,1313,1313,Monster Hunter Wilds,2246340,like hunting monster would get game pc good would get game,92,163.5,2026-03-01 18:19:03,"20,000,000 .. 50,000,000","['CAPCOM Co., Ltd.']","['CAPCOM Co., Ltd.']","['Action', 'Adventure', 'RPG']",['windows'],"['Single-player', 'Multi-player', 'Co-op', 'Online Co-op', 'Cross-Platform Multiplayer', 'Steam Achievements', 'Full controller support', 'Steam Trading Cards', 'Adjustable Text Size', 'Camera Comfort', 'Color Alternatives', 'Custom Volume Controls', 'Keyboard Only Option', 'Stereo Sound', 'Subtitle Options', 'Surround Sound', 'Steam Cloud', 'HDR available', 'Family Sharing']","Feb 27, 2025",6999.0,"-0.0829239,0.22225307,0.6325764,-0.5989173,-0.26202375,0.044171467,0.13559227,-0.057442725,-0.13893272,-0.31135345,0.005145072,-0.063226625,0.105391905,-0.25350192,0.13408417,0.06300618,0.26424673,0.48035508,-0.4760165,0.6128418,0.26621237,0.044665635,0.13532118,-0.080299996,0.37944147,0.08810329,-0.40374002,-0.30271396,-0.06717035,-0.08920555,-0.09641237,0.5818664,-0.08804245,-0.014677367,0.42043912,0.30801752,-0.38736632,0.24393982,0.04314874,-0.32901365,-0.04440365,-0.20622453,0.016266618,-0.4305291,-0.2965809,-0.025179459,0.06372418,-0.39384145,0.18559629,-0.86977804,-0.19036809,-0.09001437,-0.045807634,0.83845717,0.089308545,-2.3280256,0.027394312,0.061921835,1.4751236,0.59652096,-0.2508723,0.75638366,-0.5912009,0.16186091,0.63333726,0.19782844,0.40113017,0.22930254,-0.081804544,-0.08533274,0.046339456,-0.41017076,0.035781275,-0.31165418,-0.163206,0.16792564,-0.35195056,-8.908185e-06,-0.45152,0.16451836,0.54690385,-0.091079004,-0.6777281,0.048350908,-1.4276334,-0.12192517,0.09512663,-0.20382757,-0.17083654,-0.27647418,-0.06539719,-0.07697609,0.07975154,-0.1514108,-0.35499653,-0.34525582,-0.13383912,0.04427181,0.7172608,0.11534874"
141,306,306,Palworld,1623730,love game truly bug glitch seriously need fixed game crash several time playing online friend horrible bug take character creation screen attempt delete saved file progress forcing restore old backup wont always work know game still development serious issue impacting gamelan,435,460.2166666666666,2026-03-01 22:28:29,"50,000,000 .. 100,000,000",['Pocketpair'],['Pocketpair'],"['Action', 'Adventure', 'Indie', 'RPG', 'Early Access']",['windows'],"['Single-player', 'Multi-player', 'Co-op', 'Online Co-op', 'Cross-Platform Multiplayer', 'Steam Achievements', 'Full controller support', 'Steam Trading Cards', 'Steam Workshop', 'Steam Cloud', 'Family Sharing']","Jan 18, 2024",2999.0,"-0.12683107,0.13422641,0.3437083,-0.13276869,-0.08071712,0.19236314,-0.024062704,-0.060543764,0.17349404,-0.0882218,0.069543295,0.051639296,0.13601671,-0.099056,-0.06850463,-0.066667415,0.14581409,0.2635952,-0.17607696,0.34470096,-0.006853284,-0.116656326,0.09583932,0.013461572,0.31828448,-0.123687305,-0.22110699,-0.21447384,0.0035665885,0.05530241,-0.17654175,0.42473584,-0.08282758,0.0356283,0.055790268,-0.066852584,-0.23287433,-0.0136499815,0.044383105,-0.21062179,-0.22109056,0.051040895,0.1472198,-0.16649795,-0.1802344,0.085367136,0.08865525,-0.19596544,0.008315006,-0.61587405,0.04145562,-0.00047902344,-0.05874667,0.7435634,0.060827393,-1.7872566,0.044013925,-0.08482205,1.1375097,0.44765246,-0.22553918,0.6961367,-0.35606718,0.05716724,0.5624209,0.048663378,0.3123552,0.08474909,-0.009410609,-0.12174546,0.013697619,-0.15119867,0.025555419,-0.16897719,0.15609746,0.06951143,-0.16076353,0.038492195,-0.46357867,0.023615604,0.3427856,-0.052962337,-0.26191473,0.011833007,-1.2491469,-0.007215663,-0.021292247,-0.034473293,-0.32930818,-0.24207896,-0.04167877,0.083089806,-0.04091746,-0.05497687,-0.20908687,-0.025986025,-0.08759412,-0.19347598,0.3147592,0.107814334"
142,1666,1666,ELDEN RING,1245620,fantastic game get little difficult time,51,152.91666666666666,2026-03-01 09:04:41,"20,000,000 .. 50,000,000","['FromSoftware, Inc.']","['FromSoftware, Inc.', 'Bandai Namco Entertainment']","['Action', 'RPG']",['windows'],"['Single-player', 'Multi-player', 'PvP', 'Online PvP', 'Co-op', 'Online Co-op', 'Steam Achievements', 'Full controller support', 'Steam Trading Cards', 'Camera Comfort', 'Custom Volume Controls', 'Playable without Timed Input', 'Save Anytime', 'Stereo Sound', 'Surround Sound', 'Steam Cloud', 'Family Sharing']","Feb 24, 2022",5999.0,"-0.10832867,0.17333134,0.46590766,-0.34128165,-0.52791995,0.14674067,-0.031843837,0.19255583,-0.19789152,-0.33228585,0.28686103,-0.1171095,-0.08934068,-0.4167533,0.0755765,-0.03938684,-0.0014649978,0.36503586,-0.2706867,0.49573144,0.34408167,0.2682678,-0.01316533,-0.20518668,0.37397584,-0.015786165,-0.23706716,-0.33258998,0.11267132,-0.14062783,-0.45723367,0.37912866,-0.08653299,-0.25007015,0.19552167,0.16153,-0.6010234,0.34787866,-0.018915989,-0.30147484,-0.10569233,-0.10739001,0.09235466,-0.39245963,-0.33005166,0.040801484,0.33654332,-0.24023335,0.27008086,-0.7487151,-0.071778856,-0.20594066,0.092779,1.0202883,0.15924749,-2.6365833,0.032596514,0.06477301,1.2655767,0.48577228,-0.35399666,0.87970495,-0.74709064,0.0528912,0.70660335,-0.14601232,0.35327053,0.16018933,-0.007806331,-0.28599498,-0.033986248,-0.21120365,0.073256835,-0.14377552,0.26313516,0.27922,-0.3975767,-0.20170116,-0.39430833,0.22401333,0.4486737,0.10289567,-0.560135,-0.03050735,-1.539415,-0.035144,0.021406325,-0.025390668,-0.4144425,-0.369675,-0.17995043,0.06189667,-0.0798435,-0.0797605,-0.4339,-0.23987335,-0.27803835,-0.027142173,0.28728294,0.3246902"
143,862,862,Grand Theft Auto V Legacy,271590,online portion game previously worked via proton online feature inaccessible due anti cheat compatibility decision no confirmed plan restore linux access,185,154.65,2026-03-01 03:58:34,"50,000,000 .. 100,000,000",['Rockstar North'],['Rockstar Games'],"['Action', 'Adventure']",['windows'],"['Single-player', 'Multi-player', 'PvP', 'Online PvP', 'Co-op', 'Online Co-op', 'Steam Achievements', 'Full controller support', 'Remote Play on Phone', 'Remote Play on Tablet', 'Remote Play on TV']","Apr 13, 2015",,"-0.1808821,0.015797094,0.17743352,-0.09147525,0.21938679,0.017936274,-0.14219923,0.048663054,0.28658405,0.07165832,0.11357615,0.05888168,0.20207384,-0.3281015,0.10398843,-0.14798881,0.39041725,0.13203187,-0.20739897,0.13745172,0.03671806,-0.13790123,0.12788923,0.24970457,0.07886909,-0.18563482,0.040662766,-0.11631381,-0.13299629,0.07958804,0.027316928,0.5180808,-0.24907471,0.052846342,0.3787974,0.29719624,-0.039543044,0.07163886,-0.16169019,-0.072954334,-0.17137377,0.026692083,0.059764713,-0.12923647,-0.029854422,0.02546597,0.024065245,-0.24843779,0.11419789,-0.26846257,0.15824078,0.17812195,0.06175231,0.4529157,0.024163226,-1.7605302,-0.080019966,-0.23756659,1.4600832,0.31071994,-0.26161918,0.18946405,-0.08385291,-0.010132854,0.6179208,0.036517434,0.17198375,0.0012404777,0.24670696,-0.09096913,-0.044995755,-0.028985288,0.14399458,-0.26085615,0.017299714,0.045168526,-0.07660345,0.124311626,-0.62251025,-0.05843208,0.5026566,-0.18412147,-0.32072136,0.07593538,-1.0940552,0.12078439,0.13191539,-0.003915053,-0.23866628,0.011443431,-0.111307904,0.08548089,-0.090741,0.062467813,-0.08226882,-0.028636565,-0.077867426,-0.03434947,0.5886059,0.055328663"
144,1566,1566,Warframe,230410,damn got game back golden age free rhino prime came black gold rhino prime bought pack sunk deeper deeper game eventually lvi high maybe purchased nearly every warfare game deep immersive story load customisation option weapon skin airframes color pallet ship resource huge shop airframes like action figure come power activate using simple button combo best person speed runner space game think great community community chat support clan mojo faction guild fun alone multiplayer consider warfare one daily favourite video game constantly worked updated give game full recommendation anyone,918,656.0166666666667,2022-10-30 07:29:16,"20,000,000 .. 50,000,000",['Digital Extremes'],['Digital Extremes'],"['Action', 'RPG', 'Free To Play']",['windows'],"['Single-player', 'Multi-player', 'Co-op', 'Online Co-op', 'Cross-Platform Multiplayer', 'Steam Achievements', 'Full controller support', 'Steam Trading Cards', 'Steam Workshop', 'In-App Purchases', 'Camera Comfort', 'Color Alternatives', 'Custom Volume Controls', 'Playable without Timed Input', 'Stereo Sound', 'Surround Sound', 'Remote Play on Phone', 'Remote Play on Tablet', 'Remote Play on TV', 'HDR available']","Mar 25, 2013",,"-0.12355797,0.26640356,0.26612422,-0.20937079,-0.0011785516,0.12655175,0.06221467,0.017399004,-0.045705408,0.032437395,0.122311175,-0.089565545,0.04300016,-0.11134139,0.0786286,-0.108384274,0.1140121,0.13853997,-0.21243434,0.12663746,0.15368895,-0.07466851,0.00016603644,-0.1544216,0.3531872,0.000659946,-0.1303959,-0.12136768,0.04389708,-0.043589715,-0.04167054,0.38069248,-0.15174319,-0.022312704,0.2762317,0.10062418,-0.2178124,0.18479294,-0.012399551,-0.21674152,-0.08776761,-0.10832483,0.051857777,-0.2132319,-0.05291441,-0.0077763274,0.047182888,-0.20237193,0.1328549,-0.42670265,-0.014807838,0.04527075,0.006492602,0.7441891,0.04716002,-1.7412646,-0.034763306,-0.0933854,1.1991118,0.40205577,-0.05816899,0.49517325,-0.23812857,0.07218677,0.5436481,0.045330614,0.24656253,0.029195081,0.05401465,0.016908484,0.033035666,-0.0973899,0.0007547234,-0.12017165,-0.0034364713,0.17716403,-0.18044673,-0.009433523,-0.37333256,0.021802355,0.26125047,0.026394788,-0.27715093,0.07088202,-0.8668313,-0.024605481,0.08163951,-0.11220618,-0.10712494,-0.14135873,-0.09363847,-0.009683197,0.026501007,-0.05742528,-0.2574805,-0.17086324,-0.21580721,-0.14563194,0.47918367,0.11249768"
145,530,530,Call of Duty: Modern Warfare II,1938090,great gamelan,14,12.65,2026-03-01 04:21:50,"50,000,000 .. 100,000,000","['Treyarch', 'Raven Software', 'Beenox', 'High Moon Studios', 'Sledgehammer Games', 'Infinity Ward', 'Activision Shanghai', 'Demonware']",['Activision'],['Action'],['windows'],"['Single-player', 'Multi-player', 'PvP', 'Online PvP', 'Co-op', 'Online Co-op', 'Cross-Platform Multiplayer', 'Steam Achievements', 'Captions available', 'In-App Purchases', 'Adjustable Text Size', 'Camera Comfort', 'Color Alternatives', 'Custom Volume Controls', 'Playable without Timed Input', 'Stereo Sound', 'Subtitle Options', 'Surround Sound', 'Partial Controller Support', 'HDR available']","Oct 27, 2022",,"-0.0278835,0.512835,0.260778,0.13959,-0.169695,0.230185,-0.466915,-0.2991695,-0.654435,-0.184755,-0.66647,-0.15954,0.2033,0.333455,-0.49387002,-0.226386,-0.007929996,0.32434,-0.24333498,0.63561,-0.4472895,0.024800003,0.023839995,-0.54865,0.12934498,0.002270002,0.17674501,0.095728494,0.06286,-0.12257999,-0.306535,-0.12934351,-0.06963,0.059279993,-0.32374,-0.27419126,0.49665996,0.2786585,0.088860005,-0.91807497,-0.330635,0.362293,0.2913865,-0.05123499,0.116735,-0.38138503,0.61704504,-0.14195001,0.199337,-0.146485,-0.80354,0.101450995,0.432495,-0.16886497,0.013617501,-1.3477645,-0.16384,-0.04701,0.59113437,0.317995,-0.168786,0.783475,-0.615565,0.637185,-0.041894972,-0.087951496,0.101303,0.23758002,0.22818,-0.109723,-0.041295007,-0.235765,0.6598,0.20273,-0.08197498,-0.2089355,-0.2061305,-0.20388499,0.21001,0.0038399994,0.37157002,-0.29266,0.132743,-0.028834999,-0.7141,0.31820148,-0.21072,-0.516495,0.050394997,-0.2906525,0.294615,-0.113120496,-0.0861185,0.04862,0.036235034,-0.25383002,-0.95291495,-0.71565,0.254645,0.266491"
146,654,654,New World: Aeternum,1063730,give money back,22,72.71666666666667,2026-02-18 19:00:43,"50,000,000 .. 100,000,000",['Amazon Game Studios'],['Amazon Game Studios'],"['Action', 'Adventure', 'Massively Multiplayer', 'RPG']",['windows'],"['Multi-player', 'MMO', 'PvP', 'Online PvP', 'Co-op', 'Online Co-op', 'Steam Achievements', 'In-App Purchases', 'Adjustable Text Size', 'Camera Comfort', 'Chat Speech-to-text', 'Chat Text-to-speech', 'Color Alternatives', 'Custom Volume Controls', 'Keyboard Only Option', 'Playable without Timed Input', 'Save Anytime', 'Stereo Sound', 'Subtitle Options', 'Surround Sound', 'Partial Controller Support']","Sep 28, 2021",,"0.21605267,0.34812334,0.42251334,-0.5181367,0.13779466,0.23689,-0.38072002,0.196734,0.021293333,-0.29375333,0.167556,0.438777,-0.20034166,0.19132034,-0.12905002,-0.28871098,0.021109998,0.22979666,-0.30663332,0.39868665,0.257032,0.23128666,-0.160203,-0.023553332,-0.12694134,0.0033993323,-0.46068668,-0.77793336,0.22133666,-0.46096668,0.03208701,0.5127266,-0.17769666,0.005299995,-0.18589665,0.39090666,-0.30437735,0.23907334,-0.34637332,-0.016026998,-0.2601317,-0.53268003,0.13080133,-0.5053367,-0.40326,-0.18601997,-0.22158164,-0.27644268,0.11869034,-0.87163997,-0.19369768,0.2684767,0.15846865,0.93384,0.10292333,-2.5762331,-0.095084965,-0.47536334,1.8762001,0.33149168,0.19026732,0.6384967,-0.36478338,0.33936334,0.6756,-0.018890062,0.44096997,0.52698,0.033186674,-0.17111333,0.023324331,-0.39466038,-0.28877267,-0.69226664,0.19380367,0.13840668,-0.45814666,-0.07335034,-0.73758,0.022126667,0.95049,0.19346666,-0.58705336,-0.328817,-1.2811899,-0.0443034,-0.008556664,0.27767542,-0.421348,-0.3728533,-0.36052737,-0.285978,0.10734167,-0.43896,-0.53725666,-0.49062333,0.25126433,0.27982765,0.42830333,0.181633"
147,1259,1259,War Thunder,236390,loaded first match get killed pixel tank poke side building would get sniped,140,533.7333333333333,2024-10-09 05:43:41,"20,000,000 .. 50,000,000",['Gaijin Entertainment'],['Gaijin Network Ltd'],"['Action', 'Massively Multiplayer', 'Simulation', 'Free To Play']","['windows', 'mac', 'linux']","['Single-player', 'Multi-player', 'MMO', 'PvP', 'Online PvP', 'Co-op', 'Online Co-op', 'Cross-Platform Multiplayer', 'Steam Achievements', 'Full controller support', 'VR Supported', 'Steam Trading Cards', 'In-App Purchases', 'Adjustable Text Size', 'Camera Comfort', 'Color Alternatives', 'Custom Volume Controls', 'Playable without Timed Input', 'Stereo Sound', 'Surround Sound', 'Remote Play on Phone', 'Remote Play on Tablet']","Aug 15, 2013",,"-0.18530597,0.32204348,0.146056,-0.28654107,-0.20372517,0.22214182,0.07545877,0.25176767,-0.025200613,0.24874192,0.20827462,0.08879623,0.34602255,0.10526316,0.15770175,-0.061795525,0.03559231,0.11921023,-0.46057266,-0.04854285,0.53690803,-0.13656814,0.22666971,-0.09946431,0.246991,-0.12326526,-0.29635006,-0.065232,0.15526043,-0.16286153,-0.09829046,0.45221382,-0.0029471521,0.23111969,0.3421779,-0.049818497,-0.29563594,0.22423318,0.08768046,0.11357001,-0.07580492,-0.3469536,0.0142992595,-0.2773171,0.07922192,0.17139132,-0.049856924,-0.16442809,-0.09702563,-0.36350924,-0.04069076,-0.000507545,-0.04109445,0.9529801,-0.14195992,-1.7868462,-0.06769,-0.07069046,1.0435853,0.45828998,0.011632846,0.67063135,-0.22595754,0.49912214,0.34981978,-0.052372694,0.21470624,0.20241107,-0.234483,-0.081491545,0.06551023,-0.19582272,0.23297802,-0.36379036,-0.0060051586,0.16536544,-0.00051076827,-0.076092765,-0.5020623,0.07634422,0.4340646,0.100570835,-0.53729767,-0.039218683,-0.88569075,-0.23353206,0.165599,-0.029578783,-0.17186739,-0.20817837,0.018000716,-0.055034306,-0.13183053,-0.041775152,-0.43773842,-0.035487387,0.07507866,0.08664345,0.4546172,0.16375384"
148,233,233,PUBG: BATTLEGROUNDS,578080,cool,4,214.8333333333333,2026-02-24 05:15:38,"100,000,000 .. 200,000,000",['PUBG Corporation'],"['KRAFTON, Inc.']","['Action', 'Adventure', 'Massively Multiplayer', 'Free To Play']",['windows'],"['Multi-player', 'PvP', 'Online PvP', 'Stats', 'Remote Play on Phone', 'Remote Play on Tablet']","Dec 21, 2017",,"-0.74587,-0.31105,0.50803,-0.29089,-0.27585,0.36639,0.11195,0.064536,-0.49929,0.24547,0.16176,-0.52799,0.006528,-0.25769,0.13147,-0.05776,-0.43521,-0.38571,0.095668,-0.037963,0.10614,0.58842,0.13133,-0.72813,-0.12345,0.84321,-0.51126,-0.54044,-0.43643,-0.17442,-0.13725,0.45419,-0.32037,0.10308,-0.19441,0.87384,0.44916,-0.72491,0.40962,-0.82056,-0.080839,-1.0468,-0.32499,-0.38805,0.24453,-0.15281,-0.23598,0.22905,0.97877,-1.1883,-0.023652,-0.32838,0.16727,0.59475,-0.19604,-2.441,0.55152,0.40888,0.57289,-0.070599,0.18115,1.0243,-1.0689,0.29498,0.79422,0.28825,0.80208,-0.30532,0.27398,-0.78987,0.4938,-0.090447,0.11786,0.11613,0.055007,0.44122,0.22263,-0.31549,1.088,-0.12486,0.43743,-0.096397,-0.97517,0.34338,-0.32867,-0.025447,0.084205,0.58633,0.029914,-0.15884,0.03439,0.8434,0.024171,-0.47234,-0.47491,-0.022972,-0.43367,-0.14636,-0.255,0.24235"
149,120,120,Apex Legends,1172470,game suck love,29,1194.1166666666666,2025-07-16 19:51:27,"100,000,000 .. 200,000,000",['Respawn'],['Electronic Arts'],"['Action', 'Adventure', 'Free To Play']",['windows'],"['Multi-player', 'PvP', 'Online PvP', 'Co-op', 'Online Co-op', 'Steam Achievements', 'Full controller support', 'Steam Trading Cards', 'In-App Purchases', 'Chat Speech-to-text', 'Playable without Timed Input']","Nov 4, 2020",,"-0.115446985,0.337281,0.87286997,-0.62056,-0.24584,0.7245467,-0.01968667,-0.11925999,-0.12113965,-0.49101996,-0.09495133,-0.03812333,-0.16804801,0.27624997,0.15688333,-0.11771333,0.31491664,0.78701335,-0.18978667,0.76219004,0.44821668,0.082701,-0.22045267,0.081250004,0.81500334,0.44201997,-0.29264832,0.030749997,0.46223664,-0.044055004,-0.27762,0.63691336,0.026060006,-0.128367,-0.12761234,0.051043343,-0.37018397,0.33149168,-0.08470398,-0.3923857,0.230483,-0.09822866,-0.35536075,-0.40004334,-0.23014335,0.16258399,-0.17707331,-0.28186932,0.3887643,-0.70173,-0.33352003,0.16195367,0.25253132,0.62774664,0.024590006,-1.955925,0.24406667,0.09372368,0.68503,0.6250773,-0.21342333,0.72844666,-0.63047665,-0.09398068,0.46139002,0.4863,0.58685,-0.10401666,-0.20096266,-0.21746667,0.31594065,-0.136425,0.20078333,-0.036177,-0.26396334,0.46881637,-0.28283668,-0.25428998,-0.12639335,0.21826334,0.099080004,0.13085,-0.5735033,0.35943,-1.0503033,-0.01881433,-0.20624,-0.0060733357,-0.37844834,0.21603334,-0.23481,-0.014274,0.09737233,-0.04420334,-0.055680007,-0.51499337,-0.433092,-0.09923933,0.20473933,0.40722933"
150,1697,1697,ELDEN RING,1245620,one worst game ever played talking amply good thing game graphic story,142,47.1,2026-03-01 00:04:14,"20,000,000 .. 50,000,000","['FromSoftware, Inc.']","['FromSoftware, Inc.', 'Bandai Namco Entertainment']","['Action', 'RPG']",['windows'],"['Single-player', 'Multi-player', 'PvP', 'Online PvP', 'Co-op', 'Online Co-op', 'Steam Achievements', 'Full controller support', 'Steam Trading Cards', 'Camera Comfort', 'Custom Volume Controls', 'Playable without Timed Input', 'Save Anytime', 'Stereo Sound', 'Surround Sound', 'Steam Cloud', 'Family Sharing']","Feb 24, 2022",5999.0,"-0.08565592,0.36748636,0.5857767,-0.31193683,-0.21113324,0.33092067,0.20436609,-0.09212616,-0.27427414,-0.19021066,0.23630007,-0.31246957,0.123820506,-0.1454277,0.017964639,0.31387094,0.10973384,0.25626484,-0.24417168,0.4214275,0.24645118,0.11685475,-0.0021132554,-0.04632168,0.51646334,-0.17780167,-0.2196136,-0.12164498,-0.13411655,0.0081510795,-0.19543792,0.40152267,0.054379176,-0.029784335,0.089449525,-0.121408165,-0.5356951,0.22203653,-0.16515382,-0.24934368,-0.052000318,0.07876134,0.14284834,-0.143853,-0.10846607,0.044899404,0.30886546,-0.519065,0.14928825,-0.8548575,-0.029018326,-0.21029894,0.15686291,0.9289492,0.006233837,-2.2255886,-0.032031078,0.14226882,0.93598914,0.52952605,-0.46807587,0.8653908,-0.51631933,-0.24168634,0.6803066,-0.056221664,0.4827038,0.20311652,-0.18495442,0.11872216,0.080104016,-0.06631151,-0.04373334,0.1192387,0.25835916,0.2441256,-0.07663036,-0.14830852,-0.50125575,0.101019986,0.24819744,0.13152373,-0.44701245,0.02068577,-1.2880282,-0.1978215,-0.26990983,-0.2213165,-0.22991884,-0.32338598,-0.12325408,0.08365134,-0.12570025,-0.05557208,-0.3215426,-0.010659176,-0.32357433,-0.0918025,0.36842063,0.33235967"
151,949,949,Left 4 Dead 2,550,got hour good game,35,911.8666666666668,2026-03-01 05:22:57,"50,000,000 .. 100,000,000",['Valve'],['Valve'],['Action'],"['windows', 'linux']","['Single-player', 'Multi-player', 'PvP', 'Online PvP', 'Co-op', 'Online Co-op', 'Steam Achievements', 'Full controller support', 'Steam Trading Cards', 'Captions available', 'Steam Workshop', 'Camera Comfort', 'Color Alternatives', 'Custom Volume Controls', 'Adjustable Difficulty', 'Playable without Timed Input', 'Stereo Sound', 'Surround Sound', 'Steam Cloud', 'Valve Anti-Cheat enabled', 'Stats', 'Includes Source SDK', 'Commentary available', 'Remote Play on Phone', 'Remote Play on Tablet', 'Remote Play on TV', 'Remote Play Together', 'Family Sharing', 'Steam Timeline']","Nov 16, 2009",999.0,"0.055272505,0.025328252,0.54905146,-0.4136225,-0.465615,0.369547,0.5287665,0.3394325,-0.61375,-0.31570473,0.34017152,-0.16915125,-0.1341745,-0.084232755,0.3140125,-0.118397996,-0.071348,0.288749,-0.38094,0.5103655,0.4378115,0.36680198,-0.092742,-0.10813001,0.6413125,0.098761015,-0.3491225,0.002000004,0.041371003,-0.1504775,-0.5198138,0.705454,0.033735003,0.049459748,0.24337001,0.081149995,-0.60572326,0.3272425,-0.047102943,0.022824988,0.082291,-0.30146998,0.28922752,-0.30913,-0.1649425,-0.11854426,-0.026453495,-0.585009,0.44763476,-0.9104075,-0.1432855,-0.34730977,-0.073951505,0.95431,0.0811085,-2.639275,-0.09644699,0.2574725,1.4532751,0.63528,-0.31385577,0.749625,-0.809545,-0.1489865,0.36910152,-0.058281768,0.37199825,0.073292255,-0.23911999,0.0189875,-0.090306,-0.0077082496,0.37925625,-0.18327224,0.21064924,0.47193003,-0.4198405,-0.26507,-0.2887425,0.07640275,0.30962175,0.08516,-0.676595,-0.11796251,-1.5959749,0.009790001,-0.050088003,0.072297245,-0.32424122,-0.23443227,0.07527574,-0.10976,-0.21863452,-0.03403501,-0.66467243,-0.13372675,0.044417486,0.1323975,0.4542535,0.4219995"
152,617,617,New World: Aeternum,1063730,class action incoming referenced,47,8.033333333333333,2026-02-26 15:30:51,"50,000,000 .. 100,000,000",['Amazon Game Studios'],['Amazon Game Studios'],"['Action', 'Adventure', 'Massively Multiplayer', 'RPG']",['windows'],"['Multi-player', 'MMO', 'PvP', 'Online PvP', 'Co-op', 'Online Co-op', 'Steam Achievements', 'In-App Purchases', 'Adjustable Text Size', 'Camera Comfort', 'Chat Speech-to-text', 'Chat Text-to-speech', 'Color Alternatives', 'Custom Volume Controls', 'Keyboard Only Option', 'Playable without Timed Input', 'Save Anytime', 'Stereo Sound', 'Subtitle Options', 'Surround Sound', 'Partial Controller Support']","Sep 28, 2021",,"-0.18055749,0.23911425,0.227227,-0.14849074,-0.13557327,0.2250475,-0.05279425,-0.131926,-0.28872752,0.36428076,0.113259,-0.43911478,-0.097044505,-0.10687925,0.08536074,-0.23772499,-0.0014099926,0.20376551,-0.07868183,-0.008552248,0.25948253,-0.471645,-0.145717,-0.08879,-0.065491006,-0.13736999,-0.17236423,-0.06817326,0.1308105,0.03202775,0.044529498,0.6381737,-0.24719125,0.081025004,0.2670955,0.22530825,-0.122737244,-0.28775752,-0.12917575,0.3258895,-0.736989,-0.23287325,-0.105523,0.076427504,0.31474924,0.082540244,-0.075950004,-0.067609996,-0.17367649,-0.1085075,0.19976251,0.12895651,0.21668574,0.420535,-0.057334,-1.2555001,0.24265227,0.052307248,1.2282076,0.090749,-0.35964748,0.48389,0.073032245,0.018766997,0.63874,-0.097055,0.26132,0.3004475,0.3214125,0.0952075,0.199794,-0.3554,0.082312495,-0.1541505,0.15704525,0.30467498,-0.0990835,-0.018959505,-0.5722825,-0.5181425,0.0108024925,-0.496725,-0.19023743,-0.23126501,-1.01852,-0.09060475,-0.25431252,-0.41238248,0.112904996,-0.36999497,-0.642555,0.21688473,-0.110840015,0.35414425,0.16784,0.123653,-0.10209625,-0.1254755,0.30562776,-0.16510625"
153,1178,1178,Lost Ark,1599340,leave cent regarding stark someone hour game past year think pretty much tell reason play game unemployed rich definitely might game currently stand ready raid player needing either lot time catch spend us rat basic stuff ready enjoy combat great feel design game definitely stark biggest strength lie combat feel someone not prepared put long playing time either someone messing lot late raid yeah expect lose lot time pull someone get frustrated class picked poorly luck smilegate developer pretty bad balancing older class newly released one familiar wow foo system prepared every new raid might introduce new gold sink new progression system someone enjoys get feedback ignored prepared amazon doe good job compiling lot feedback sad reality get ignored smilegate someone want min max well bad smilegate like min max build char always need keep running wheel like raiding lot well good news currently raid week character also forgot unless putting game must mindful investment character hence raid week done might done funnel character hard raid status raid ready rest rot bottom stark creative raid combat design constantly constrained weighted many system design smilegate want push forward no denying potential game could still locked behind incompetent developer listens whale first rather casual player yes still express event let raise character playable status enough feel okay pace play game honest opinion really better thing learn language workout useful thing stark not game want currently play unless ignore okay play yeah folk play want stress make valkyrie go full support bard boob not rough time yeah emma go keep playing rogue trader cheer,2955,9396.616666666669,2025-12-03 04:54:39,"50,000,000 .. 100,000,000",['Smilegate RPG'],['Amazon Game Studios'],"['Action', 'Adventure', 'Massively Multiplayer', 'RPG', 'Free To Play']",['windows'],"['Single-player', 'Multi-player', 'MMO', 'PvP', 'Online PvP', 'Co-op', 'Online Co-op', 'Steam Achievements', 'In-App Purchases', 'Adjustable Text Size', 'Camera Comfort', 'Color Alternatives', 'Custom Volume Controls', 'Keyboard Only Option', 'Playable without Timed Input', 'Save Anytime', 'Partial Controller Support']","Feb 11, 2022",,"-0.08295468,0.2340912,0.3521843,-0.25709498,-0.19705607,0.120707,-0.10205007,0.073399864,-0.038512006,-0.050378703,0.10875964,-0.0136701735,0.10060066,-0.08031353,0.013245955,-0.12100309,0.021199271,0.19873002,-0.25648972,0.2985575,0.18948975,0.06309437,0.013320638,-0.17870983,0.10017397,-0.01656786,-0.20036466,-0.31753328,0.11667084,-0.05715576,-0.17113498,0.43925115,-0.04670656,-0.029063866,0.1972547,0.13737258,-0.16640316,0.08434438,0.045750782,-0.20680255,-0.18731605,-0.11604821,0.10528966,-0.22357325,-0.1579647,-0.04745793,0.08956394,-0.17700389,0.0384355,-0.71461433,0.0042946185,-0.07232219,0.08002812,0.78328663,-0.02150344,-1.848567,0.07849659,-0.100803286,1.1401981,0.32992023,-0.12013991,0.5803995,-0.3711961,0.007601761,0.5976714,0.054687582,0.3688391,0.18786366,-0.023031432,-0.06452332,0.039450116,-0.20663469,-0.06885424,-0.22224236,0.15272236,0.13700378,-0.12730974,-0.032597885,-0.39152187,-0.022590572,0.3782234,-0.06794879,-0.45772356,0.01489675,-1.1757545,-0.14833297,-0.025485983,-0.044328593,-0.2431761,-0.23272446,-0.08245499,-0.04174233,-0.0091216825,-0.0946985,-0.29566887,-0.044248827,-0.14420325,-0.16164473,0.351485,0.23167048"
154,307,307,Palworld,1623730,great beta keep adding decorating item new pal winner,72,154.01666666666668,2026-03-01 21:33:36,"50,000,000 .. 100,000,000",['Pocketpair'],['Pocketpair'],"['Action', 'Adventure', 'Indie', 'RPG', 'Early Access']",['windows'],"['Single-player', 'Multi-player', 'Co-op', 'Online Co-op', 'Cross-Platform Multiplayer', 'Steam Achievements', 'Full controller support', 'Steam Trading Cards', 'Steam Workshop', 'Steam Cloud', 'Family Sharing']","Jan 18, 2024",2999.0,"-0.21326499,0.0998361,0.22294024,-0.14822987,0.12880889,-0.03493944,0.0054644346,0.07882477,-0.03101666,0.18838511,0.12100323,-0.13583545,-0.046333022,-0.07374656,-0.118809,-0.15562779,0.29199046,-3.5333964e-05,0.07577023,0.20331798,-0.14104421,-0.06317334,-0.11750889,0.059198994,0.3291221,0.034965303,-0.053817987,-0.34441835,-0.065661125,-0.22433035,-0.030768553,0.35217255,-0.013966213,0.030606892,0.08180067,0.13633442,-0.11072922,0.11164668,-0.09821834,-0.34247488,-0.14987332,-0.2081908,0.30698112,-0.3216471,0.07824556,0.07564568,-0.07906433,-0.29293433,-0.054876924,-0.35456884,0.038521778,-0.017057776,0.13170616,0.6652855,-0.14422376,-1.6787978,-0.13141233,0.20083767,1.1838988,0.34804693,-0.19233122,0.5983611,-0.28263098,0.23368832,0.47953334,0.022136446,0.22607857,0.3589278,0.2066878,-0.19592066,0.07899343,-0.025443912,0.014063339,-0.3012298,0.09382133,0.26774544,-0.15523155,-0.16444013,-0.48531136,-0.201621,0.12576224,-0.28025445,-0.21689701,-0.068508215,-0.74309444,-0.011525555,-0.13955367,-0.06545666,-0.21157888,-0.33718434,-0.080893,0.09592711,0.076150335,-0.07374134,-0.62995344,-0.27944487,0.03239845,-0.24132498,0.50195336,0.23933461"
155,135,135,Apex Legends,1172470,ash still alive sure cooper turned ash,58,9.0,2025-03-07 22:18:17,"100,000,000 .. 200,000,000",['Respawn'],['Electronic Arts'],"['Action', 'Adventure', 'Free To Play']",['windows'],"['Multi-player', 'PvP', 'Online PvP', 'Co-op', 'Online Co-op', 'Steam Achievements', 'Full controller support', 'Steam Trading Cards', 'In-App Purchases', 'Chat Speech-to-text', 'Playable without Timed Input']","Nov 4, 2020",,"-0.31362364,0.27316856,0.16249299,-0.6948443,-0.1324757,0.094745286,-0.053001426,-0.024859156,0.13927357,-0.42079997,0.38529667,0.15756285,0.2565814,0.15598099,-0.15414028,-0.44704714,0.28955728,0.118295565,-0.040524285,0.23974527,0.11206929,0.3900886,0.101506576,-0.021243582,0.34438747,0.20895973,-0.17127201,-0.21604858,-0.042032864,0.122957155,-0.10442015,0.08349573,-0.24556997,0.17985286,-0.15472043,0.008386282,0.07018428,0.09346743,0.07754872,-0.016678562,-0.73823994,-0.2672493,0.011198001,-0.112849995,0.16523317,0.124521434,0.09906228,0.019147145,0.2965437,-0.7151585,0.2769217,-0.3316457,-0.09271573,0.7887414,-0.17639644,-1.7437428,-0.20421998,0.086673856,0.9556141,0.40504143,0.2830343,0.9014415,-0.16289687,-0.07790915,0.5220214,-0.01283287,0.6816429,0.052877136,-0.27653086,-0.36366716,0.0067232805,-0.21395998,-0.017051432,-0.13601886,0.19197,0.010191426,0.4278423,-0.35261458,-0.3655708,0.15162972,0.45967287,0.09825857,-0.3684028,-0.26024684,-0.48297662,-0.40230718,0.17099628,-0.10897943,-0.09029986,0.16000257,0.06397972,-0.25950798,-0.16801742,0.28988,-0.38288432,0.18278694,-0.15929703,-0.093199655,0.01200386,-0.00094428234"
156,554,554,Call of Duty: Modern Warfare II,1938090,play call duty long time like really bad canzone bad map canzone not bad gamelan hate much wish made game really like modern warfare like canzone one need game fan not crappy money hungry company care money activation giving real feed back learn cod mobile really good game almost map past game even new one fan base want free play multiplayer game good canzone like canzone build modern warfare engine say not possible fodder able bring back engine really want money listen please activation want also really enjoyed want play game fast movement smooth buttery game play canzone multiplayer maybe zombie really mind not zombie like said enjoy stuff like make feel like really good play please listen thank reading activation fan call duty,1181,291.1333333333333,2026-02-28 10:36:04,"50,000,000 .. 100,000,000","['Treyarch', 'Raven Software', 'Beenox', 'High Moon Studios', 'Sledgehammer Games', 'Infinity Ward', 'Activision Shanghai', 'Demonware']",['Activision'],['Action'],['windows'],"['Single-player', 'Multi-player', 'PvP', 'Online PvP', 'Co-op', 'Online Co-op', 'Cross-Platform Multiplayer', 'Steam Achievements', 'Captions available', 'In-App Purchases', 'Adjustable Text Size', 'Camera Comfort', 'Color Alternatives', 'Custom Volume Controls', 'Playable without Timed Input', 'Stereo Sound', 'Subtitle Options', 'Surround Sound', 'Partial Controller Support', 'HDR available']","Oct 27, 2022",,"-0.17445447,0.2916461,0.3673742,-0.33534572,-0.2226962,0.20612709,-0.086792186,-0.044589844,-0.022837874,-0.1107577,0.009622688,-0.13551843,0.114070155,-0.06573469,0.011808465,-0.14707403,0.025081052,0.25857034,-0.24436823,0.43634728,0.18936549,0.13124439,-0.05113292,-0.16529647,0.18298839,0.10021259,-0.21018745,-0.27694058,0.12100757,-0.095424674,-0.1738114,0.52335435,-0.011166618,-0.05762357,0.23508056,0.16157864,-0.15134972,0.12809435,0.03281428,-0.3183738,-0.07703267,-0.1231685,0.03359158,-0.31595016,-0.21006688,-0.08112336,0.06547355,-0.25599247,0.09191012,-0.7288575,-0.02367051,0.06282127,-0.009927332,0.6633322,-0.018283261,-1.9138103,0.05199714,-0.018047996,1.1954505,0.40725064,-0.15855138,0.6375301,-0.40835607,-0.06970388,0.5819352,0.111460224,0.3511044,0.12402933,0.009359436,-0.17767183,0.10321165,-0.21390566,0.06817456,-0.29624385,0.09607119,0.1417242,-0.08527447,-0.014276193,-0.41509277,-0.011189872,0.39532015,-0.04865053,-0.44702998,0.09979167,-1.2604257,-0.05337248,-0.09621403,-0.07805076,-0.24386872,-0.26450986,-0.07766102,-0.015278199,-0.017654922,-0.1279535,-0.26995975,-0.18654203,-0.1916389,-0.20476212,0.42576382,0.28643733"
157,1673,1673,ELDEN RING,1245620,perfect game no note,21,233.31666666666663,2026-03-01 06:55:06,"20,000,000 .. 50,000,000","['FromSoftware, Inc.']","['FromSoftware, Inc.', 'Bandai Namco Entertainment']","['Action', 'RPG']",['windows'],"['Single-player', 'Multi-player', 'PvP', 'Online PvP', 'Co-op', 'Online Co-op', 'Steam Achievements', 'Full controller support', 'Steam Trading Cards', 'Camera Comfort', 'Custom Volume Controls', 'Playable without Timed Input', 'Save Anytime', 'Stereo Sound', 'Surround Sound', 'Steam Cloud', 'Family Sharing']","Feb 24, 2022",5999.0,"-0.00087949634,0.33925074,0.6309475,-0.29378322,-0.31394178,0.463665,0.30016246,-0.11323051,-0.32771,-0.04329875,0.12401775,-0.0574075,-0.06656,0.045523256,0.30491206,0.35908252,0.052165493,0.25718,-0.17120144,0.41031325,0.18727326,0.11075699,-0.17432949,-0.029757492,0.600555,-0.013924504,-0.188165,-0.05456425,-0.049546257,-0.197591,-0.17592499,0.42222726,-0.08438,-0.033351995,0.306085,0.0798865,-0.35017228,0.23007399,-0.05771698,-0.41115502,0.2411775,-0.17004724,0.22246931,-0.3274125,-0.12592751,-0.165477,0.1199025,-0.46628,-0.108224995,-0.96429,0.27874225,-0.10312225,0.123787254,0.7940275,0.0028697513,-2.5794,0.08982251,0.11867776,1.2653075,0.8087375,-0.68126,0.404425,-0.8450675,-0.1385255,0.6244675,-0.210845,0.3680025,0.1798155,-0.24026749,-0.06532501,-0.452235,0.20942876,0.1647425,-0.3671445,0.4315775,0.50785995,-0.19637151,-0.2916275,-0.49778003,-0.07516499,0.19515574,-0.1046625,-0.701195,-0.17764,-1.2487575,-0.006073499,0.22495499,-0.13955325,-0.013411497,-0.088507496,-0.16813251,0.1205925,-0.08388025,0.0019031987,-0.36923748,-0.137114,-0.4743225,-0.3177025,0.25285548,0.226302"
158,583,583,Call of Duty: Modern Warfare II,1938090,good game play,14,625.1833333333333,2026-02-27 05:13:42,"50,000,000 .. 100,000,000","['Treyarch', 'Raven Software', 'Beenox', 'High Moon Studios', 'Sledgehammer Games', 'Infinity Ward', 'Activision Shanghai', 'Demonware']",['Activision'],['Action'],['windows'],"['Single-player', 'Multi-player', 'PvP', 'Online PvP', 'Co-op', 'Online Co-op', 'Cross-Platform Multiplayer', 'Steam Achievements', 'Captions available', 'In-App Purchases', 'Adjustable Text Size', 'Camera Comfort', 'Color Alternatives', 'Custom Volume Controls', 'Playable without Timed Input', 'Stereo Sound', 'Subtitle Options', 'Surround Sound', 'Partial Controller Support', 'HDR available']","Oct 27, 2022",,"-0.06963,0.056886002,0.76908,-0.5593867,-0.55319667,0.48631,0.44215533,-0.14505665,-0.7873633,-0.35562333,-0.05079734,-0.47656333,-0.120236665,-0.14049698,0.07621,0.22024934,0.15725933,0.6437053,-0.34516668,0.7650834,0.07662133,0.180116,0.031004002,0.14919,0.7349866,-0.08425,-0.3351833,-0.22545666,0.10132333,0.15338667,-0.8900666,0.8775533,0.01407667,-0.162057,0.4101833,-0.12190333,-0.77129334,0.5388966,-0.5146633,-0.5472534,0.346465,-0.13928066,0.17022,-0.29412332,-0.27650666,-0.13285267,0.189952,-0.61833334,0.26711634,-1.1720899,-0.30842334,-0.014076333,-0.08983433,0.86626333,0.22335468,-2.9512665,-0.02757,-0.06549,1.2116833,0.7518334,-0.73123,0.6934033,-0.8749034,-0.059252005,0.52431005,0.020514,0.43370667,0.33970967,-0.40034333,-0.057702664,0.02557367,-0.20658767,0.4633,-0.29109934,0.31224665,0.25675666,-0.44720665,-0.03733253,-0.09433333,0.24376333,0.47789335,0.19177,-0.79169005,0.047001,-1.6370665,-0.01965,-0.32121566,0.026253,-0.24101166,-0.25383,-0.320973,-0.04195,-0.22633266,0.17647667,-0.44594336,-0.11166667,-0.35751,-0.019026332,0.50418,0.52268934"
159,1640,1640,ELDEN RING,1245620,coated,7,25.33333333333333,2026-03-01 16:18:47,"20,000,000 .. 50,000,000","['FromSoftware, Inc.']","['FromSoftware, Inc.', 'Bandai Namco Entertainment']","['Action', 'RPG']",['windows'],"['Single-player', 'Multi-player', 'PvP', 'Online PvP', 'Co-op', 'Online Co-op', 'Steam Achievements', 'Full controller support', 'Steam Trading Cards', 'Camera Comfort', 'Custom Volume Controls', 'Playable without Timed Input', 'Save Anytime', 'Stereo Sound', 'Surround Sound', 'Steam Cloud', 'Family Sharing']","Feb 24, 2022",5999.0,"-0.92401,0.50221,-0.30975,-0.2401,-0.091964,0.61387,0.12201,0.20298,-0.067343,0.57524,0.077787,-0.48092,0.79698,0.49761,-0.5543,0.27706,0.53388,-0.34648,1.0533,-1.4493,0.39313,-0.048458,-0.20432,0.28283,0.60354,0.7913,0.45491,-0.77772,-0.38742,0.16345,0.43201,0.39255,-0.22454,0.014732,0.4322,-0.28062,0.43987,-0.102,0.07713,0.20817,0.10316,-1.1339,-1.0269,-0.37659,0.21696,-0.54564,-0.39171,0.32117,-0.4843,-0.11606,-0.19596,0.1446,-0.043753,0.97239,-0.62863,-0.018717,-0.069502,0.63162,0.35578,-0.16752,0.3091,1.2964,0.28412,0.83083,0.082707,-0.51453,1.1978,0.38643,-0.49578,-1.1941,-0.50639,0.13308,0.44246,1.1259,-0.040981,0.15844,0.3317,0.32867,0.37972,0.43866,0.67229,0.37165,-0.59332,0.77787,-0.30599,-0.43365,0.97847,-0.031354,-0.22809,0.19106,0.29634,-0.37693,-1.1782,-0.56388,-0.13846,0.034922,-0.10709,-0.010455,0.1473,0.13895"
160,670,670,New World: Aeternum,1063730,another memo join graveyard know get truly great memo like,104,60.9,2026-02-14 14:49:12,"50,000,000 .. 100,000,000",['Amazon Game Studios'],['Amazon Game Studios'],"['Action', 'Adventure', 'Massively Multiplayer', 'RPG']",['windows'],"['Multi-player', 'MMO', 'PvP', 'Online PvP', 'Co-op', 'Online Co-op', 'Steam Achievements', 'In-App Purchases', 'Adjustable Text Size', 'Camera Comfort', 'Chat Speech-to-text', 'Chat Text-to-speech', 'Color Alternatives', 'Custom Volume Controls', 'Keyboard Only Option', 'Playable without Timed Input', 'Save Anytime', 'Stereo Sound', 'Subtitle Options', 'Surround Sound', 'Partial Controller Support']","Sep 28, 2021",,"-0.09515361,0.20228401,0.38280517,-0.35092467,-0.023804393,0.17326921,-0.025414307,-0.10727421,0.028107002,-0.25550702,0.18847914,-0.06981959,0.1906375,0.0026885956,-0.13528499,-0.1581562,0.26605922,0.1510571,-0.43241662,0.25462794,0.076531395,0.1861264,-0.26156008,-0.3462007,0.0929335,-0.03453041,-0.1474661,-0.2797103,0.20318608,-0.14824669,0.0032863556,0.37599227,0.2394379,-0.10071941,-0.0048076897,0.23337996,-0.17610501,0.111285806,0.2335928,-0.14007398,-0.36251432,0.032942504,0.255877,-0.38492298,-0.168952,0.03833185,0.09172501,-0.019394908,-0.1250132,-0.581001,0.1181878,-0.0979035,0.0539482,0.6694778,-0.17108719,-1.915857,0.085568205,-0.10712502,1.099204,0.44022998,-0.15800509,0.8629589,-0.2037166,-0.25199208,0.701119,-0.1663787,0.3282385,0.4299108,-0.04455321,-0.1125773,0.15905985,-0.1460257,-0.123805776,-0.48800343,0.0071170987,0.1215621,0.1290119,-0.09617409,-0.65132993,0.052928995,0.39977142,-0.08900013,-0.3266868,-0.04067,-1.1677744,-0.25139618,0.16587082,-0.140294,-0.2491931,-0.25341344,0.051546,-0.073238894,-0.0643495,-0.08291759,-0.21140099,-0.24777396,-0.08216341,-0.17091694,0.06015403,0.3523852"
161,834,834,Grand Theft Auto V Legacy,271590,absolute cinema game,36,58.91666666666666,2026-03-01 14:56:07,"50,000,000 .. 100,000,000",['Rockstar North'],['Rockstar Games'],"['Action', 'Adventure']",['windows'],"['Single-player', 'Multi-player', 'PvP', 'Online PvP', 'Co-op', 'Online Co-op', 'Steam Achievements', 'Full controller support', 'Remote Play on Phone', 'Remote Play on Tablet', 'Remote Play on TV']","Apr 13, 2015",,"0.33679867,-0.224869,0.76109,0.27377334,-0.14276667,0.350575,-0.041429996,-0.07622367,-0.4408013,0.11093,-0.010499434,-0.40448666,-0.187665,-0.14638767,-0.07540334,0.051183324,0.11992667,0.56136,-0.07035334,0.51464003,0.37898,-0.03709067,-0.06798034,-0.52519006,0.72527665,-0.27276334,0.3889567,0.15338133,0.17989667,-0.24603333,0.08406333,0.28850666,-0.34093332,0.35299632,0.4405333,0.0326564,-0.24896,0.54706335,-0.58257,-0.63412666,0.37554002,0.3851367,-0.025109997,-0.21103334,0.12652332,-0.29215935,0.44844,-0.40471664,0.02957668,-0.16099,-0.25811002,-0.21152301,-0.002760003,0.65429,0.04121667,-2.2285001,-0.21445332,0.12585934,1.1410333,0.3798913,-0.33126333,0.23739666,-0.678246,-0.102770664,0.52230936,0.39496002,0.27900103,-0.250397,-0.32537332,0.13225666,0.10148666,0.15154067,0.43982664,0.24375732,-0.18845333,0.041610014,-0.4265767,-0.11629667,-0.42505336,0.031763334,-0.0073900023,-0.08265667,-0.270825,0.10648333,-0.97530335,0.26912,-0.24474335,-0.33904,-0.010541665,-0.16740733,0.039533347,0.008025001,-0.09873768,0.37403667,-0.152259,-0.40930334,-0.034517348,-0.26825666,0.5277067,0.25585932"
162,109,109,Apex Legends,1172470,used good garbage made titanfall,69,3.45,2025-10-12 20:47:56,"100,000,000 .. 200,000,000",['Respawn'],['Electronic Arts'],"['Action', 'Adventure', 'Free To Play']",['windows'],"['Multi-player', 'PvP', 'Online PvP', 'Co-op', 'Online Co-op', 'Steam Achievements', 'Full controller support', 'Steam Trading Cards', 'In-App Purchases', 'Chat Speech-to-text', 'Playable without Timed Input']","Nov 4, 2020",,"-0.27078724,0.268265,0.18849748,-0.58481747,0.0075075105,0.0766875,0.06465925,0.21809424,-0.090825,0.11816774,0.045747504,-0.2972745,0.203197,0.35472524,0.3157975,-0.1629605,0.73340946,0.24065651,-0.2314075,0.19862327,0.17655575,0.246474,-0.0032390002,-0.11769675,-0.002205249,-0.11086251,-0.411625,-0.19951248,-0.058842,-0.0655075,-0.17174,0.38856,-0.16029376,0.103688255,0.149035,0.4622925,-0.03391572,0.146085,0.026397556,-0.28678,-0.14148875,-0.27377224,0.1479234,-0.35940498,-0.06227999,0.06672,-0.10158601,-0.3522375,-0.17346175,-0.79031545,0.0249275,-0.044699248,0.18301749,1.12445,-0.242644,-1.8822951,-0.20496249,0.16820201,1.4714749,0.2136375,-0.19014326,0.64586246,-0.40368748,0.5169815,0.7669775,-0.22959399,0.624,-0.08674,0.03748175,-0.6941025,-0.188427,-0.1846335,0.4239025,-0.092976,0.20776194,0.21342,0.039735004,0.2564125,-0.67025,0.2846525,0.85909,0.26894024,-0.516962,0.020315006,-1.35128,-0.0857425,0.16417825,-0.22070776,-0.5431925,-0.1980295,-0.038637258,-0.2859895,-0.10507374,0.04211275,-0.3816945,-0.3215675,-0.44641978,-0.3006375,0.49568498,0.34290525"
163,1164,1164,Lost Ark,1599340,balance update delayed month beyond absurd point,78,8420.55,2025-12-23 23:58:17,"50,000,000 .. 100,000,000",['Smilegate RPG'],['Amazon Game Studios'],"['Action', 'Adventure', 'Massively Multiplayer', 'RPG', 'Free To Play']",['windows'],"['Single-player', 'Multi-player', 'MMO', 'PvP', 'Online PvP', 'Co-op', 'Online Co-op', 'Steam Achievements', 'In-App Purchases', 'Adjustable Text Size', 'Camera Comfort', 'Color Alternatives', 'Custom Volume Controls', 'Keyboard Only Option', 'Playable without Timed Input', 'Save Anytime', 'Partial Controller Support']","Feb 11, 2022",,"-0.05803686,-0.016169144,0.60109717,0.19315158,-0.06612629,-0.21227257,-0.0013288601,0.26344326,-0.008985006,0.19550002,0.057356853,0.25584835,0.00049285375,-0.33103687,0.123495646,-0.09982572,-0.32607058,0.05243372,-0.15237428,0.057611436,0.2838014,-0.18951426,0.16893771,0.2728049,0.15518881,-0.09676401,-0.17802314,-0.22064856,-0.072684474,-0.106407285,0.05638286,0.039240293,-0.23416473,-0.22516373,-0.19984443,0.124272704,-0.14124957,0.026749577,-0.24358572,-0.18290843,-0.27599657,-0.25274143,0.039193995,-0.032541998,-0.15724756,-0.21693759,0.09034,-0.31380302,0.018073147,-0.64139754,0.50975,-0.20306,0.08521085,0.8683214,-0.17395785,-1.8703785,0.1657143,-0.3054677,1.3580731,0.40505144,-0.28600258,0.30819216,-0.31489325,-0.17969844,0.43502998,-0.13919629,-0.101145454,0.07266343,0.03263,-0.23974457,0.051579993,-0.07882791,-0.09394284,-0.18780172,0.1680777,0.07085486,-0.008919999,0.10451257,-0.6174391,-0.02791685,0.1915798,-0.012054294,-0.27227813,-0.11471312,-1.098427,-0.03439086,0.067347154,0.1191986,-0.09792487,-0.13226856,-0.179028,0.27632016,-0.30798987,-0.011521854,-0.2093887,0.100849986,0.13062572,0.03111199,0.38182357,0.25740856"
164,1959,1959,Wallpaper Engine,431960,get put cat screen selecting main application think awesome,95,55.55,2026-03-01 08:57:19,"20,000,000 .. 50,000,000",['Wallpaper Engine Team'],['Wallpaper Engine Team'],"['Casual', 'Indie', 'Animation & Modeling', 'Design & Illustration', 'Photo Editing', 'Utilities']",['windows'],"['Steam Achievements', 'Steam Trading Cards', 'Steam Workshop', 'Steam Workshop', 'Includes level editor']","Nov 16, 2018",499.0,"-0.11321935,0.23215178,0.39998943,-0.2657391,-0.019885454,0.12890868,-0.21552727,0.08087722,0.051096104,-0.11203281,0.18371989,-0.050263103,0.13090642,-0.23400089,0.13409111,-0.0015118892,0.14141999,0.40107843,0.023024986,0.24092644,-0.049617775,-0.08737555,0.116203785,-0.33765766,0.30320057,0.040840335,-0.050083663,-0.3103311,-0.038428858,-0.21980678,-0.005486667,0.49067843,0.16557956,0.074987546,0.3384651,0.0954411,-0.27310258,0.14065678,0.07064584,-0.3550703,-0.14456767,-0.07060066,0.12171333,-0.32944655,-0.21793145,0.1620943,-0.17429191,-0.23418376,-0.070905216,-0.466037,0.025874767,-0.012572333,0.08297001,0.7763344,-0.18867777,-1.7944489,0.08419389,0.110694446,1.2705989,0.100183554,-0.04470501,0.7197166,-0.26218888,0.33808988,0.76311,0.19730812,0.24423331,0.27567178,-0.08133045,0.002276889,-0.00909939,-0.09454499,0.043440286,-0.27603778,0.033071514,0.12838276,-0.25655112,-0.023952223,-0.18075222,-0.09924293,0.31963333,-0.19019073,-0.378566,-0.0123242205,-1.2281334,-0.07508713,0.2076419,-0.0029462252,-0.14339,-0.23887569,0.013946222,0.075223,0.11028233,-0.08692578,-0.15729032,-0.04072,-0.17404556,-0.15093,0.5678469,0.3299018"
165,1464,1464,HELLDIVERS 2,553850,game wonderful,25,25.8,2026-03-01 19:58:03,"20,000,000 .. 50,000,000",['Arrowhead Game Studios'],['PlayStation Publishing LLC'],['Action'],['windows'],"['Multi-player', 'Co-op', 'Online Co-op', 'Steam Achievements', 'In-App Purchases', 'Adjustable Text Size', 'Camera Comfort', 'Chat Speech-to-text', 'Chat Text-to-speech', 'Color Alternatives', 'Custom Volume Controls', 'Adjustable Difficulty', 'Narrated Game Menus', 'Playable without Timed Input', 'Stereo Sound', 'Subtitle Options', 'Surround Sound', 'Partial Controller Support', 'Family Sharing']","Feb 8, 2024",3999.0,"0.1300395,0.2687015,0.656215,-0.52369,-0.39968997,0.56174004,0.609515,0.1649,-0.56009,-0.3915,0.070218,-0.560165,-0.313555,-0.48528498,0.075914994,0.419735,0.080532,0.67138,-0.478295,0.78064,-0.019215003,0.18159899,-0.208709,-0.132925,0.8184,0.11981,-0.196305,0.30067998,-0.179985,-0.071715005,-0.66736996,0.72779,-0.010375001,-0.3128155,0.23887749,-0.166428,-0.83631,0.533545,-0.21426998,-0.74883,0.488925,0.0015600026,0.29435998,-0.26136,-0.031090006,0.175851,0.26069,-0.376988,0.35051,-0.79412496,-0.136955,-0.21864949,0.225912,0.507815,0.09843001,-2.47175,0.10214999,0.25719,0.86517,0.550725,-0.67546,0.94907,-0.727535,-0.21320601,0.400555,-0.10361,0.46883002,0.0115915,-0.329428,-0.09496501,0.08037499,0.106562495,0.35662502,-0.083209,0.324725,0.654235,-0.3569535,-0.14734,0.060334995,0.5125,0.111655,0.18391,-0.36285502,0.22413,-1.35155,0.123085,-0.20636001,-0.22137,-0.2885125,-0.26961,-0.063710004,0.1066922,0.013359994,-0.087275006,-0.484645,-0.38875502,-0.65470505,-0.13862,0.26616502,0.542954"
166,1728,1728,Terraria,105600,spent game hour like nothing people think mineshaft wrong amount content game crazy mod,157,108.91666666666669,2026-03-01 21:59:41,"20,000,000 .. 50,000,000",['Re-Logic'],['Re-Logic'],"['Action', 'Adventure', 'Indie', 'RPG']","['windows', 'mac', 'linux']","['Single-player', 'Multi-player', 'PvP', 'Online PvP', 'Co-op', 'Online Co-op', 'Steam Achievements', 'Full controller support', 'Steam Trading Cards', 'Steam Cloud', 'Remote Play on Phone', 'Remote Play on Tablet', 'Remote Play on TV', 'Family Sharing']","May 16, 2011",999.0,"0.001478672,0.30913112,0.39204758,-0.30749828,-0.32898664,0.34116358,0.1294662,0.190758,-0.054650575,0.044242494,0.24821298,-0.018353704,-0.081792645,-0.20437782,0.13176835,-0.120419145,-0.07695204,0.31312677,-0.28156993,0.44947654,0.40297002,0.27674544,-0.07672023,-0.26068428,0.15918764,0.11772065,-0.0024735671,-0.16958115,-0.018703,-0.05087622,-0.09831471,0.47165832,-0.104268715,-0.21339573,0.08357979,0.17085359,-0.34880227,0.2886912,0.011987791,-0.31283656,-0.11189551,-0.09737057,0.0005436545,-0.22009273,-0.26994976,-0.14335199,0.029828204,-0.2820551,-0.013075869,-0.69320357,0.20842485,-0.19517335,0.093798004,0.6870213,-0.2001736,-1.8769101,-0.058309633,0.049999066,1.2205706,0.50454915,-0.17456457,0.6596321,-0.47201714,-0.11365576,0.62060183,0.10738313,0.47687525,-0.008185503,-0.075329795,-0.11029955,0.05389343,-0.20623577,0.18687709,0.0036969983,-0.00024159359,0.20389049,-0.062014375,-0.039981425,-0.44674602,0.08546729,0.3155691,-0.052423146,-0.44841775,0.00808692,-1.1942158,-0.055401277,-0.1534467,-0.046320736,-0.35311723,-0.13787045,-0.10357886,-0.052409433,-0.08067359,-0.1479538,-0.35079184,-0.29547557,-0.21604371,-0.08274079,0.4365432,0.14709604"
167,1242,1242,War Thunder,236390,fun fun hama,25,2531.233333333333,2025-03-02 17:15:59,"20,000,000 .. 50,000,000",['Gaijin Entertainment'],['Gaijin Network Ltd'],"['Action', 'Massively Multiplayer', 'Simulation', 'Free To Play']","['windows', 'mac', 'linux']","['Single-player', 'Multi-player', 'MMO', 'PvP', 'Online PvP', 'Co-op', 'Online Co-op', 'Cross-Platform Multiplayer', 'Steam Achievements', 'Full controller support', 'VR Supported', 'Steam Trading Cards', 'In-App Purchases', 'Adjustable Text Size', 'Camera Comfort', 'Color Alternatives', 'Custom Volume Controls', 'Playable without Timed Input', 'Stereo Sound', 'Surround Sound', 'Remote Play on Phone', 'Remote Play on Tablet']","Aug 15, 2013",,"-0.50241,-0.5042713,-0.014673333,-0.55398005,-0.39525,0.5742567,-0.0057906657,0.4156867,0.20301668,0.013228665,-0.1113,-0.25912333,-0.147453,-0.29526666,0.40004468,0.13613833,-0.11569026,0.11818999,-0.37679002,0.9646533,0.49267003,0.49479333,-0.24503899,-0.6861067,0.027269999,0.32293665,-0.15474999,-0.072907336,-0.055835996,-0.29126334,-0.66431993,0.5040167,0.17575733,-0.19542669,-0.10800668,-0.003820002,-0.021649996,0.24774332,-0.14739467,-0.8482633,0.13848367,0.1175352,-0.13385,-0.40092,-0.6128967,0.29202133,0.163498,0.087079994,0.19929333,-0.23434,-0.16192399,-0.6405,0.123980336,0.32772335,-0.27450868,-1.1069165,-0.07495334,0.74752665,0.3696033,-0.19044,-0.06925,0.92124337,-0.47945535,-0.044716667,0.59554666,0.18839066,0.91285676,-0.3633,-0.12754999,0.11800001,0.30716667,-0.3614967,-0.020374665,-0.12311721,-0.67984,0.89606,0.17938666,0.20209332,-0.029573003,0.123553336,-0.37667334,0.054974664,-0.22961332,-0.0980601,-0.7044034,0.49878,-0.46777964,0.02112867,-0.20135665,-0.24930465,0.130412,0.27134666,0.21786332,-0.13493,-0.044386666,-0.26534998,-0.48637664,-0.39876333,0.5801067,0.49971667"
168,211,211,PUBG: BATTLEGROUNDS,578080,best rage bait game,19,67.45,2026-02-28 06:29:59,"100,000,000 .. 200,000,000",['PUBG Corporation'],"['KRAFTON, Inc.']","['Action', 'Adventure', 'Massively Multiplayer', 'Free To Play']",['windows'],"['Multi-player', 'PvP', 'Online PvP', 'Stats', 'Remote Play on Phone', 'Remote Play on Tablet']","Dec 21, 2017",,"-0.031996503,-0.018947251,0.521925,-0.83197,-0.14956999,0.54936504,0.2433725,-0.317565,-0.21373498,-0.115162745,-0.117833495,-0.261985,-0.1574005,-0.3543595,0.126505,0.22319175,0.135679,0.3410375,-0.2879625,0.56949496,0.4385875,-0.012635499,0.12284001,-0.0168875,0.73616004,0.204485,-0.13856773,-0.041642755,0.12930751,-0.050736506,-0.4161325,0.48614,-0.03828675,0.14740723,0.10111499,0.0762475,-0.6336425,0.203085,-0.0758425,-0.532157,0.16838026,0.023976248,-0.27364197,-0.37906504,0.084430754,-0.0681495,-0.0371875,-0.2987116,0.048420005,-0.5619725,-0.4183425,0.0774,-0.05099138,1.0077425,0.09038501,-1.9126301,-0.042296,0.15334,0.6142785,0.29806873,-0.36825502,0.5708525,-0.11042249,0.12318948,0.42888,-0.032909986,0.505745,-0.17345275,-0.21867974,-0.018825501,-0.066698745,-0.19803624,0.037245005,0.13143075,-0.18826751,0.2742135,-0.348575,-0.19351502,-0.128919,0.2832625,0.27880248,-0.006042499,-0.51002,-0.011909999,-0.9317775,-0.052806996,-0.06493751,-0.08190751,-0.21682875,-0.094855495,-0.30853,0.214965,-0.036470003,-0.013957512,-0.066847496,-0.07565251,-0.455975,-0.007345006,0.8129275,0.29307452"
169,1767,1767,Terraria,105600,coated,6,133.75,2026-03-01 18:01:18,"20,000,000 .. 50,000,000",['Re-Logic'],['Re-Logic'],"['Action', 'Adventure', 'Indie', 'RPG']","['windows', 'mac', 'linux']","['Single-player', 'Multi-player', 'PvP', 'Online PvP', 'Co-op', 'Online Co-op', 'Steam Achievements', 'Full controller support', 'Steam Trading Cards', 'Steam Cloud', 'Remote Play on Phone', 'Remote Play on Tablet', 'Remote Play on TV', 'Family Sharing']","May 16, 2011",999.0,"-0.92401,0.50221,-0.30975,-0.2401,-0.091964,0.61387,0.12201,0.20298,-0.067343,0.57524,0.077787,-0.48092,0.79698,0.49761,-0.5543,0.27706,0.53388,-0.34648,1.0533,-1.4493,0.39313,-0.048458,-0.20432,0.28283,0.60354,0.7913,0.45491,-0.77772,-0.38742,0.16345,0.43201,0.39255,-0.22454,0.014732,0.4322,-0.28062,0.43987,-0.102,0.07713,0.20817,0.10316,-1.1339,-1.0269,-0.37659,0.21696,-0.54564,-0.39171,0.32117,-0.4843,-0.11606,-0.19596,0.1446,-0.043753,0.97239,-0.62863,-0.018717,-0.069502,0.63162,0.35578,-0.16752,0.3091,1.2964,0.28412,0.83083,0.082707,-0.51453,1.1978,0.38643,-0.49578,-1.1941,-0.50639,0.13308,0.44246,1.1259,-0.040981,0.15844,0.3317,0.32867,0.37972,0.43866,0.67229,0.37165,-0.59332,0.77787,-0.30599,-0.43365,0.97847,-0.031354,-0.22809,0.19106,0.29634,-0.37693,-1.1782,-0.56388,-0.13846,0.034922,-0.10709,-0.010455,0.1473,0.13895"
170,1120,1120,Lost Ark,1599340,cool raid,10,2421.616666666667,2026-02-05 23:14:04,"50,000,000 .. 100,000,000",['Smilegate RPG'],['Amazon Game Studios'],"['Action', 'Adventure', 'Massively Multiplayer', 'RPG', 'Free To Play']",['windows'],"['Single-player', 'Multi-player', 'MMO', 'PvP', 'Online PvP', 'Co-op', 'Online Co-op', 'Steam Achievements', 'In-App Purchases', 'Adjustable Text Size', 'Camera Comfort', 'Color Alternatives', 'Custom Volume Controls', 'Keyboard Only Option', 'Playable without Timed Input', 'Save Anytime', 'Partial Controller Support']","Feb 11, 2022",,"-0.53606,-0.53597,-0.00424999,-0.20975,-0.20137,0.367495,0.38792,0.12468299,-0.2119235,0.546585,0.257455,-0.03274499,-0.15673101,0.15083,-0.049820006,0.64137,-0.378075,-0.483265,-0.503066,0.35244852,0.66332,0.026634991,0.1406,-0.42425498,-0.322215,0.564875,-0.43721998,-0.017440021,-0.20835,-0.058259502,-0.018754505,-0.096690014,-0.13008249,0.28383,-0.0987376,0.25154498,0.22646171,-0.42586002,0.64892995,-0.502015,0.0166005,-0.69708,0.016275004,0.12962501,0.58114,-0.135965,-0.024110004,0.25212,0.758825,-0.53377,-0.0323865,0.097195,0.40592,0.833475,-0.437275,-1.74585,0.03504999,-0.23105499,0.93674505,0.09961051,-0.21445999,0.816565,-0.245065,0.07157999,0.59013,0.08508,0.19426998,-0.39793998,0.0028399974,-0.065395,0.17534,-0.6233235,-0.15179001,-0.054840002,-0.1779615,0.483235,0.3146,-0.087865,-0.25079995,0.123739995,0.6818,-0.1731635,-0.56524,0.273605,-0.590975,-0.16210851,0.5008675,0.43111998,-0.009403501,0.017360002,0.23852,0.26744002,-0.110079505,0.019055009,-0.41869,0.13693401,-0.1889255,0.12289,-0.06667,0.173085"
171,679,679,New World: Aeternum,1063730,rip,3,383.1,2026-02-12 03:02:07,"50,000,000 .. 100,000,000",['Amazon Game Studios'],['Amazon Game Studios'],"['Action', 'Adventure', 'Massively Multiplayer', 'RPG']",['windows'],"['Multi-player', 'MMO', 'PvP', 'Online PvP', 'Co-op', 'Online Co-op', 'Steam Achievements', 'In-App Purchases', 'Adjustable Text Size', 'Camera Comfort', 'Chat Speech-to-text', 'Chat Text-to-speech', 'Color Alternatives', 'Custom Volume Controls', 'Keyboard Only Option', 'Playable without Timed Input', 'Save Anytime', 'Stereo Sound', 'Subtitle Options', 'Surround Sound', 'Partial Controller Support']","Sep 28, 2021",,"-0.71925,0.012191,0.25872,-1.2256,-0.044223,0.23168,-0.22757,-0.052528,0.097611,0.12631,0.54556,0.72871,0.2562,-0.014005,-0.067077,0.63777,-0.19526,0.21036,-0.19619,0.28688,0.32591,0.32419,0.35448,0.043789,0.87244,0.52257,-0.6886,0.1189,1.0803,-0.17605,0.51243,0.48924,-0.0060367,-0.047201,-0.80366,-0.85419,0.098516,-0.55777,0.20733,0.42676,0.0022964,-0.27747,-1.0508,-0.28479,-0.15664,0.26189,-0.016188,-0.036324,0.12726,-0.12729,-0.60042,0.57191,-0.31985,-0.34776,0.1796,-0.73572,0.30279,0.38366,0.82671,-0.093158,0.37214,1.0315,-0.43558,0.33853,0.25918,0.74008,0.47612,0.30509,-0.20155,-0.7915,0.2442,-0.35143,0.091239,-0.42436,-0.14824,-0.20607,0.14021,0.39688,0.54443,0.22969,0.12861,-0.41027,-0.24147,-0.43584,0.23054,0.24471,-0.33489,-0.085768,-0.65243,-0.13926,0.12226,0.37804,0.048029,-0.32968,0.61036,-0.14953,0.18974,-0.044438,-0.050235,0.002572"
172,1950,1950,Wallpaper Engine,431960,cool wallpaper,15,30.55,2026-03-01 14:32:49,"20,000,000 .. 50,000,000",['Wallpaper Engine Team'],['Wallpaper Engine Team'],"['Casual', 'Indie', 'Animation & Modeling', 'Design & Illustration', 'Photo Editing', 'Utilities']",['windows'],"['Steam Achievements', 'Steam Trading Cards', 'Steam Workshop', 'Steam Workshop', 'Includes level editor']","Nov 16, 2018",499.0,"-0.512915,0.025124997,0.159355,-0.45813,0.132465,0.361195,-0.056459997,-0.116412,-0.015344992,0.42635998,0.18715,-0.25723648,0.20246899,-0.1542685,0.21820499,0.52487,-0.219678,-0.392595,0.347119,-0.3996665,-0.364995,0.375385,0.49709502,-0.357961,0.31758502,0.232495,0.18997502,-0.52639,-0.401385,-0.78661,-0.17751,0.2500125,-0.150485,-0.066589996,-0.026939996,0.868845,0.017920002,-0.60681,0.50468004,-0.95072997,0.1427705,-0.763075,-0.49416,-0.128755,-0.20383,0.0062649995,-0.31422502,0.383175,0.65441,-0.85390997,-0.071161,-0.010549992,-0.04478,0.45644498,-0.508,-1.2869949,0.26470798,0.362975,0.4874,0.030045498,0.23603001,0.748105,-0.610645,0.37941498,0.689035,0.35971498,0.98089004,-0.1878725,-0.04173501,-0.56856,0.08153501,0.12201649,0.22206,-0.066080004,0.1084785,0.251387,0.1460385,0.18985,0.74952006,0.085985,0.044420004,-0.3586435,-0.33847,0.58767,-0.08829,-0.0166115,0.1843425,-0.12489,-0.169038,-0.20556,0.151965,0.28604,0.3927605,-0.4515,-0.11611,-0.307046,-0.33529,-0.025272496,-0.1805,0.19067"
173,1838,1838,Path of Exile 2,2694490,yeah not bad,12,1701.95,2026-02-27 20:24:42,"20,000,000 .. 50,000,000",['Grinding Gear Games'],['Grinding Gear Games'],"['Action', 'Adventure', 'Massively Multiplayer', 'RPG', 'Early Access']",['windows'],"['Single-player', 'Multi-player', 'MMO', 'Co-op', 'Online Co-op', 'Full controller support', 'HDR available']","Dec 6, 2024",2999.0,"0.15942001,0.043473333,0.80579996,-0.75049,-0.80577993,0.09266699,-0.14611666,0.06841334,0.182205,-0.06619633,0.399358,0.24521667,0.39420733,0.2346089,0.19082634,-0.16525333,-0.3877766,0.19418998,-0.28793,0.7143133,0.3874267,0.33968,-0.21905999,-0.24694169,-0.10142333,0.4052453,-0.40256667,-0.47774336,0.25433764,-0.092549674,0.052773327,0.5614833,0.150928,0.08727667,-0.07199034,0.20559865,-0.13491435,0.109537005,0.21010233,-0.5270733,-0.15158732,0.21581,-0.18045668,-0.4489,-0.50258,-0.31228,0.3803133,-0.28399566,-0.22826399,-1.11228,-0.0005720009,-0.053076338,0.15358199,0.54019666,-0.30226967,-1.9858099,0.3788501,0.40218332,0.9185467,0.42746997,-0.16340566,0.78765994,-0.8331533,-0.029339002,0.9096467,0.09414834,0.80993,0.29113334,-0.22845365,-0.44954267,0.058373332,-0.27153,0.06462833,-0.09876001,0.25800666,0.18470334,-0.099599995,0.146382,-0.4845067,0.016322672,0.6674967,-0.23387666,-0.485039,-0.08660301,-1.6129233,-0.26286134,-0.23209666,-0.3581415,-0.49687335,-0.15984999,-0.23802333,-0.18648334,-0.022830004,-0.035553668,-0.27276668,0.14584334,-0.13862284,-0.11499757,-0.01716566,0.23382334"
174,411,411,Team Fortress 2,440,brush overwatch temporary forever,53,249.03333333333333,2026-03-01 02:29:57,"50,000,000 .. 100,000,000",['Valve'],['Valve'],"['Action', 'Free To Play']","['windows', 'linux']","['Multi-player', 'Cross-Platform Multiplayer', 'Steam Achievements', 'Steam Trading Cards', 'Captions available', 'Steam Workshop', 'In-App Purchases', 'Camera Comfort', 'Color Alternatives', 'Custom Volume Controls', 'Stereo Sound', 'Surround Sound', 'Partial Controller Support', 'Valve Anti-Cheat enabled', 'Stats', 'Includes level editor', 'Commentary available', 'Remote Play on Phone', 'Remote Play on Tablet']","Oct 10, 2007",,"-0.114415005,0.057917,-0.3270575,0.075264245,-0.14831251,0.055282503,-0.248855,0.16843,0.2833375,-0.12903124,-0.1291405,0.10786999,0.35705,-0.2138785,0.122166246,-0.0699875,0.39342827,0.07496776,0.09649924,-0.139535,0.149335,0.275695,0.051824253,-0.21891986,0.2963585,0.27236253,-0.014162496,-0.15643251,-0.094280005,-0.20014143,0.0264306,-0.21975325,-0.1405575,-0.049984246,-0.44930747,-0.01545326,-0.17464176,-0.3490175,0.14855699,-0.267575,-0.0015330091,-0.116732255,0.19630998,-0.334569,0.1836715,0.2915275,-0.166645,0.562575,-0.25957248,-0.665185,-0.22856,-0.19348499,0.038927753,0.860515,0.550755,-1.2507,0.5128575,-0.36848852,0.48702997,0.2786625,0.1419075,0.57578075,-0.4174755,-0.07652001,0.6735475,-0.1224,0.13927999,-0.199321,-0.24382399,-0.330535,-0.053195,0.10058226,0.041277997,-0.034571044,0.20969501,-0.17265499,0.2140775,0.21618775,0.23416251,0.1017495,0.10353251,-0.3072175,0.042822495,0.233845,-0.189445,0.27498502,0.2772225,0.09292949,0.0527125,-0.1073675,-0.3103875,-0.13526674,0.2911825,-0.15402025,-0.137855,-0.20115577,0.19717751,0.17897117,0.140865,0.26060975"
175,1324,1324,Monster Hunter Wilds,2246340,focus attack brighten day,33,41.48333333333333,2026-03-01 13:47:33,"20,000,000 .. 50,000,000","['CAPCOM Co., Ltd.']","['CAPCOM Co., Ltd.']","['Action', 'Adventure', 'RPG']",['windows'],"['Single-player', 'Multi-player', 'Co-op', 'Online Co-op', 'Cross-Platform Multiplayer', 'Steam Achievements', 'Full controller support', 'Steam Trading Cards', 'Adjustable Text Size', 'Camera Comfort', 'Color Alternatives', 'Custom Volume Controls', 'Keyboard Only Option', 'Stereo Sound', 'Subtitle Options', 'Surround Sound', 'Steam Cloud', 'HDR available', 'Family Sharing']","Feb 27, 2025",6999.0,"-0.56321,0.19138801,0.0089491755,0.005460255,0.012230001,0.019264992,-0.0965425,-0.010272503,-0.171256,0.11431751,-0.104116246,-0.025955003,0.238315,-0.09981199,0.034727503,-0.06922,-0.114190005,-0.093788505,-0.327575,0.0739145,0.4969335,-0.55572253,0.08420025,0.25093475,-0.08557725,0.23611192,-0.1521,0.139078,-0.10309251,-0.12201725,-0.291883,-0.027625002,-0.13131276,0.0224475,-0.33254752,0.163795,-0.10787975,0.028791249,0.114034995,0.05625252,-0.38057,-0.2824525,0.20050576,0.030120848,-0.09392625,0.32319248,0.17885801,-0.10555449,0.11538251,-0.97846997,-0.052525003,-0.1443525,-0.034747496,1.07371,-0.20789498,-1.86326,-0.051167503,-0.14518501,1.12842,0.18062751,-0.38396898,1.0550449,-0.109708,-0.24739051,0.26673374,0.4488325,0.0466825,-0.04986201,-0.054865003,-0.1343475,0.2340925,-0.6144325,-0.093336,-0.579995,-0.065602496,0.129559,0.057742253,-0.0650995,-0.4974475,-0.19283175,0.104587495,0.113221765,-0.34521,0.16462983,-1.002383,-0.319385,-0.2037108,0.2215775,-0.089412004,-0.1784575,0.1256975,0.163617,0.2144935,0.09455499,-0.49493003,0.078759745,0.22662523,0.15055774,0.20992501,0.39002773"
176,782,782,Black Myth: Wukong,2358720,good,4,8.1,2026-02-27 17:27:20,"50,000,000 .. 100,000,000",['Game Science'],['Game Science'],"['Action', 'Adventure', 'RPG']",['windows'],"['Single-player', 'Steam Achievements', 'Full controller support', 'Steam Trading Cards', 'Playable without Timed Input', 'Stereo Sound', 'Surround Sound', 'Steam Cloud', 'Family Sharing']","Aug 19, 2024",5999.0,"-0.030769,0.11993,0.53909,-0.43696,-0.73937,-0.15345,0.081126,-0.38559,-0.68797,-0.41632,-0.13183,-0.24922,0.441,0.085919,0.20871,-0.063582,0.062228,-0.051234,-0.13398,1.1418,0.036526,0.49029,-0.24567,-0.412,0.12349,0.41336,-0.48397,-0.54243,-0.27787,-0.26015,-0.38485,0.78656,0.1023,-0.20712,0.40751,0.32026,-0.51052,0.48362,-0.0099498,-0.38685,0.034975,-0.167,0.4237,-0.54164,-0.30323,-0.36983,0.082836,-0.52538,-0.064531,-1.398,-0.14873,-0.35327,-0.1118,1.0912,0.095864,-2.8129,0.45238,0.46213,1.6012,-0.20837,-0.27377,0.71197,-1.0754,-0.046974,0.67479,-0.065839,0.75824,0.39405,0.15507,-0.64719,0.32796,-0.031748,0.52899,-0.43886,0.67405,0.42136,-0.11981,-0.21777,-0.29756,-0.1351,0.59898,0.46529,-0.58258,-0.02323,-1.5442,0.01901,-0.015877,0.024499,-0.58017,-0.67659,-0.040379,-0.44043,0.083292,0.20035,-0.75499,0.16918,-0.26573,-0.52878,0.17584,1.065"
177,1345,1345,Monster Hunter Wilds,2246340,one year later say game really good even better play friend give try,119,602.6166666666667,2026-03-01 05:59:28,"20,000,000 .. 50,000,000","['CAPCOM Co., Ltd.']","['CAPCOM Co., Ltd.']","['Action', 'Adventure', 'RPG']",['windows'],"['Single-player', 'Multi-player', 'Co-op', 'Online Co-op', 'Cross-Platform Multiplayer', 'Steam Achievements', 'Full controller support', 'Steam Trading Cards', 'Adjustable Text Size', 'Camera Comfort', 'Color Alternatives', 'Custom Volume Controls', 'Keyboard Only Option', 'Stereo Sound', 'Subtitle Options', 'Surround Sound', 'Steam Cloud', 'HDR available', 'Family Sharing']","Feb 27, 2025",6999.0,"-0.035590388,0.24016947,0.43538508,-0.35100934,-0.2667731,0.143751,0.08598431,-0.0028530795,-0.16005316,-0.17068124,0.05243447,-0.08977303,0.044640996,-0.052346233,0.01928149,-0.15564577,0.092558,0.21355714,-0.5127423,0.5813431,0.23884399,0.035208926,0.03540292,-0.0042734193,0.28228584,-0.051547926,-0.37161154,-0.60641456,0.19623208,-0.10083161,-0.23712093,0.6652746,0.024051152,-0.02447067,0.17826416,0.23457095,-0.3487093,0.2913485,-0.09112991,-0.29958877,-0.22467422,-0.09827301,0.21898802,-0.39559445,-0.3403527,-0.083886,0.15412386,-0.46629307,0.08572161,-0.99342453,-0.09337532,-0.14902385,0.04142169,1.0381238,-0.017121304,-2.5941617,-0.118533544,-0.06561254,1.3376307,0.52054536,-0.29459932,0.76845145,-0.45312074,0.0012374574,0.6612285,-0.024351478,0.45469067,0.47652462,-0.09995266,-0.129012,0.036186226,-0.23104861,-0.01793923,-0.37292707,0.083134614,0.14501457,-0.21192762,-0.17640875,-0.53607565,0.03591677,0.5768405,0.044362776,-0.60198236,-0.089896075,-1.5876884,-0.19808078,-0.025268685,0.048043765,-0.3013716,-0.34918723,0.009823384,-0.15477745,-0.059732918,-0.13403715,-0.61830384,-0.04654046,-0.23643623,-0.12450208,0.26826614,0.27602208"
178,874,874,Grand Theft Auto V Legacy,271590,great game never received great white shark card code pretty annoyed,109,61.95,2026-02-28 22:39:41,"50,000,000 .. 100,000,000",['Rockstar North'],['Rockstar Games'],"['Action', 'Adventure']",['windows'],"['Single-player', 'Multi-player', 'PvP', 'Online PvP', 'Co-op', 'Online Co-op', 'Steam Achievements', 'Full controller support', 'Remote Play on Phone', 'Remote Play on Tablet', 'Remote Play on TV']","Apr 13, 2015",,"0.027116006,0.151813,0.47168636,-0.47018,-0.2060801,0.32530567,0.043743633,-0.036782738,-0.14835466,-0.36014426,-0.06862015,-0.049721,0.04387146,-0.040862907,0.031681456,0.042458277,0.22907545,0.15854181,-0.23132545,0.29698992,-0.004567091,0.16357526,-0.13343118,-0.27166897,0.50922,0.10315526,-0.26081812,-0.23333031,-0.0028190992,-0.18058334,0.07648491,0.56512254,0.106242724,0.079146095,0.3207787,0.161877,-0.4670029,0.16269955,0.030232746,-0.044093095,-0.12593092,-0.34171662,0.20073725,-0.2512779,0.06573783,-0.14107992,0.3756893,-0.10276827,0.21822129,-0.59708786,-0.045594182,-0.0031121874,0.15011407,0.65568185,-0.16776818,-2.0290773,-0.04871727,-0.031238537,1.113509,0.45392838,-0.122728,0.6355512,-0.47945863,0.078638636,0.5558536,-0.26537183,0.26905483,0.24287291,0.18729557,0.119184084,-0.05517828,-0.043451205,0.0943708,-0.10576281,0.12049141,0.37540522,-0.22226568,-0.02148924,-0.5620506,0.19413109,0.33857474,-0.23734622,-0.3175383,-0.054080904,-1.2527174,-0.15790673,-0.07564246,-0.44664118,-0.10703828,-0.16141504,-0.13595355,-0.110376835,-0.03883927,-0.004652858,-0.16508435,-0.10317846,-0.53584546,-0.18418975,0.12616901,0.05698981"
179,1652,1652,ELDEN RING,1245620,masterpiece nothing need say like video game must play ellen ring,97,397.78333333333336,2026-03-01 11:49:14,"20,000,000 .. 50,000,000","['FromSoftware, Inc.']","['FromSoftware, Inc.', 'Bandai Namco Entertainment']","['Action', 'RPG']",['windows'],"['Single-player', 'Multi-player', 'PvP', 'Online PvP', 'Co-op', 'Online Co-op', 'Steam Achievements', 'Full controller support', 'Steam Trading Cards', 'Camera Comfort', 'Custom Volume Controls', 'Playable without Timed Input', 'Save Anytime', 'Stereo Sound', 'Surround Sound', 'Steam Cloud', 'Family Sharing']","Feb 24, 2022",5999.0,"0.017240638,0.2581843,0.42115593,-0.38636273,-0.077193074,0.24310489,0.0008768223,0.097713634,-0.05039136,-0.16217937,-0.013835725,-0.088582724,0.07063472,0.08449518,-0.14751863,-0.04663754,0.20508899,0.54660815,-0.31746367,0.39022,0.13604861,-0.060702726,-0.029862909,-0.17959072,0.40298975,0.09245282,-0.006247732,-0.3456418,0.09662736,-0.09205463,-0.1111669,0.36109182,0.06362582,0.14140081,0.3032753,0.13303135,-0.16889581,0.20400128,-0.04767809,-0.28602543,-0.0027222687,0.0119998185,-0.006699543,-0.20586638,-0.29110593,-0.15186073,-0.005555391,-0.29411075,0.058306184,-0.70237255,0.028829724,0.05313791,0.04434291,0.83623415,0.016846094,-2.1544726,-0.09933708,-0.016240634,1.0619372,0.5297154,-0.25641692,0.82476544,-0.43173507,-0.1860453,0.6930837,0.046509,0.47142184,0.40950727,-0.23074073,-0.060308352,0.059851635,-0.22744681,-0.0053250943,-0.17879345,0.08544764,0.039403,-0.05003148,0.034085702,-0.43653452,0.07826955,0.39501724,-0.23357281,-0.46348107,0.033228543,-1.4177372,-0.101801276,-0.06640718,-0.07835163,-0.17064399,-0.23398012,0.040914908,-0.08382046,-0.015918724,-0.10319374,-0.1774982,-0.2510742,-0.16702726,-0.29709896,0.35979,0.29673684"
180,1278,1278,War Thunder,236390,snail,11,392.3666666666667,2024-04-02 05:27:13,"20,000,000 .. 50,000,000",['Gaijin Entertainment'],['Gaijin Network Ltd'],"['Action', 'Massively Multiplayer', 'Simulation', 'Free To Play']","['windows', 'mac', 'linux']","['Single-player', 'Multi-player', 'MMO', 'PvP', 'Online PvP', 'Co-op', 'Online Co-op', 'Cross-Platform Multiplayer', 'Steam Achievements', 'Full controller support', 'VR Supported', 'Steam Trading Cards', 'In-App Purchases', 'Adjustable Text Size', 'Camera Comfort', 'Color Alternatives', 'Custom Volume Controls', 'Playable without Timed Input', 'Stereo Sound', 'Surround Sound', 'Remote Play on Phone', 'Remote Play on Tablet']","Aug 15, 2013",,"-1.4039,0.36696,-0.10955,-0.63229,-0.79527,0.67144,0.47645,-0.55636,0.092272,-0.39639,-0.67781,0.033395,-0.38021,-0.20604,-0.72761,-0.95119,-0.0038823,-0.39694,0.97538,0.36693,0.12081,0.82137,-0.65544,0.65207,2.1622,1.6127,-0.67026,0.66998,-1.0072,-0.025652,-0.87845,0.38124,0.73818,-0.46297,1.514,0.15876,-0.13237,0.054471,0.13645,0.59202,-0.69056,0.071133,-0.51945,-0.49915,0.30767,0.72829,-0.18505,0.51086,0.49377,-0.21658,0.78511,0.097812,0.9675,-0.54047,0.0032644,-0.095923,-0.39078,-0.55723,0.90746,0.61732,-0.39539,0.11181,0.66344,-0.52517,0.060044,-0.014633,0.13336,-0.60822,0.85103,-0.13711,-0.17942,-0.036779,0.64563,-1.3627,0.053857,0.19891,-0.31721,-0.093425,-0.33053,1.1765,0.15506,-0.01487,-0.11825,0.89531,0.94297,-0.23703,1.3867,-1.2494,0.16742,-0.14885,-0.43922,0.45397,0.19265,-0.23946,0.53536,-0.24851,-0.38341,-1.1101,0.1519,-0.55812"
181,785,785,Black Myth: Wukong,2358720,game game,13,59.11666666666667,2026-02-27 16:09:21,"50,000,000 .. 100,000,000",['Game Science'],['Game Science'],"['Action', 'Adventure', 'RPG']",['windows'],"['Single-player', 'Steam Achievements', 'Full controller support', 'Steam Trading Cards', 'Playable without Timed Input', 'Stereo Sound', 'Surround Sound', 'Steam Cloud', 'Family Sharing']","Aug 19, 2024",5999.0,"0.062659,0.026003,1.122,-0.84123,-0.56907,0.86677,0.99235,-0.19032,-0.74226,-0.29547,0.037746,-0.71756,-0.44891,-0.65801,0.17469,0.50347,0.21268,1.0438,-0.60034,0.48838,0.16955,-0.070132,-0.070228,0.50193,1.3543,-0.27193,-0.16449,0.37399,-0.14291,0.19646,-0.80925,0.86245,-0.2118,-0.074321,0.38522,-0.34137,-1.2694,0.59967,-0.84746,-0.68818,0.68874,-0.19769,0.2064,-0.20387,-0.33651,0.093972,0.34192,-0.68139,0.61451,-0.88127,-0.13401,-0.088989,-0.098916,0.73405,0.33496,-3.1068,-0.22643,-0.21568,1.3375,1.5472,-1.2343,0.42964,-0.78932,-0.027462,0.34738,0.17338,0.24975,-0.010451,-0.71149,0.55568,-0.20869,0.074445,0.29833,-0.029668,-0.01595,0.46368,-0.80873,0.11564,-0.14607,0.73785,0.33548,0.18176,-1.2688,0.21146,-1.5877,0.10299,-0.55312,-0.12812,-0.035095,0.12023,-0.40742,0.21107,-0.4187,0.12999,-0.16549,-0.55023,-0.61101,0.46126,0.88781,-0.031292"
182,1818,1818,Path of Exile 2,2694490,mid game boring,19,230.91666666666663,2026-03-01 10:50:54,"20,000,000 .. 50,000,000",['Grinding Gear Games'],['Grinding Gear Games'],"['Action', 'Adventure', 'Massively Multiplayer', 'RPG', 'Early Access']",['windows'],"['Single-player', 'Multi-player', 'MMO', 'Co-op', 'Online Co-op', 'Full controller support', 'HDR available']","Dec 6, 2024",2999.0,"-0.31201032,0.13673101,0.60025996,-0.35484663,-0.65233,0.14177267,0.62131,0.2630433,-0.26875997,0.07298434,0.21531866,-0.33449337,-0.099889,-0.2613553,0.30762666,-0.017333329,-0.18432935,0.27172166,0.19030666,0.23645334,0.34781334,0.283236,0.149585,-0.08425367,0.667605,-0.15191667,-0.42779002,0.124976665,-0.13302,0.070709996,-0.34027,0.19507001,-0.15676433,-0.4486703,0.14453399,0.16406667,-0.8371666,-0.07141334,-0.22533065,-0.20979333,0.10401434,-0.19728,-0.1836,-0.059286665,-0.35124934,0.09060234,0.56668,-0.26181668,0.39260066,-0.74834996,-0.041303333,-0.251223,-0.072208665,0.3904133,-0.20424001,-1.9472866,-0.34980336,0.15816666,1.2903466,0.5727067,-0.6390733,0.5197267,-0.43994,0.01890933,0.37116668,0.066816665,0.38902998,-0.059132665,-0.39113,-0.027310014,-0.041178335,-0.06922066,0.005063335,-0.14490934,-0.16404666,0.07421267,-0.46950698,-0.019174,-0.124299675,0.04795667,0.2495517,0.117263675,-0.38561,-0.051326662,-1.16822,0.09206667,-0.31552735,-0.14605534,-0.097008325,0.16193666,0.04047333,0.41564,-0.09810001,0.37465334,-0.2688,-0.01733002,-0.37364337,0.33896336,0.36212996,-0.014287333"
183,1198,1198,Lost Ark,1599340,satisfying combat ruined boring endgame gamelan loop,56,1146.45,2025-11-16 17:18:33,"50,000,000 .. 100,000,000",['Smilegate RPG'],['Amazon Game Studios'],"['Action', 'Adventure', 'Massively Multiplayer', 'RPG', 'Free To Play']",['windows'],"['Single-player', 'Multi-player', 'MMO', 'PvP', 'Online PvP', 'Co-op', 'Online Co-op', 'Steam Achievements', 'In-App Purchases', 'Adjustable Text Size', 'Camera Comfort', 'Color Alternatives', 'Custom Volume Controls', 'Keyboard Only Option', 'Playable without Timed Input', 'Save Anytime', 'Partial Controller Support']","Feb 11, 2022",,"-0.19052212,0.40958142,0.165428,0.19598712,-0.36865714,0.17475685,0.003614996,0.1623187,0.10393987,0.29706618,0.122241855,0.06510285,0.18715899,0.030154442,-0.012501444,0.10572958,-0.15639257,0.14415357,0.35703784,0.13446856,0.1478643,-0.05659571,0.06900399,-0.26641,0.12111573,0.09898215,0.015523834,0.08282586,-0.043662865,-0.24543713,-0.29284286,-0.13290614,-0.0794747,-0.30607134,0.047869,-0.017104713,-0.30498385,0.056426145,0.027940001,-0.2930487,-0.09271343,0.13187055,-0.09981644,0.04232607,-0.141329,-0.098569,0.22768572,0.08521014,-0.046514004,-0.1671786,-0.31267628,-0.016021583,0.037588574,0.31598997,0.03980071,-1.0971955,0.3421528,-0.111048855,0.4582884,0.21862343,-0.26713,0.29026914,-0.14797142,0.016823707,0.007853999,-0.15492742,0.3301806,-0.047307145,-0.12644428,-0.255748,-0.08802545,-0.37069744,0.31865856,0.24440287,0.1265743,-0.21088457,-0.07833015,0.19354828,0.038375873,0.023824278,0.011557574,0.014484431,-0.239712,0.20821741,-0.74159145,0.45630112,0.035836857,-0.34944513,-0.17783573,-0.26135415,-0.027067738,0.23061559,0.02222572,0.21040286,0.24230573,-0.2697433,-0.20256999,-0.14335893,0.08310557,0.2678463"
184,807,807,Grand Theft Auto V Legacy,271590,might best game ever made,34,57.266666666666666,2026-03-01 22:30:32,"50,000,000 .. 100,000,000",['Rockstar North'],['Rockstar Games'],"['Action', 'Adventure']",['windows'],"['Single-player', 'Multi-player', 'PvP', 'Online PvP', 'Co-op', 'Online Co-op', 'Steam Achievements', 'Full controller support', 'Remote Play on Phone', 'Remote Play on Tablet', 'Remote Play on TV']","Apr 13, 2015",,"0.0672418,0.2280126,0.639116,-0.4024424,-0.053831793,0.04605161,0.38546735,-0.17013462,-0.3585568,-0.08946963,0.11201121,-0.16837999,0.0937116,-0.09063079,-0.012613004,0.025179198,0.33713698,0.471276,-0.420266,0.46800262,0.276638,0.07841479,0.0469006,-0.022004003,0.4361402,-0.118418,-0.2558162,-0.28328198,0.12361439,-0.258042,-0.29134798,0.6746,0.010999001,0.0793532,0.427534,0.2423286,-0.48182416,0.363594,-0.404466,-0.255106,-0.159284,0.034756202,0.11802039,-0.2808466,-0.033468604,0.0222058,0.376526,-0.60589206,0.2268748,-1.0955001,0.020575995,-0.10179081,0.1632322,1.0287961,0.03848201,-2.55122,-0.2069968,0.1255136,1.2519801,0.7359498,-0.54433197,0.90064603,-0.46138602,0.179649,0.763546,-0.231638,0.39678603,0.35082978,-0.2716822,-0.224966,0.18550241,-0.19403501,-0.11543001,0.003998405,0.0015179992,0.171112,-0.411024,-0.063416004,-0.52945864,0.208884,0.447676,0.08143699,-0.5690197,0.0023300052,-1.6589401,-0.31469804,0.010903406,-0.141172,-0.098798595,-0.382314,-0.216641,-0.0657706,-0.15196839,-0.1917116,-0.45031,0.024355983,-0.404572,-0.139734,0.561862,0.237312"
185,712,712,Black Myth: Wukong,2358720,beat game say beautiful game ever not best box fight also say pain ash beat,180,43.18333333333333,2026-03-01 20:39:22,"50,000,000 .. 100,000,000",['Game Science'],['Game Science'],"['Action', 'Adventure', 'RPG']",['windows'],"['Single-player', 'Steam Achievements', 'Full controller support', 'Steam Trading Cards', 'Playable without Timed Input', 'Stereo Sound', 'Surround Sound', 'Steam Cloud', 'Family Sharing']","Aug 19, 2024",5999.0,"-0.13689873,0.30233893,0.5064028,-0.43835953,-0.14683272,0.3247347,-0.010433749,-0.0468664,-0.23826198,-0.17216806,0.13204107,-0.11905186,0.030879855,-0.019465072,-0.04249207,0.029170817,0.131672,0.28524628,-0.37701872,0.35003868,0.3947001,0.06627054,0.0628082,0.19754177,0.39270714,0.14035706,-0.05286187,-0.37246197,0.19013734,-0.2124044,-0.19561867,0.44549707,0.040713865,0.25303584,0.20937036,-0.05758713,-0.42496893,0.3452876,-0.064663194,-0.27302733,-0.20746906,-0.2220518,-0.03483401,-0.4048853,0.006763341,-0.0560172,0.23483972,-0.3194655,0.17151204,-0.7665116,-0.065672,-0.022549337,-0.01677391,0.90863603,0.028848875,-2.2890136,-0.12819463,0.13795866,1.1232686,0.55279326,-0.24009289,0.5742846,-0.37258083,-0.07036713,0.5249218,-0.051024266,0.49390692,0.3561439,-0.22791079,-0.22021188,0.057243332,-0.16000973,-0.043742195,-0.040095843,0.1334968,0.07247181,-0.19521847,-0.07806113,-0.44971895,0.22069767,0.5372261,-0.013143325,-0.623042,-0.040381864,-1.3859607,-0.39815935,-0.13108747,0.037870374,-0.2096891,-0.042397458,-0.047201734,-0.16023284,-0.16046864,0.083668664,-0.47254863,-0.05068892,-0.379274,-0.12796155,0.42463592,0.014081597"
186,1990,1990,Wallpaper Engine,431960,done like men,15,6.0,2026-03-01 00:01:57,"20,000,000 .. 50,000,000",['Wallpaper Engine Team'],['Wallpaper Engine Team'],"['Casual', 'Indie', 'Animation & Modeling', 'Design & Illustration', 'Photo Editing', 'Utilities']",['windows'],"['Steam Achievements', 'Steam Trading Cards', 'Steam Workshop', 'Steam Workshop', 'Includes level editor']","Nov 16, 2018",499.0,"0.11952666,0.54066,0.16544366,-0.42783,-0.14857133,0.34823,-0.14252,0.27393666,-0.37978867,0.03190133,0.22761334,-0.069895335,0.5445667,0.16114667,-0.16064,-0.22202599,-0.019248338,0.31261,-0.74307996,0.35165668,0.47002664,0.24720334,0.14122732,-0.16962667,0.04913333,0.11344263,-0.16435666,-0.7987566,0.096907,-0.24106,0.09477333,0.303425,-0.12257001,-0.30207,0.45975664,0.08411332,-0.25010002,0.48714998,0.054873,-0.040246665,-0.251715,-0.08982333,-0.09961001,-0.32114968,-0.41283867,0.052961994,0.149442,-0.18713532,-0.17507868,-0.8446801,-0.14035267,-0.01665,0.023911,1.18918,-0.24078202,-2.0791,-0.07792533,0.20272332,1.1809,0.62079,-0.33155334,1.2013566,-0.08072999,-0.0066149994,0.81642336,0.099376656,0.71808,0.42149332,0.023012668,0.008781333,0.05978334,-0.43182433,-0.10822,-0.12699467,0.18295668,0.25314566,0.021670008,0.015369664,-0.36313334,-0.106329985,0.8389166,-0.13512434,-0.39323997,0.24751331,-1.6680666,-0.247268,-0.08623999,-0.20875001,-0.33239666,-0.36294666,-0.058019668,-0.40207002,0.210817,0.027211666,-0.44287667,-0.29588035,-0.5806866,-0.20203568,0.409093,0.29720998"
187,1659,1659,ELDEN RING,1245620,already said ellen ring one best game time argue visuals game best ever every region look like painting come life world dreadful sometimes horrific spot wonder pure fantasy gamelan loop quite addictive creating character opting tutorial game throw deep end explore world always nudging go main quest plenty loot find challenging boss fight ellen ring not without fault input feel delayed pop minimal graphical nitpicks complaint minor overall game peak,780,10.916666666666666,2026-03-01 10:37:07,"20,000,000 .. 50,000,000","['FromSoftware, Inc.']","['FromSoftware, Inc.', 'Bandai Namco Entertainment']","['Action', 'RPG']",['windows'],"['Single-player', 'Multi-player', 'PvP', 'Online PvP', 'Co-op', 'Online Co-op', 'Steam Achievements', 'Full controller support', 'Steam Trading Cards', 'Camera Comfort', 'Custom Volume Controls', 'Playable without Timed Input', 'Save Anytime', 'Stereo Sound', 'Surround Sound', 'Steam Cloud', 'Family Sharing']","Feb 24, 2022",5999.0,"-0.020162445,0.25347483,0.35862866,-0.1418021,-0.014934417,0.17789845,-0.10497143,0.05041096,-0.076240465,-0.053133547,0.03282575,-0.060705256,0.06883428,-0.11579442,0.004927902,-0.059812505,0.06724707,0.24429864,-0.17890254,0.27547282,0.2111949,-0.025741613,0.0529163,-0.10799346,0.254909,0.022553805,-0.03197379,-0.24504289,0.067713365,-0.13225429,-0.16564012,0.21986206,-0.03778382,-0.06886295,0.158687,0.07033404,-0.22721532,0.14466162,-0.07254609,-0.20989403,-0.12984474,-0.0018497511,0.044418313,-0.21054187,-0.12891686,0.058785655,0.15980047,-0.19908275,0.09752,-0.53089434,0.05327267,-0.034274273,0.05144166,0.7419935,0.08730676,-1.8796351,0.041401897,0.015024738,1.0494995,0.38766122,-0.18052481,0.6300274,-0.28586134,-0.01961395,0.60450554,-0.06234844,0.39961225,0.07937372,-0.0143446885,-0.15634544,-0.024352323,-0.14133318,-0.02567651,-0.0838898,0.105798386,0.049815543,-0.16182062,-0.0936683,-0.3596087,0.034985185,0.23503517,0.04252136,-0.45855165,0.03404736,-1.0891289,-0.09125023,-0.12415821,-0.08574195,-0.14844042,-0.23167248,-0.081084885,0.08839675,-0.067399204,-0.059574384,-0.15499087,-0.07989095,-0.29960838,-0.20079383,0.39731076,0.19867392"
188,1190,1190,Lost Ark,1599340,amazon suck man reason including cesspool,51,362.48333333333335,2025-11-22 07:16:03,"50,000,000 .. 100,000,000",['Smilegate RPG'],['Amazon Game Studios'],"['Action', 'Adventure', 'Massively Multiplayer', 'RPG', 'Free To Play']",['windows'],"['Single-player', 'Multi-player', 'MMO', 'PvP', 'Online PvP', 'Co-op', 'Online Co-op', 'Steam Achievements', 'In-App Purchases', 'Adjustable Text Size', 'Camera Comfort', 'Color Alternatives', 'Custom Volume Controls', 'Keyboard Only Option', 'Playable without Timed Input', 'Save Anytime', 'Partial Controller Support']","Feb 11, 2022",,"0.033391666,0.18370833,0.7235783,-0.31418952,0.11877453,0.25255832,-0.16749233,-0.030245831,0.11602499,-0.011149992,-0.06852999,0.151265,0.04857333,-0.046403334,0.062745996,-0.13489266,0.23635237,0.25482166,-0.09918667,0.432735,0.33168948,0.16368183,0.03436551,-0.011301677,0.21594949,0.25609264,-0.10531332,-0.092434995,0.006523336,-0.055021163,0.17176034,0.13597836,-0.1076805,-0.070253335,-0.03338833,0.14520766,-0.06222865,0.08725581,0.27187634,-0.16806035,-0.27184567,0.14061382,-0.06848001,-0.21499515,0.07497067,0.31940833,-0.06000234,-0.016106328,-0.08953617,-0.166695,-0.08057783,0.15068102,0.00084166724,0.61230165,-0.21184267,-1.245371,-0.069773845,-0.14987148,0.88478667,0.28359383,-0.12081051,0.43328533,-0.17214149,-0.069364004,0.73565334,0.074439995,0.44988835,0.021111494,0.30107915,-0.23018067,0.13979165,-0.17624617,0.08753335,-0.010750164,-0.35787168,0.036189675,0.16206549,-0.07569999,-0.37373504,0.22039582,0.39300683,-0.05106434,-0.2922483,0.11336834,-0.836535,-0.19493882,-0.027248338,0.077965,-0.28821966,-0.00306499,0.25331998,-0.15055667,-0.0357,-0.14879417,-0.112475,-0.14477234,-0.144911,-0.31719968,0.24289669,0.18245167"
189,1225,1225,War Thunder,236390,leaking document fun would,48,54.43333333333333,2025-07-30 00:50:34,"20,000,000 .. 50,000,000",['Gaijin Entertainment'],['Gaijin Network Ltd'],"['Action', 'Massively Multiplayer', 'Simulation', 'Free To Play']","['windows', 'mac', 'linux']","['Single-player', 'Multi-player', 'MMO', 'PvP', 'Online PvP', 'Co-op', 'Online Co-op', 'Cross-Platform Multiplayer', 'Steam Achievements', 'Full controller support', 'VR Supported', 'Steam Trading Cards', 'In-App Purchases', 'Adjustable Text Size', 'Camera Comfort', 'Color Alternatives', 'Custom Volume Controls', 'Playable without Timed Input', 'Stereo Sound', 'Surround Sound', 'Remote Play on Phone', 'Remote Play on Tablet']","Aug 15, 2013",,"-0.09803225,-0.0296335,0.47113997,-0.41074502,0.212055,0.057792507,0.060787253,0.210035,0.40350875,0.339721,0.33578,0.354725,0.041390747,-0.092001244,-0.07666825,-0.079342514,0.3486329,0.078087494,-0.121625,0.06311001,-0.0183025,-0.06189,-0.08812499,-0.34443524,-0.115710504,-0.10369799,-0.42215502,-0.046844006,-0.004397005,0.026430003,-0.009094743,0.325775,-0.18819225,-0.101685494,-0.022837497,0.1871835,-0.121037245,-0.0096167475,-0.004397504,-0.10785999,-0.409095,-0.1184248,0.058330093,-0.20706749,-0.2886225,-0.13077925,-0.039719507,-0.37650502,-0.08175474,-0.7921525,0.5611443,0.017375007,0.13412249,0.7922725,-0.383752,-1.59818,0.076947995,-0.10537999,1.23341,0.42557,-0.25817752,0.746085,-0.45872748,-0.076307505,0.6761625,0.052744992,0.60716003,0.27447,-0.1119615,-0.59177,0.22540501,-0.24735749,0.25370574,-0.2813887,-0.1646095,0.33483002,0.12574351,0.045662504,-0.73177695,0.11461326,0.2682175,-0.15273575,-0.1875829,-0.010721501,-1.1267021,-0.092520006,0.439645,0.011724435,-0.19305824,-0.21687749,-0.10605849,-0.14255,-0.067755006,-0.19471,0.12315874,-0.121275745,-0.12843475,-0.421075,0.3916175,0.3079245"
190,602,602,New World: Aeternum,1063730,game dead levelling felt good slow,63,77.86666666666666,2026-03-01 15:39:15,"50,000,000 .. 100,000,000",['Amazon Game Studios'],['Amazon Game Studios'],"['Action', 'Adventure', 'Massively Multiplayer', 'RPG']",['windows'],"['Multi-player', 'MMO', 'PvP', 'Online PvP', 'Co-op', 'Online Co-op', 'Steam Achievements', 'In-App Purchases', 'Adjustable Text Size', 'Camera Comfort', 'Chat Speech-to-text', 'Chat Text-to-speech', 'Color Alternatives', 'Custom Volume Controls', 'Keyboard Only Option', 'Playable without Timed Input', 'Save Anytime', 'Stereo Sound', 'Subtitle Options', 'Surround Sound', 'Partial Controller Support']","Sep 28, 2021",,"-0.1331565,0.1104705,0.38804165,-0.26907334,-0.4559017,0.36390495,0.116280995,0.07015335,-0.24881117,-0.10588366,-0.028749833,0.159745,0.18359333,-0.1113835,0.17574783,0.0058728284,-0.18559992,0.174101,-0.062606685,0.54036,0.51672095,0.19540851,0.17488533,-0.07146066,0.51615506,0.147275,-0.28908166,0.0018530017,0.09538283,0.016112993,-0.33414832,0.31964836,-0.091469996,0.0730365,0.041304335,-0.33205166,-0.25369164,0.12074884,-0.1354633,-0.12132034,-0.24097417,-0.08619983,0.20736666,-0.21843834,0.0040733344,-0.18106198,0.2610877,-0.034238327,0.07466983,-0.91591674,-0.086068325,-0.26083302,0.054462496,0.88853836,-0.008895829,-2.0339367,-0.031189168,0.12578,0.97573835,0.55980664,-0.23432167,0.7171456,-0.41712347,-0.027076669,0.37361833,0.17375016,0.36739,0.053003985,-0.14644797,-0.24356835,-0.12152565,0.11171284,0.097346984,-0.23479132,0.221385,0.33607867,-0.31722167,0.08488833,-0.12432599,0.22482932,0.23861499,0.222278,-0.69966406,0.105982006,-1.3468599,-0.16488832,-0.02313017,-0.086842,-0.5123475,-0.12009666,-0.06648033,-0.04394667,-0.226478,0.023020009,-0.28396377,-0.0740775,-0.19964917,0.024469241,0.1577355,0.09566917"
191,270,270,PUBG: BATTLEGROUNDS,578080,,1,673.0833333333334,2026-02-19 15:09:18,"100,000,000 .. 200,000,000",['PUBG Corporation'],"['KRAFTON, Inc.']","['Action', 'Adventure', 'Massively Multiplayer', 'Free To Play']",['windows'],"['Multi-player', 'PvP', 'Online PvP', 'Stats', 'Remote Play on Phone', 'Remote Play on Tablet']","Dec 21, 2017",,"-0.040383,-0.2132,0.055937,-0.070654,0.4657,0.14988,0.35069,0.38861,1.0382,0.31142,0.43467,1.0776,0.20412,0.11486,-0.15259,-1.2375,0.63977,-0.40243,-0.32668,-0.16361,0.4715,0.097336,-0.3228,0.82284,-0.05374,0.72566,0.077025,0.19049,-1.011,0.063992,-0.42976,0.492,0.3961,-0.22394,-0.32937,-0.68569,-0.038767,1.2796,-0.51853,-0.14503,-0.46248,-0.021891,-0.57194,0.066688,0.36953,0.7507,-0.94705,-0.29925,0.41504,-0.50964,-0.61258,0.20794,0.51331,0.20323,-0.25576,-0.016653,0.36026,0.29747,-0.25774,-0.0073715,-0.6191,-0.16447,-0.28221,0.16458,-0.13794,-0.36302,0.32537,1.4793,0.16161,0.018392,-0.29274,0.56243,0.3591,-0.26062,0.24564,-0.39409,-0.61024,-0.23352,-0.40417,-0.46959,0.45789,-0.074916,0.12149,-0.79923,0.27619,0.19909,-1.3364,0.47668,0.9909,-0.057745,0.91582,0.46617,0.10032,0.25265,-0.36012,-0.42818,-0.3804,-1.3927,-0.015867,0.11311"
192,1384,1384,Monster Hunter Wilds,2246340,far best monster hunter experience since launch date cinematic best immersive gamelan ever play new gen monster hunter also nostalgic seeing old character thu gonna say enjoy game moment no need rush everything,324,191.26666666666668,2026-02-28 16:09:56,"20,000,000 .. 50,000,000","['CAPCOM Co., Ltd.']","['CAPCOM Co., Ltd.']","['Action', 'Adventure', 'RPG']",['windows'],"['Single-player', 'Multi-player', 'Co-op', 'Online Co-op', 'Cross-Platform Multiplayer', 'Steam Achievements', 'Full controller support', 'Steam Trading Cards', 'Adjustable Text Size', 'Camera Comfort', 'Color Alternatives', 'Custom Volume Controls', 'Keyboard Only Option', 'Stereo Sound', 'Subtitle Options', 'Surround Sound', 'Steam Cloud', 'HDR available', 'Family Sharing']","Feb 27, 2025",6999.0,"-0.086666025,0.27308747,0.46065915,-0.17084257,-0.095847026,0.019247368,0.007248991,0.05198322,-0.10751821,-0.049700435,-0.049658146,-0.051218588,0.08282223,-0.06717565,0.118927225,-0.011644024,0.28376707,0.24833685,-0.24257042,0.5125898,0.22709876,0.08256802,-0.012071049,-0.09702431,0.24848677,0.14161874,-0.08163758,-0.24655145,0.10476137,-0.12941578,-0.1927369,0.331303,-0.073896766,0.011851235,0.16614135,-0.025153304,-0.16894306,0.13290592,0.00070790946,-0.32495838,-0.2169105,-0.010611634,0.10782058,-0.094839685,-0.049161486,-0.010516852,0.09920342,-0.32407698,0.17853113,-0.5915785,-0.05720486,-0.14405528,0.11300434,0.66938174,0.03865791,-1.9031178,0.07629709,0.117704324,0.94988436,0.28238165,-0.1718413,0.80292475,-0.32113293,-0.02026458,0.5921439,0.028403968,0.33463597,0.07890388,-0.13068946,-0.028229332,0.13509704,-0.1748379,-0.09777283,-0.10056246,-0.066652745,0.06806812,-0.108787805,-0.10063478,-0.41797653,-0.13124987,0.24870762,-0.11271806,-0.22147594,0.008732003,-0.9911292,-0.03367282,-0.060527947,-0.15907623,-0.1627761,-0.27783364,0.14994662,0.047103383,0.069560654,-0.04736752,-0.26775312,-0.13153291,-0.24021037,-0.18987237,0.32289752,0.17119333"
193,231,231,PUBG: BATTLEGROUNDS,578080,,1,75.51666666666667,2026-02-24 15:37:24,"100,000,000 .. 200,000,000",['PUBG Corporation'],"['KRAFTON, Inc.']","['Action', 'Adventure', 'Massively Multiplayer', 'Free To Play']",['windows'],"['Multi-player', 'PvP', 'Online PvP', 'Stats', 'Remote Play on Phone', 'Remote Play on Tablet']","Dec 21, 2017",,"-0.040383,-0.2132,0.055937,-0.070654,0.4657,0.14988,0.35069,0.38861,1.0382,0.31142,0.43467,1.0776,0.20412,0.11486,-0.15259,-1.2375,0.63977,-0.40243,-0.32668,-0.16361,0.4715,0.097336,-0.3228,0.82284,-0.05374,0.72566,0.077025,0.19049,-1.011,0.063992,-0.42976,0.492,0.3961,-0.22394,-0.32937,-0.68569,-0.038767,1.2796,-0.51853,-0.14503,-0.46248,-0.021891,-0.57194,0.066688,0.36953,0.7507,-0.94705,-0.29925,0.41504,-0.50964,-0.61258,0.20794,0.51331,0.20323,-0.25576,-0.016653,0.36026,0.29747,-0.25774,-0.0073715,-0.6191,-0.16447,-0.28221,0.16458,-0.13794,-0.36302,0.32537,1.4793,0.16161,0.018392,-0.29274,0.56243,0.3591,-0.26062,0.24564,-0.39409,-0.61024,-0.23352,-0.40417,-0.46959,0.45789,-0.074916,0.12149,-0.79923,0.27619,0.19909,-1.3364,0.47668,0.9909,-0.057745,0.91582,0.46617,0.10032,0.25265,-0.36012,-0.42818,-0.3804,-1.3927,-0.015867,0.11311"
194,49,49,Counter-Strike: Global Offensive,730,gun gun,13,17.966666666666665,2026-03-01 23:54:27,"100,000,000 .. 200,000,000",['Valve'],['Valve'],"['Action', 'Free To Play']","['windows', 'linux']","['Multi-player', 'Cross-Platform Multiplayer', 'Steam Trading Cards', 'Steam Workshop', 'In-App Purchases', 'Adjustable Text Size', 'Camera Comfort', 'Color Alternatives', 'Custom Volume Controls', 'Playable without Timed Input', 'Stereo Sound', 'Surround Sound', 'Valve Anti-Cheat enabled', 'Stats', 'Remote Play on Phone', 'Remote Play on Tablet', 'Remote Play on TV', 'Steam Timeline']","Aug 21, 2012",,"-0.28729,-0.095254,-0.36139,-0.61286,-0.27698,0.416,0.26372,-0.1069,0.40407,0.3159,0.13864,-0.16844,-0.36208,0.32007,0.28512,0.37059,0.052905,-0.072461,-1.0186,-0.4615,1.3767,-0.36303,-0.31225,-0.63349,0.36636,0.52482,-0.71736,-0.80763,-0.34027,0.12993,0.45372,0.31682,0.50632,0.89771,0.50934,-0.60228,0.0069813,-0.96375,1.1096,0.14375,0.11657,-0.63407,0.23169,-0.33639,-0.024442,-0.9194,-0.43393,-0.11097,-0.27829,-0.70443,-0.02531,0.37602,-0.60184,1.2622,0.87378,-1.143,-0.067676,-0.67708,1.7419,0.073854,0.51394,0.56644,0.031719,1.5852,0.2822,0.45748,0.63332,0.33781,-0.79455,0.78217,-0.031653,-0.62073,0.71888,0.46371,-0.38381,-0.1815,-0.092197,-0.58996,-1.2758,-0.47347,1.0701,-0.31577,0.4582,-0.48258,-0.93645,-0.33513,-0.4645,-0.76332,0.10732,0.05047,-0.08495,0.1007,0.16588,0.2407,0.0038131,0.031007,-0.34395,0.26926,1.1591,-0.37925"
195,462,462,Team Fortress 2,440,big chung one big one still valve nailed,94,103.88333333333334,2026-02-20 16:00:58,"50,000,000 .. 100,000,000",['Valve'],['Valve'],"['Action', 'Free To Play']","['windows', 'linux']","['Multi-player', 'Cross-Platform Multiplayer', 'Steam Achievements', 'Steam Trading Cards', 'Captions available', 'Steam Workshop', 'In-App Purchases', 'Camera Comfort', 'Color Alternatives', 'Custom Volume Controls', 'Stereo Sound', 'Surround Sound', 'Partial Controller Support', 'Valve Anti-Cheat enabled', 'Stats', 'Includes level editor', 'Commentary available', 'Remote Play on Phone', 'Remote Play on Tablet']","Oct 10, 2007",,"-0.014522754,0.2972725,0.3227275,-0.574345,0.08523625,-0.07431013,0.042539995,0.17228402,0.12611337,-0.20120414,0.3010305,0.30044824,0.22924623,0.20318049,0.03356125,-0.18353625,0.055416234,0.23652989,0.08214763,0.035135,0.37577266,0.14088775,-0.24153103,-0.08637087,0.47393778,-0.05527625,-0.37896726,-0.23753326,-0.088675,-0.056899246,0.04838525,0.405325,0.36784506,0.101931885,-0.04331025,0.16029531,-0.03336362,0.40083396,-0.003219001,-0.15801126,-0.28262234,-0.041319996,0.25417286,-0.26668298,-0.040304005,0.13715576,0.1368052,-0.1629725,-0.11094625,-0.40810776,-0.35293627,-0.3495525,0.14679638,0.6337512,-0.050728746,-2.0568163,-0.08149799,0.14318274,1.2290825,0.5910605,-0.26455623,0.47752124,-0.13405323,0.58290917,0.4305875,-0.16752264,0.5686897,0.37626377,-0.06932375,-0.029348753,-0.1681425,-0.08638976,-0.0060925037,-0.18391898,0.099620625,-0.016496256,-0.08361225,-0.2691285,-0.29480198,0.019909864,0.608305,-0.07181037,-0.49751753,0.047049507,-1.206897,-0.2929837,0.04217799,-0.19185726,-0.07026501,-0.20406936,-0.014429498,0.065651126,-0.24485387,-0.084476374,-0.33686748,-0.07675374,-0.16680272,-0.3938481,0.6434513,0.1368875"
196,1105,1105,Lost Ark,1599340,grateful quit playing june truly fun game great system combat money required push difficult content absolutely ruin game knew going got wonderful hour eventually spending wanted shelved good,319,924.1166666666668,2026-02-22 04:17:29,"50,000,000 .. 100,000,000",['Smilegate RPG'],['Amazon Game Studios'],"['Action', 'Adventure', 'Massively Multiplayer', 'RPG', 'Free To Play']",['windows'],"['Single-player', 'Multi-player', 'MMO', 'PvP', 'Online PvP', 'Co-op', 'Online Co-op', 'Steam Achievements', 'In-App Purchases', 'Adjustable Text Size', 'Camera Comfort', 'Color Alternatives', 'Custom Volume Controls', 'Keyboard Only Option', 'Playable without Timed Input', 'Save Anytime', 'Partial Controller Support']","Feb 11, 2022",,"-0.005535593,0.09916503,0.2741036,-0.22475372,-0.15869379,0.07862445,-0.05766195,0.1821022,-0.04812697,-0.114498034,0.24600807,-0.02204879,-0.017813925,-0.19950435,-0.05504847,-0.2249026,0.08404045,0.29432067,-0.31495932,0.3867151,0.11202193,0.109834984,0.00016885942,-0.24907051,0.079871215,0.078574225,-0.24347532,-0.2535806,0.15181127,-0.0918528,-0.23508522,0.53159076,-0.06381044,-0.13105433,0.12338934,0.10418784,-0.26354873,-0.01214229,-0.1159097,-0.18576981,-0.14740908,-0.052006193,0.24769442,-0.25203174,-0.13086286,-0.074922405,0.15902002,-0.23503302,0.13691321,-0.87507015,0.009119342,-0.13397412,0.029833168,0.76942384,0.05478205,-2.0571961,0.08780836,-0.044843487,1.1965702,0.44192153,-0.11148806,0.58563143,-0.5026035,-0.09547032,0.5617191,0.059342172,0.33710203,0.152241,-0.021388862,-0.20427771,0.23973821,-0.21720536,-0.0431039,-0.08799617,0.089672126,0.19971658,-0.20714125,0.032684892,-0.42141518,0.09525447,0.3372438,0.029794605,-0.34166566,0.0010843666,-1.2862635,-0.04130497,-0.0016241433,-0.035351563,-0.4264266,-0.23850863,-0.13868348,-0.111015804,-0.014982467,-0.011094653,-0.37875205,-0.1533552,-0.10159465,-0.053508885,0.32596424,0.2295512"
197,855,855,Grand Theft Auto V Legacy,271590,best game,9,31.683333333333334,2026-03-01 07:10:12,"50,000,000 .. 100,000,000",['Rockstar North'],['Rockstar Games'],"['Action', 'Adventure']",['windows'],"['Single-player', 'Multi-player', 'PvP', 'Online PvP', 'Co-op', 'Online Co-op', 'Steam Achievements', 'Full controller support', 'Remote Play on Phone', 'Remote Play on Tablet', 'Remote Play on TV']","Apr 13, 2015",,"0.100769505,0.1115165,0.90907,-0.54683995,-0.14543499,0.38199002,0.62703,-0.38478002,-0.83974,-0.1392005,0.16518301,-0.69824,-0.273091,-0.445245,-0.10135,0.332325,0.50006,0.45673,-0.363665,0.83958995,0.28799,0.021398999,0.109651,0.198825,0.94932,-0.205685,-0.1063505,-0.13986501,0.008579999,-0.08611501,-0.68650496,0.78595996,-0.025429994,0.101229504,0.493735,0.021115005,-0.98489,0.603805,-0.64697,-0.45542002,0.413675,0.11107501,0.060261004,-0.174485,-0.078495,0.099866,0.06819999,-0.82077,0.250835,-0.913575,-0.25666,-0.1636245,-0.009490002,0.98747504,0.11011501,-2.9035,-0.071567,0.24184501,1.17975,0.7943445,-0.84306,0.73801994,-0.61724,0.20331399,0.68644005,-0.18473998,0.392775,0.2722695,-0.300775,0.18098499,0.029480003,0.22446251,0.08770001,0.129996,0.121575,0.300975,-0.7375,-0.075610004,-0.0948615,0.140955,0.27578,0.29124,-0.81695503,0.018824995,-1.5669,-0.019604996,-0.338485,-0.11545,-0.095557496,-0.13243,-0.329495,0.18608999,-0.097150005,-0.06243501,-0.46761,-0.047985017,-0.50511503,0.02370499,0.805425,0.425234"
198,693,693,New World: Aeternum,1063730,started time since story changed first release rerelease story meh time lot racist hateful political chatter world chat correct marat verified true statement counter hate propaganda get temp ban discontinuing support game amazon gaming studio made announcement right releasing ton new skin course everyone bought gone game wont accessible end year buying anything amazon gaming studio ever,592,1342.7833333333333,2026-02-08 09:09:30,"50,000,000 .. 100,000,000",['Amazon Game Studios'],['Amazon Game Studios'],"['Action', 'Adventure', 'Massively Multiplayer', 'RPG']",['windows'],"['Multi-player', 'MMO', 'PvP', 'Online PvP', 'Co-op', 'Online Co-op', 'Steam Achievements', 'In-App Purchases', 'Adjustable Text Size', 'Camera Comfort', 'Chat Speech-to-text', 'Chat Text-to-speech', 'Color Alternatives', 'Custom Volume Controls', 'Keyboard Only Option', 'Playable without Timed Input', 'Save Anytime', 'Stereo Sound', 'Subtitle Options', 'Surround Sound', 'Partial Controller Support']","Sep 28, 2021",,"0.04382703,0.061628915,0.31109843,-0.18011057,-0.0076176594,0.108917564,0.0065059518,0.045432657,0.073909424,0.0008013664,0.22628486,0.0033205731,0.1151218,-0.23806024,0.08248523,0.006128381,0.066498116,0.13373639,-0.12914596,0.08313099,0.2830836,0.075496525,0.01343404,0.068468556,0.1166905,-0.032879755,0.017106341,-0.21506065,0.04599576,-0.045950223,-0.040320996,0.40020934,-0.107883714,0.0025585822,0.05208396,0.1862496,-0.21694285,0.062125277,-0.10658182,-0.25879174,-0.20708193,0.023532394,0.06225905,-0.099419974,-0.09243304,-0.11640565,0.009936653,-0.27779558,0.16229409,-0.62842053,0.09290868,0.020404285,0.10289218,0.6453817,-0.1325598,-1.6994586,-0.03920572,-0.023057198,1.1858824,0.2599485,-0.16815643,0.5152625,-0.25203532,-0.13307652,0.49380496,-0.031063303,0.42035156,0.16491307,0.11152861,-0.12850091,0.08433786,-0.11485282,-0.03808659,-0.19300215,-0.07841406,0.076053664,-0.08434393,-0.030056104,-0.60075665,0.024766618,0.2670317,-0.1639622,-0.1834963,0.1446811,-1.0245388,-0.096457,-0.019245328,-0.16017738,-0.12357455,-0.17700467,-0.048234455,0.034090284,-0.065101415,0.032260172,-0.2226962,-0.18463941,-0.13938491,-0.111176744,0.3844415,0.1811963"
199,1551,1551,Warframe,230410,end stop playing game still keep coming back warfare,96,2656.0666666666666,2023-12-03 17:33:24,"20,000,000 .. 50,000,000",['Digital Extremes'],['Digital Extremes'],"['Action', 'RPG', 'Free To Play']",['windows'],"['Single-player', 'Multi-player', 'Co-op', 'Online Co-op', 'Cross-Platform Multiplayer', 'Steam Achievements', 'Full controller support', 'Steam Trading Cards', 'Steam Workshop', 'In-App Purchases', 'Camera Comfort', 'Color Alternatives', 'Custom Volume Controls', 'Playable without Timed Input', 'Stereo Sound', 'Surround Sound', 'Remote Play on Phone', 'Remote Play on Tablet', 'Remote Play on TV', 'HDR available']","Mar 25, 2013",,"-0.038956217,0.1851471,0.43817,-0.39486077,-0.14442033,0.2650243,-0.053527884,0.09728843,-0.18370502,-0.16097665,0.14143312,-0.1801482,0.10957289,0.07637755,0.029116776,-0.17087068,-0.058413114,0.21221712,-0.2640802,0.055436466,0.3774121,0.22611755,0.17545456,-0.021249559,0.3591742,0.01790085,-0.42360774,-0.44880888,0.27552113,-0.10011501,-0.49457788,0.25530225,-0.060046997,-0.13649678,0.144832,-0.05213478,-0.2990029,-0.029274222,-0.05933,-0.23107778,-0.2616252,-0.15291533,0.21276069,-0.23043895,-0.06709978,0.0034804377,0.1812022,-0.3061422,0.22905673,-0.93341666,0.089428335,0.019491114,-0.16703346,1.1360457,0.12767412,-2.4521403,-0.1058211,-0.36541644,1.4324534,0.7016837,-0.1945222,0.6533056,-0.28259888,0.0050673154,0.45398706,0.28873277,0.47399965,0.18076912,-0.24432445,0.015488883,0.08502122,-0.42327735,-0.18441288,-0.39835224,-0.03740867,-0.031298,-0.26654467,0.25639665,-0.54242444,0.11512334,0.5611744,0.02101734,-0.64549327,0.25431597,-1.2718078,0.013493995,-0.20241167,-0.04863067,-0.27108678,-0.13167389,-0.3329488,0.099353105,-0.1129512,0.11736577,-0.41986552,-0.27102223,-0.1460641,0.17809054,0.51346225,0.1953329"
