Unnamed: 0.1,Unnamed: 0,game_name,app_id,review_text,review_length,hours_played,review_date,owners,developers,publishers,genres,platforms,categories,release_date,price,original_final_label,predicted_label
1860,1860,Path of Exile 2,2694490,`,1,10.6,2026-02-26 23:50:27,"20,000,000 .. 50,000,000",['Grinding Gear Games'],['Grinding Gear Games'],"['Action', 'Adventure', 'Massively Multiplayer', 'RPG', 'Early Access']",['windows'],"['Single-player', 'Multi-player', 'MMO', 'Co-op', 'Online Co-op', 'Full controller support', 'HDR available']","Dec 6, 2024",2999.0,neutral,neutral
353,353,Palworld,1623730,incredibly fun and great replayability (i think that's how you spell that word),79,92.01666666666668,2026-02-28 14:33:41,"50,000,000 .. 100,000,000",['Pocketpair'],['Pocketpair'],"['Action', 'Adventure', 'Indie', 'RPG', 'Early Access']",['windows'],"['Single-player', 'Multi-player', 'Co-op', 'Online Co-op', 'Cross-Platform Multiplayer', 'Steam Achievements', 'Full controller support', 'Steam Trading Cards', 'Steam Workshop', 'Steam Cloud', 'Family Sharing']","Jan 18, 2024",2999.0,positive,positive
1333,1333,Monster Hunter Wilds,2246340,I Monster my Hunter till I Wilds,32,113.88333333333334,2026-03-01 10:51:44,"20,000,000 .. 50,000,000","['CAPCOM Co., Ltd.']","['CAPCOM Co., Ltd.']","['Action', 'Adventure', 'RPG']",['windows'],"['Single-player', 'Multi-player', 'Co-op', 'Online Co-op', 'Cross-Platform Multiplayer', 'Steam Achievements', 'Full controller support', 'Steam Trading Cards', 'Adjustable Text Size', 'Camera Comfort', 'Color Alternatives', 'Custom Volume Controls', 'Keyboard Only Option', 'Stereo Sound', 'Subtitle Options', 'Surround Sound', 'Steam Cloud', 'HDR available', 'Family Sharing']","Feb 27, 2025",6999.0,neutral,neutral
905,905,Left 4 Dead 2,550,"This is a really good game if you love Zombie Apocolypse games! Good luck,",74,33.55,2026-03-01 23:18:17,"50,000,000 .. 100,000,000",['Valve'],['Valve'],['Action'],"['windows', 'linux']","['Single-player', 'Multi-player', 'PvP', 'Online PvP', 'Co-op', 'Online Co-op', 'Steam Achievements', 'Full controller support', 'Steam Trading Cards', 'Captions available', 'Steam Workshop', 'Camera Comfort', 'Color Alternatives', 'Custom Volume Controls', 'Adjustable Difficulty', 'Playable without Timed Input', 'Stereo Sound', 'Surround Sound', 'Steam Cloud', 'Valve Anti-Cheat enabled', 'Stats', 'Includes Source SDK', 'Commentary available', 'Remote Play on Phone', 'Remote Play on Tablet', 'Remote Play on TV', 'Remote Play Together', 'Family Sharing', 'Steam Timeline']","Nov 16, 2009",999.0,positive,positive
1289,1289,War Thunder,236390,love the game but it pisses me the ♥♥♥♥ off unlike any other game,65,224.63333333333333,2024-01-15 07:27:11,"20,000,000 .. 50,000,000",['Gaijin Entertainment'],['Gaijin Network Ltd'],"['Action', 'Massively Multiplayer', 'Simulation', 'Free To Play']","['windows', 'mac', 'linux']","['Single-player', 'Multi-player', 'MMO', 'PvP', 'Online PvP', 'Co-op', 'Online Co-op', 'Cross-Platform Multiplayer', 'Steam Achievements', 'Full controller support', 'VR Supported', 'Steam Trading Cards', 'In-App Purchases', 'Adjustable Text Size', 'Camera Comfort', 'Color Alternatives', 'Custom Volume Controls', 'Playable without Timed Input', 'Stereo Sound', 'Surround Sound', 'Remote Play on Phone', 'Remote Play on Tablet']","Aug 15, 2013",,negative,negative
1273,1273,War Thunder,236390,game good,9,1491.0166666666669,2024-05-04 01:46:20,"20,000,000 .. 50,000,000",['Gaijin Entertainment'],['Gaijin Network Ltd'],"['Action', 'Massively Multiplayer', 'Simulation', 'Free To Play']","['windows', 'mac', 'linux']","['Single-player', 'Multi-player', 'MMO', 'PvP', 'Online PvP', 'Co-op', 'Online Co-op', 'Cross-Platform Multiplayer', 'Steam Achievements', 'Full controller support', 'VR Supported', 'Steam Trading Cards', 'In-App Purchases', 'Adjustable Text Size', 'Camera Comfort', 'Color Alternatives', 'Custom Volume Controls', 'Playable without Timed Input', 'Stereo Sound', 'Surround Sound', 'Remote Play on Phone', 'Remote Play on Tablet']","Aug 15, 2013",,positive,positive
938,938,Left 4 Dead 2,550,Best game to play with a full group and stacked workshop mods once every 4 months.,82,8.916666666666666,2026-03-01 10:05:27,"50,000,000 .. 100,000,000",['Valve'],['Valve'],['Action'],"['windows', 'linux']","['Single-player', 'Multi-player', 'PvP', 'Online PvP', 'Co-op', 'Online Co-op', 'Steam Achievements', 'Full controller support', 'Steam Trading Cards', 'Captions available', 'Steam Workshop', 'Camera Comfort', 'Color Alternatives', 'Custom Volume Controls', 'Adjustable Difficulty', 'Playable without Timed Input', 'Stereo Sound', 'Surround Sound', 'Steam Cloud', 'Valve Anti-Cheat enabled', 'Stats', 'Includes Source SDK', 'Commentary available', 'Remote Play on Phone', 'Remote Play on Tablet', 'Remote Play on TV', 'Remote Play Together', 'Family Sharing', 'Steam Timeline']","Nov 16, 2009",999.0,positive,positive
1731,1731,Terraria,105600,mods,4,141.06666666666666,2026-03-01 21:45:46,"20,000,000 .. 50,000,000",['Re-Logic'],['Re-Logic'],"['Action', 'Adventure', 'Indie', 'RPG']","['windows', 'mac', 'linux']","['Single-player', 'Multi-player', 'PvP', 'Online PvP', 'Co-op', 'Online Co-op', 'Steam Achievements', 'Full controller support', 'Steam Trading Cards', 'Steam Cloud', 'Remote Play on Phone', 'Remote Play on Tablet', 'Remote Play on TV', 'Family Sharing']","May 16, 2011",999.0,neutral,neutral
65,65,Counter-Strike: Global Offensive,730,WERY GOOD GSME,14,938.3666666666668,2026-03-01 23:08:40,"100,000,000 .. 200,000,000",['Valve'],['Valve'],"['Action', 'Free To Play']","['windows', 'linux']","['Multi-player', 'Cross-Platform Multiplayer', 'Steam Trading Cards', 'Steam Workshop', 'In-App Purchases', 'Adjustable Text Size', 'Camera Comfort', 'Color Alternatives', 'Custom Volume Controls', 'Playable without Timed Input', 'Stereo Sound', 'Surround Sound', 'Valve Anti-Cheat enabled', 'Stats', 'Remote Play on Phone', 'Remote Play on Tablet', 'Remote Play on TV', 'Steam Timeline']","Aug 21, 2012",,positive,positive
1323,1323,Monster Hunter Wilds,2246340,"cheff kiss
",12,30.15,2026-03-01 13:55:36,"20,000,000 .. 50,000,000","['CAPCOM Co., Ltd.']","['CAPCOM Co., Ltd.']","['Action', 'Adventure', 'RPG']",['windows'],"['Single-player', 'Multi-player', 'Co-op', 'Online Co-op', 'Cross-Platform Multiplayer', 'Steam Achievements', 'Full controller support', 'Steam Trading Cards', 'Adjustable Text Size', 'Camera Comfort', 'Color Alternatives', 'Custom Volume Controls', 'Keyboard Only Option', 'Stereo Sound', 'Subtitle Options', 'Surround Sound', 'Steam Cloud', 'HDR available', 'Family Sharing']","Feb 27, 2025",6999.0,neutral,neutral
56,56,Counter-Strike: Global Offensive,730,valve pls anti cheat,20,121.35,2026-03-01 23:34:47,"100,000,000 .. 200,000,000",['Valve'],['Valve'],"['Action', 'Free To Play']","['windows', 'linux']","['Multi-player', 'Cross-Platform Multiplayer', 'Steam Trading Cards', 'Steam Workshop', 'In-App Purchases', 'Adjustable Text Size', 'Camera Comfort', 'Color Alternatives', 'Custom Volume Controls', 'Playable without Timed Input', 'Stereo Sound', 'Surround Sound', 'Valve Anti-Cheat enabled', 'Stats', 'Remote Play on Phone', 'Remote Play on Tablet', 'Remote Play on TV', 'Steam Timeline']","Aug 21, 2012",,negative,neutral
1292,1292,War Thunder,236390,best game EVER,14,1382.6833333333334,2024-01-01 21:15:08,"20,000,000 .. 50,000,000",['Gaijin Entertainment'],['Gaijin Network Ltd'],"['Action', 'Massively Multiplayer', 'Simulation', 'Free To Play']","['windows', 'mac', 'linux']","['Single-player', 'Multi-player', 'MMO', 'PvP', 'Online PvP', 'Co-op', 'Online Co-op', 'Cross-Platform Multiplayer', 'Steam Achievements', 'Full controller support', 'VR Supported', 'Steam Trading Cards', 'In-App Purchases', 'Adjustable Text Size', 'Camera Comfort', 'Color Alternatives', 'Custom Volume Controls', 'Playable without Timed Input', 'Stereo Sound', 'Surround Sound', 'Remote Play on Phone', 'Remote Play on Tablet']","Aug 15, 2013",,positive,positive
1118,1118,Lost Ark,1599340,I'm addicted and I cant stop playing,36,16997.7,2026-02-06 16:55:01,"50,000,000 .. 100,000,000",['Smilegate RPG'],['Amazon Game Studios'],"['Action', 'Adventure', 'Massively Multiplayer', 'RPG', 'Free To Play']",['windows'],"['Single-player', 'Multi-player', 'MMO', 'PvP', 'Online PvP', 'Co-op', 'Online Co-op', 'Steam Achievements', 'In-App Purchases', 'Adjustable Text Size', 'Camera Comfort', 'Color Alternatives', 'Custom Volume Controls', 'Keyboard Only Option', 'Playable without Timed Input', 'Save Anytime', 'Partial Controller Support']","Feb 11, 2022",,positive,positive
584,584,Call of Duty: Modern Warfare II,1938090,cod slop,8,110.96666666666668,2026-02-27 03:42:48,"50,000,000 .. 100,000,000","['Treyarch', 'Raven Software', 'Beenox', 'High Moon Studios', 'Sledgehammer Games', 'Infinity Ward', 'Activision Shanghai', 'Demonware']",['Activision'],['Action'],['windows'],"['Single-player', 'Multi-player', 'PvP', 'Online PvP', 'Co-op', 'Online Co-op', 'Cross-Platform Multiplayer', 'Steam Achievements', 'Captions available', 'In-App Purchases', 'Adjustable Text Size', 'Camera Comfort', 'Color Alternatives', 'Custom Volume Controls', 'Playable without Timed Input', 'Stereo Sound', 'Subtitle Options', 'Surround Sound', 'Partial Controller Support', 'HDR available']","Oct 27, 2022",,neutral,negative
374,374,Palworld,1623730,"Catch some Pals, for your Pals!",31,171.48333333333332,2026-02-28 01:22:09,"50,000,000 .. 100,000,000",['Pocketpair'],['Pocketpair'],"['Action', 'Adventure', 'Indie', 'RPG', 'Early Access']",['windows'],"['Single-player', 'Multi-player', 'Co-op', 'Online Co-op', 'Cross-Platform Multiplayer', 'Steam Achievements', 'Full controller support', 'Steam Trading Cards', 'Steam Workshop', 'Steam Cloud', 'Family Sharing']","Jan 18, 2024",2999.0,neutral,neutral
275,275,PUBG: BATTLEGROUNDS,578080,The best,8,2583.95,2026-02-19 07:23:44,"100,000,000 .. 200,000,000",['PUBG Corporation'],"['KRAFTON, Inc.']","['Action', 'Adventure', 'Massively Multiplayer', 'Free To Play']",['windows'],"['Multi-player', 'PvP', 'Online PvP', 'Stats', 'Remote Play on Phone', 'Remote Play on Tablet']","Dec 21, 2017",,positive,positive
746,746,Black Myth: Wukong,2358720,"Again, I wish there was a middle option.

The game has so much potential but it didn't manage to grab me, but I know other people will love it. Journey to the West is a great story and the devs capture the essence of the things I love most about Chinese culture with the journal entries and the characters. 

But the combat and the linearity of a souls-like comes back to undermine the narrative. Combat feels too light and weightless, I'm never quite sure if I'm dodging and attack, and the heavy attack feels wrong.

The linearity is forgiveable but as an Elden Ring fan, I find being boxed into a set path boring and unchallenging with the pacing dictated by the devs personal opinion on the game flow, rather than mine. Elden Ring, was like Gothic and Risen with brutal difficulty curves but with a Souls respawn instead of reloading an old save.

I would strongly recommend anyone who loves Souls games and wants to be like Monkey from the 80's show.",963,7.783333333333333,2026-03-01 00:06:50,"50,000,000 .. 100,000,000",['Game Science'],['Game Science'],"['Action', 'Adventure', 'RPG']",['windows'],"['Single-player', 'Steam Achievements', 'Full controller support', 'Steam Trading Cards', 'Playable without Timed Input', 'Stereo Sound', 'Surround Sound', 'Steam Cloud', 'Family Sharing']","Aug 19, 2024",5999.0,positive,positive
128,128,Apex Legends,1172470,Noder good game,15,1111.3333333333333,2025-06-05 16:35:39,"100,000,000 .. 200,000,000",['Respawn'],['Electronic Arts'],"['Action', 'Adventure', 'Free To Play']",['windows'],"['Multi-player', 'PvP', 'Online PvP', 'Co-op', 'Online Co-op', 'Steam Achievements', 'Full controller support', 'Steam Trading Cards', 'In-App Purchases', 'Chat Speech-to-text', 'Playable without Timed Input']","Nov 4, 2020",,positive,positive
1646,1646,ELDEN RING,1245620,10/10 game worth 60 bucks,25,84.38333333333334,2026-03-01 14:54:24,"20,000,000 .. 50,000,000","['FromSoftware, Inc.']","['FromSoftware, Inc.', 'Bandai Namco Entertainment']","['Action', 'RPG']",['windows'],"['Single-player', 'Multi-player', 'PvP', 'Online PvP', 'Co-op', 'Online Co-op', 'Steam Achievements', 'Full controller support', 'Steam Trading Cards', 'Camera Comfort', 'Custom Volume Controls', 'Playable without Timed Input', 'Save Anytime', 'Stereo Sound', 'Surround Sound', 'Steam Cloud', 'Family Sharing']","Feb 24, 2022",5999.0,positive,positive
1852,1852,Path of Exile 2,2694490,"LOOOOVVVVEEEEEDDDDDDDD POE1!! 

But man this game runs like sh**. Instances like to break, lags happen alot(not my connection im on fiber). 
Hope they work on it alot but right now Diablo 4 makes this game seem like a$$.",220,53.21666666666667,2026-02-27 06:13:12,"20,000,000 .. 50,000,000",['Grinding Gear Games'],['Grinding Gear Games'],"['Action', 'Adventure', 'Massively Multiplayer', 'RPG', 'Early Access']",['windows'],"['Single-player', 'Multi-player', 'MMO', 'Co-op', 'Online Co-op', 'Full controller support', 'HDR available']","Dec 6, 2024",2999.0,negative,negative
674,674,New World: Aeternum,1063730,"Amazing game, fun playing solo or with friends !!!!",51,278.28333333333336,2026-02-12 21:56:04,"50,000,000 .. 100,000,000",['Amazon Game Studios'],['Amazon Game Studios'],"['Action', 'Adventure', 'Massively Multiplayer', 'RPG']",['windows'],"['Multi-player', 'MMO', 'PvP', 'Online PvP', 'Co-op', 'Online Co-op', 'Steam Achievements', 'In-App Purchases', 'Adjustable Text Size', 'Camera Comfort', 'Chat Speech-to-text', 'Chat Text-to-speech', 'Color Alternatives', 'Custom Volume Controls', 'Keyboard Only Option', 'Playable without Timed Input', 'Save Anytime', 'Stereo Sound', 'Subtitle Options', 'Surround Sound', 'Partial Controller Support']","Sep 28, 2021",,positive,positive
1664,1664,ELDEN RING,1245620,"This game is painful in everyway possible, but this game makes it fun",69,17.066666666666666,2026-03-01 09:36:15,"20,000,000 .. 50,000,000","['FromSoftware, Inc.']","['FromSoftware, Inc.', 'Bandai Namco Entertainment']","['Action', 'RPG']",['windows'],"['Single-player', 'Multi-player', 'PvP', 'Online PvP', 'Co-op', 'Online Co-op', 'Steam Achievements', 'Full controller support', 'Steam Trading Cards', 'Camera Comfort', 'Custom Volume Controls', 'Playable without Timed Input', 'Save Anytime', 'Stereo Sound', 'Surround Sound', 'Steam Cloud', 'Family Sharing']","Feb 24, 2022",5999.0,negative,negative
1981,1981,Wallpaper Engine,431960,"For a long time this was my most played ""game"", not more to say",63,33.31666666666667,2026-03-01 03:36:36,"20,000,000 .. 50,000,000",['Wallpaper Engine Team'],['Wallpaper Engine Team'],"['Casual', 'Indie', 'Animation & Modeling', 'Design & Illustration', 'Photo Editing', 'Utilities']",['windows'],"['Steam Achievements', 'Steam Trading Cards', 'Steam Workshop', 'Steam Workshop', 'Includes level editor']","Nov 16, 2018",499.0,negative,positive
1083,1083,Unturned,304930,i wish there was a mutiplare,28,65.98333333333333,2023-02-26 23:08:41,"50,000,000 .. 100,000,000",['Smartly Dressed Games'],['Smartly Dressed Games'],"['Action', 'Adventure', 'Casual', 'Indie', 'Free To Play']","['windows', 'mac', 'linux']","['Single-player', 'Multi-player', 'PvP', 'Online PvP', 'LAN PvP', 'Co-op', 'Online Co-op', 'LAN Co-op', 'Steam Achievements', 'Steam Trading Cards', 'Steam Workshop', 'In-App Purchases', 'Camera Comfort', 'Custom Volume Controls', 'Adjustable Difficulty', 'Playable without Timed Input', 'Stereo Sound', 'Steam Cloud', 'Valve Anti-Cheat enabled', 'Stats', 'Includes level editor', 'Remote Play on Tablet']","Jul 7, 2017",,neutral,negative
1922,1922,Wallpaper Engine,431960,wallpaper,9,6.333333333333333,2026-03-01 21:55:05,"20,000,000 .. 50,000,000",['Wallpaper Engine Team'],['Wallpaper Engine Team'],"['Casual', 'Indie', 'Animation & Modeling', 'Design & Illustration', 'Photo Editing', 'Utilities']",['windows'],"['Steam Achievements', 'Steam Trading Cards', 'Steam Workshop', 'Steam Workshop', 'Includes level editor']","Nov 16, 2018",499.0,neutral,neutral
99,99,Counter-Strike: Global Offensive,730,"good, but the anti cheats is suck",33,93.78333333333332,2026-03-01 21:57:58,"100,000,000 .. 200,000,000",['Valve'],['Valve'],"['Action', 'Free To Play']","['windows', 'linux']","['Multi-player', 'Cross-Platform Multiplayer', 'Steam Trading Cards', 'Steam Workshop', 'In-App Purchases', 'Adjustable Text Size', 'Camera Comfort', 'Color Alternatives', 'Custom Volume Controls', 'Playable without Timed Input', 'Stereo Sound', 'Surround Sound', 'Valve Anti-Cheat enabled', 'Stats', 'Remote Play on Phone', 'Remote Play on Tablet', 'Remote Play on TV', 'Steam Timeline']","Aug 21, 2012",,negative,negative
1179,1179,Lost Ark,1599340,Very badly designed game and the devs are new to gaming.,56,118.58333333333331,2025-12-01 05:56:20,"50,000,000 .. 100,000,000",['Smilegate RPG'],['Amazon Game Studios'],"['Action', 'Adventure', 'Massively Multiplayer', 'RPG', 'Free To Play']",['windows'],"['Single-player', 'Multi-player', 'MMO', 'PvP', 'Online PvP', 'Co-op', 'Online Co-op', 'Steam Achievements', 'In-App Purchases', 'Adjustable Text Size', 'Camera Comfort', 'Color Alternatives', 'Custom Volume Controls', 'Keyboard Only Option', 'Playable without Timed Input', 'Save Anytime', 'Partial Controller Support']","Feb 11, 2022",,negative,negative
964,964,Left 4 Dead 2,550,good game but no left 4 dead 3 yet,34,52.28333333333333,2026-03-01 00:58:13,"50,000,000 .. 100,000,000",['Valve'],['Valve'],['Action'],"['windows', 'linux']","['Single-player', 'Multi-player', 'PvP', 'Online PvP', 'Co-op', 'Online Co-op', 'Steam Achievements', 'Full controller support', 'Steam Trading Cards', 'Captions available', 'Steam Workshop', 'Camera Comfort', 'Color Alternatives', 'Custom Volume Controls', 'Adjustable Difficulty', 'Playable without Timed Input', 'Stereo Sound', 'Surround Sound', 'Steam Cloud', 'Valve Anti-Cheat enabled', 'Stats', 'Includes Source SDK', 'Commentary available', 'Remote Play on Phone', 'Remote Play on Tablet', 'Remote Play on TV', 'Remote Play Together', 'Family Sharing', 'Steam Timeline']","Nov 16, 2009",999.0,positive,positive
792,792,Black Myth: Wukong,2358720,good,4,39.583333333333336,2026-02-27 12:32:40,"50,000,000 .. 100,000,000",['Game Science'],['Game Science'],"['Action', 'Adventure', 'RPG']",['windows'],"['Single-player', 'Steam Achievements', 'Full controller support', 'Steam Trading Cards', 'Playable without Timed Input', 'Stereo Sound', 'Surround Sound', 'Steam Cloud', 'Family Sharing']","Aug 19, 2024",5999.0,positive,positive
29,29,Counter-Strike: Global Offensive,730,best game awful anticheat tho,29,178.06666666666666,2026-03-02 00:39:44,"100,000,000 .. 200,000,000",['Valve'],['Valve'],"['Action', 'Free To Play']","['windows', 'linux']","['Multi-player', 'Cross-Platform Multiplayer', 'Steam Trading Cards', 'Steam Workshop', 'In-App Purchases', 'Adjustable Text Size', 'Camera Comfort', 'Color Alternatives', 'Custom Volume Controls', 'Playable without Timed Input', 'Stereo Sound', 'Surround Sound', 'Valve Anti-Cheat enabled', 'Stats', 'Remote Play on Phone', 'Remote Play on Tablet', 'Remote Play on TV', 'Steam Timeline']","Aug 21, 2012",,negative,positive
628,628,New World: Aeternum,1063730,"So only got to play this for seven hours, and they are already shutting it down.... Vaporware and no refund at this point.",122,7.65,2026-02-25 05:36:06,"50,000,000 .. 100,000,000",['Amazon Game Studios'],['Amazon Game Studios'],"['Action', 'Adventure', 'Massively Multiplayer', 'RPG']",['windows'],"['Multi-player', 'MMO', 'PvP', 'Online PvP', 'Co-op', 'Online Co-op', 'Steam Achievements', 'In-App Purchases', 'Adjustable Text Size', 'Camera Comfort', 'Chat Speech-to-text', 'Chat Text-to-speech', 'Color Alternatives', 'Custom Volume Controls', 'Keyboard Only Option', 'Playable without Timed Input', 'Save Anytime', 'Stereo Sound', 'Subtitle Options', 'Surround Sound', 'Partial Controller Support']","Sep 28, 2021",,negative,negative
944,944,Left 4 Dead 2,550,"Good 
",7,4.2,2026-03-01 08:22:08,"50,000,000 .. 100,000,000",['Valve'],['Valve'],['Action'],"['windows', 'linux']","['Single-player', 'Multi-player', 'PvP', 'Online PvP', 'Co-op', 'Online Co-op', 'Steam Achievements', 'Full controller support', 'Steam Trading Cards', 'Captions available', 'Steam Workshop', 'Camera Comfort', 'Color Alternatives', 'Custom Volume Controls', 'Adjustable Difficulty', 'Playable without Timed Input', 'Stereo Sound', 'Surround Sound', 'Steam Cloud', 'Valve Anti-Cheat enabled', 'Stats', 'Includes Source SDK', 'Commentary available', 'Remote Play on Phone', 'Remote Play on Tablet', 'Remote Play on TV', 'Remote Play Together', 'Family Sharing', 'Steam Timeline']","Nov 16, 2009",999.0,positive,positive
572,572,Call of Duty: Modern Warfare II,1938090,"This is the absolute worst COD ever made. I'm never buying another call of duty ever again. BO6 actually wasn't bad, but BO7 was horrendous. Whoever the ♥♥♥♥ made this game should be disemboweled and and strangled with their entrails.",234,153.36666666666667,2026-02-27 19:35:57,"50,000,000 .. 100,000,000","['Treyarch', 'Raven Software', 'Beenox', 'High Moon Studios', 'Sledgehammer Games', 'Infinity Ward', 'Activision Shanghai', 'Demonware']",['Activision'],['Action'],['windows'],"['Single-player', 'Multi-player', 'PvP', 'Online PvP', 'Co-op', 'Online Co-op', 'Cross-Platform Multiplayer', 'Steam Achievements', 'Captions available', 'In-App Purchases', 'Adjustable Text Size', 'Camera Comfort', 'Color Alternatives', 'Custom Volume Controls', 'Playable without Timed Input', 'Stereo Sound', 'Subtitle Options', 'Surround Sound', 'Partial Controller Support', 'HDR available']","Oct 27, 2022",,negative,negative
907,907,Left 4 Dead 2,550,"I mean, it's Left 4 Dead 2.",27,41.16666666666666,2026-03-01 22:12:01,"50,000,000 .. 100,000,000",['Valve'],['Valve'],['Action'],"['windows', 'linux']","['Single-player', 'Multi-player', 'PvP', 'Online PvP', 'Co-op', 'Online Co-op', 'Steam Achievements', 'Full controller support', 'Steam Trading Cards', 'Captions available', 'Steam Workshop', 'Camera Comfort', 'Color Alternatives', 'Custom Volume Controls', 'Adjustable Difficulty', 'Playable without Timed Input', 'Stereo Sound', 'Surround Sound', 'Steam Cloud', 'Valve Anti-Cheat enabled', 'Stats', 'Includes Source SDK', 'Commentary available', 'Remote Play on Phone', 'Remote Play on Tablet', 'Remote Play on TV', 'Remote Play Together', 'Family Sharing', 'Steam Timeline']","Nov 16, 2009",999.0,negative,neutral
1080,1080,Unturned,304930, ok,3,44.15,2023-03-19 12:51:17,"50,000,000 .. 100,000,000",['Smartly Dressed Games'],['Smartly Dressed Games'],"['Action', 'Adventure', 'Casual', 'Indie', 'Free To Play']","['windows', 'mac', 'linux']","['Single-player', 'Multi-player', 'PvP', 'Online PvP', 'LAN PvP', 'Co-op', 'Online Co-op', 'LAN Co-op', 'Steam Achievements', 'Steam Trading Cards', 'Steam Workshop', 'In-App Purchases', 'Camera Comfort', 'Custom Volume Controls', 'Adjustable Difficulty', 'Playable without Timed Input', 'Stereo Sound', 'Steam Cloud', 'Valve Anti-Cheat enabled', 'Stats', 'Includes level editor', 'Remote Play on Tablet']","Jul 7, 2017",,positive,neutral
450,450,Team Fortress 2,440,"most fun game i have ever played, if youre looking for a not serious fps where you can have fun, look here
",108,295.01666666666665,2026-02-22 18:32:58,"50,000,000 .. 100,000,000",['Valve'],['Valve'],"['Action', 'Free To Play']","['windows', 'linux']","['Multi-player', 'Cross-Platform Multiplayer', 'Steam Achievements', 'Steam Trading Cards', 'Captions available', 'Steam Workshop', 'In-App Purchases', 'Camera Comfort', 'Color Alternatives', 'Custom Volume Controls', 'Stereo Sound', 'Surround Sound', 'Partial Controller Support', 'Valve Anti-Cheat enabled', 'Stats', 'Includes level editor', 'Commentary available', 'Remote Play on Phone', 'Remote Play on Tablet']","Oct 10, 2007",,positive,positive
1609,1609,ELDEN RING,1245620,"Margit, the perfect teacher!",28,6.883333333333334,2026-03-01 23:07:44,"20,000,000 .. 50,000,000","['FromSoftware, Inc.']","['FromSoftware, Inc.', 'Bandai Namco Entertainment']","['Action', 'RPG']",['windows'],"['Single-player', 'Multi-player', 'PvP', 'Online PvP', 'Co-op', 'Online Co-op', 'Steam Achievements', 'Full controller support', 'Steam Trading Cards', 'Camera Comfort', 'Custom Volume Controls', 'Playable without Timed Input', 'Save Anytime', 'Stereo Sound', 'Surround Sound', 'Steam Cloud', 'Family Sharing']","Feb 24, 2022",5999.0,positive,positive
1290,1290,War Thunder,236390,I ♥♥♥♥♥♥♥ hate using AIM-9P's,29,986.3333333333334,2024-01-14 01:11:05,"20,000,000 .. 50,000,000",['Gaijin Entertainment'],['Gaijin Network Ltd'],"['Action', 'Massively Multiplayer', 'Simulation', 'Free To Play']","['windows', 'mac', 'linux']","['Single-player', 'Multi-player', 'MMO', 'PvP', 'Online PvP', 'Co-op', 'Online Co-op', 'Cross-Platform Multiplayer', 'Steam Achievements', 'Full controller support', 'VR Supported', 'Steam Trading Cards', 'In-App Purchases', 'Adjustable Text Size', 'Camera Comfort', 'Color Alternatives', 'Custom Volume Controls', 'Playable without Timed Input', 'Stereo Sound', 'Surround Sound', 'Remote Play on Phone', 'Remote Play on Tablet']","Aug 15, 2013",,negative,negative
1078,1078,Unturned,304930,.,1,21.58333333333333,2023-04-05 22:35:56,"50,000,000 .. 100,000,000",['Smartly Dressed Games'],['Smartly Dressed Games'],"['Action', 'Adventure', 'Casual', 'Indie', 'Free To Play']","['windows', 'mac', 'linux']","['Single-player', 'Multi-player', 'PvP', 'Online PvP', 'LAN PvP', 'Co-op', 'Online Co-op', 'LAN Co-op', 'Steam Achievements', 'Steam Trading Cards', 'Steam Workshop', 'In-App Purchases', 'Camera Comfort', 'Custom Volume Controls', 'Adjustable Difficulty', 'Playable without Timed Input', 'Stereo Sound', 'Steam Cloud', 'Valve Anti-Cheat enabled', 'Stats', 'Includes level editor', 'Remote Play on Tablet']","Jul 7, 2017",,neutral,neutral
254,254,PUBG: BATTLEGROUNDS,578080,W,1,126.35,2026-02-22 02:48:51,"100,000,000 .. 200,000,000",['PUBG Corporation'],"['KRAFTON, Inc.']","['Action', 'Adventure', 'Massively Multiplayer', 'Free To Play']",['windows'],"['Multi-player', 'PvP', 'Online PvP', 'Stats', 'Remote Play on Phone', 'Remote Play on Tablet']","Dec 21, 2017",,neutral,neutral
124,124,Apex Legends,1172470,Best gunfeel across any FPS I have touched.,43,1583.1,2025-06-29 21:01:44,"100,000,000 .. 200,000,000",['Respawn'],['Electronic Arts'],"['Action', 'Adventure', 'Free To Play']",['windows'],"['Multi-player', 'PvP', 'Online PvP', 'Co-op', 'Online Co-op', 'Steam Achievements', 'Full controller support', 'Steam Trading Cards', 'In-App Purchases', 'Chat Speech-to-text', 'Playable without Timed Input']","Nov 4, 2020",,positive,positive
1927,1927,Wallpaper Engine,431960,goated,6,394.7166666666666,2026-03-01 20:43:06,"20,000,000 .. 50,000,000",['Wallpaper Engine Team'],['Wallpaper Engine Team'],"['Casual', 'Indie', 'Animation & Modeling', 'Design & Illustration', 'Photo Editing', 'Utilities']",['windows'],"['Steam Achievements', 'Steam Trading Cards', 'Steam Workshop', 'Steam Workshop', 'Includes level editor']","Nov 16, 2018",499.0,neutral,positive
251,251,PUBG: BATTLEGROUNDS,578080,Nice game,9,107.5,2026-02-22 11:19:42,"100,000,000 .. 200,000,000",['PUBG Corporation'],"['KRAFTON, Inc.']","['Action', 'Adventure', 'Massively Multiplayer', 'Free To Play']",['windows'],"['Multi-player', 'PvP', 'Online PvP', 'Stats', 'Remote Play on Phone', 'Remote Play on Tablet']","Dec 21, 2017",,positive,positive
585,585,Call of Duty: Modern Warfare II,1938090,its bad on steam only I've been facing an issue nor steam or Activision helped me,81,73.95,2026-02-27 03:35:56,"50,000,000 .. 100,000,000","['Treyarch', 'Raven Software', 'Beenox', 'High Moon Studios', 'Sledgehammer Games', 'Infinity Ward', 'Activision Shanghai', 'Demonware']",['Activision'],['Action'],['windows'],"['Single-player', 'Multi-player', 'PvP', 'Online PvP', 'Co-op', 'Online Co-op', 'Cross-Platform Multiplayer', 'Steam Achievements', 'Captions available', 'In-App Purchases', 'Adjustable Text Size', 'Camera Comfort', 'Color Alternatives', 'Custom Volume Controls', 'Playable without Timed Input', 'Stereo Sound', 'Subtitle Options', 'Surround Sound', 'Partial Controller Support', 'HDR available']","Oct 27, 2022",,negative,negative
1568,1568,Warframe,230410,Fast paced chaos,16,9.033333333333331,2022-10-11 21:08:18,"20,000,000 .. 50,000,000",['Digital Extremes'],['Digital Extremes'],"['Action', 'RPG', 'Free To Play']",['windows'],"['Single-player', 'Multi-player', 'Co-op', 'Online Co-op', 'Cross-Platform Multiplayer', 'Steam Achievements', 'Full controller support', 'Steam Trading Cards', 'Steam Workshop', 'In-App Purchases', 'Camera Comfort', 'Color Alternatives', 'Custom Volume Controls', 'Playable without Timed Input', 'Stereo Sound', 'Surround Sound', 'Remote Play on Phone', 'Remote Play on Tablet', 'Remote Play on TV', 'HDR available']","Mar 25, 2013",,positive,neutral
824,824,Grand Theft Auto V Legacy,271590,One of the best games OAT could play for an eternity. GTA 6 Probably wont be as generational as this but hey. Will always be my fav games to ever first experience.,163,11.0,2026-03-01 18:22:08,"50,000,000 .. 100,000,000",['Rockstar North'],['Rockstar Games'],"['Action', 'Adventure']",['windows'],"['Single-player', 'Multi-player', 'PvP', 'Online PvP', 'Co-op', 'Online Co-op', 'Steam Achievements', 'Full controller support', 'Remote Play on Phone', 'Remote Play on Tablet', 'Remote Play on TV']","Apr 13, 2015",,positive,positive
507,507,Call of Duty: Modern Warfare II,1938090,god this game series is so ♥♥♥♥♥♥♥♥,35,196.0833333333333,2026-03-01 20:12:18,"50,000,000 .. 100,000,000","['Treyarch', 'Raven Software', 'Beenox', 'High Moon Studios', 'Sledgehammer Games', 'Infinity Ward', 'Activision Shanghai', 'Demonware']",['Activision'],['Action'],['windows'],"['Single-player', 'Multi-player', 'PvP', 'Online PvP', 'Co-op', 'Online Co-op', 'Cross-Platform Multiplayer', 'Steam Achievements', 'Captions available', 'In-App Purchases', 'Adjustable Text Size', 'Camera Comfort', 'Color Alternatives', 'Custom Volume Controls', 'Playable without Timed Input', 'Stereo Sound', 'Subtitle Options', 'Surround Sound', 'Partial Controller Support', 'HDR available']","Oct 27, 2022",,positive,positive
889,889,Grand Theft Auto V Legacy,271590,1. very good 2. dont play base game is boringgggggggggggggggggggggggggggggy unless online or lspdfr,99,21.25,2026-02-28 18:44:22,"50,000,000 .. 100,000,000",['Rockstar North'],['Rockstar Games'],"['Action', 'Adventure']",['windows'],"['Single-player', 'Multi-player', 'PvP', 'Online PvP', 'Co-op', 'Online Co-op', 'Steam Achievements', 'Full controller support', 'Remote Play on Phone', 'Remote Play on Tablet', 'Remote Play on TV']","Apr 13, 2015",,negative,positive
70,70,Counter-Strike: Global Offensive,730,toooooooo good,14,27.5,2026-03-01 23:00:25,"100,000,000 .. 200,000,000",['Valve'],['Valve'],"['Action', 'Free To Play']","['windows', 'linux']","['Multi-player', 'Cross-Platform Multiplayer', 'Steam Trading Cards', 'Steam Workshop', 'In-App Purchases', 'Adjustable Text Size', 'Camera Comfort', 'Color Alternatives', 'Custom Volume Controls', 'Playable without Timed Input', 'Stereo Sound', 'Surround Sound', 'Valve Anti-Cheat enabled', 'Stats', 'Remote Play on Phone', 'Remote Play on Tablet', 'Remote Play on TV', 'Steam Timeline']","Aug 21, 2012",,positive,positive
1608,1608,ELDEN RING,1245620,"The best game about a ring, ever made",37,111.53333333333332,2026-03-01 23:11:53,"20,000,000 .. 50,000,000","['FromSoftware, Inc.']","['FromSoftware, Inc.', 'Bandai Namco Entertainment']","['Action', 'RPG']",['windows'],"['Single-player', 'Multi-player', 'PvP', 'Online PvP', 'Co-op', 'Online Co-op', 'Steam Achievements', 'Full controller support', 'Steam Trading Cards', 'Camera Comfort', 'Custom Volume Controls', 'Playable without Timed Input', 'Save Anytime', 'Stereo Sound', 'Surround Sound', 'Steam Cloud', 'Family Sharing']","Feb 24, 2022",5999.0,positive,positive
1532,1532,Warframe,230410,Yes it is a good game there is so much to do.,45,237.4333333333333,2024-10-05 09:43:20,"20,000,000 .. 50,000,000",['Digital Extremes'],['Digital Extremes'],"['Action', 'RPG', 'Free To Play']",['windows'],"['Single-player', 'Multi-player', 'Co-op', 'Online Co-op', 'Cross-Platform Multiplayer', 'Steam Achievements', 'Full controller support', 'Steam Trading Cards', 'Steam Workshop', 'In-App Purchases', 'Camera Comfort', 'Color Alternatives', 'Custom Volume Controls', 'Playable without Timed Input', 'Stereo Sound', 'Surround Sound', 'Remote Play on Phone', 'Remote Play on Tablet', 'Remote Play on TV', 'HDR available']","Mar 25, 2013",,positive,positive
247,247,PUBG: BATTLEGROUNDS,578080,очень крутая игра,17,1654.5833333333333,2026-02-22 21:25:11,"100,000,000 .. 200,000,000",['PUBG Corporation'],"['KRAFTON, Inc.']","['Action', 'Adventure', 'Massively Multiplayer', 'Free To Play']",['windows'],"['Multi-player', 'PvP', 'Online PvP', 'Stats', 'Remote Play on Phone', 'Remote Play on Tablet']","Dec 21, 2017",,neutral,neutral
1450,1450,HELLDIVERS 2,553850,"I love this game, sadly it doesn't even work, it shuts down my pc everytime i try just playing it, or in the best of the cases it just barely works, what an UNDEMOCRATIC port (btw this is the only game that shuts down my pc, i even can play bodycam at 75 fps)",259,25.55,2026-03-01 21:05:18,"20,000,000 .. 50,000,000",['Arrowhead Game Studios'],['PlayStation Publishing LLC'],['Action'],['windows'],"['Multi-player', 'Co-op', 'Online Co-op', 'Steam Achievements', 'In-App Purchases', 'Adjustable Text Size', 'Camera Comfort', 'Chat Speech-to-text', 'Chat Text-to-speech', 'Color Alternatives', 'Custom Volume Controls', 'Adjustable Difficulty', 'Narrated Game Menus', 'Playable without Timed Input', 'Stereo Sound', 'Subtitle Options', 'Surround Sound', 'Partial Controller Support', 'Family Sharing']","Feb 8, 2024",3999.0,negative,negative
212,212,PUBG: BATTLEGROUNDS,578080,Loot Die Loot Die,17,762.75,2026-02-28 04:09:34,"100,000,000 .. 200,000,000",['PUBG Corporation'],"['KRAFTON, Inc.']","['Action', 'Adventure', 'Massively Multiplayer', 'Free To Play']",['windows'],"['Multi-player', 'PvP', 'Online PvP', 'Stats', 'Remote Play on Phone', 'Remote Play on Tablet']","Dec 21, 2017",,negative,negative
909,909,Left 4 Dead 2,550,yuh,3,4.583333333333333,2026-03-01 21:07:51,"50,000,000 .. 100,000,000",['Valve'],['Valve'],['Action'],"['windows', 'linux']","['Single-player', 'Multi-player', 'PvP', 'Online PvP', 'Co-op', 'Online Co-op', 'Steam Achievements', 'Full controller support', 'Steam Trading Cards', 'Captions available', 'Steam Workshop', 'Camera Comfort', 'Color Alternatives', 'Custom Volume Controls', 'Adjustable Difficulty', 'Playable without Timed Input', 'Stereo Sound', 'Surround Sound', 'Steam Cloud', 'Valve Anti-Cheat enabled', 'Stats', 'Includes Source SDK', 'Commentary available', 'Remote Play on Phone', 'Remote Play on Tablet', 'Remote Play on TV', 'Remote Play Together', 'Family Sharing', 'Steam Timeline']","Nov 16, 2009",999.0,neutral,neutral
1741,1741,Terraria,105600,its really fun,14,7.35,2026-03-01 20:50:08,"20,000,000 .. 50,000,000",['Re-Logic'],['Re-Logic'],"['Action', 'Adventure', 'Indie', 'RPG']","['windows', 'mac', 'linux']","['Single-player', 'Multi-player', 'PvP', 'Online PvP', 'Co-op', 'Online Co-op', 'Steam Achievements', 'Full controller support', 'Steam Trading Cards', 'Steam Cloud', 'Remote Play on Phone', 'Remote Play on Tablet', 'Remote Play on TV', 'Family Sharing']","May 16, 2011",999.0,positive,positive
1244,1244,War Thunder,236390,vary skill based with a vary high learning carve gind is worse than world of tanks,82,91.76666666666668,2025-02-08 23:35:20,"20,000,000 .. 50,000,000",['Gaijin Entertainment'],['Gaijin Network Ltd'],"['Action', 'Massively Multiplayer', 'Simulation', 'Free To Play']","['windows', 'mac', 'linux']","['Single-player', 'Multi-player', 'MMO', 'PvP', 'Online PvP', 'Co-op', 'Online Co-op', 'Cross-Platform Multiplayer', 'Steam Achievements', 'Full controller support', 'VR Supported', 'Steam Trading Cards', 'In-App Purchases', 'Adjustable Text Size', 'Camera Comfort', 'Color Alternatives', 'Custom Volume Controls', 'Playable without Timed Input', 'Stereo Sound', 'Surround Sound', 'Remote Play on Phone', 'Remote Play on Tablet']","Aug 15, 2013",,negative,negative
1696,1696,ELDEN RING,1245620,This is the game of all time.,29,228.9,2026-03-01 00:36:30,"20,000,000 .. 50,000,000","['FromSoftware, Inc.']","['FromSoftware, Inc.', 'Bandai Namco Entertainment']","['Action', 'RPG']",['windows'],"['Single-player', 'Multi-player', 'PvP', 'Online PvP', 'Co-op', 'Online Co-op', 'Steam Achievements', 'Full controller support', 'Steam Trading Cards', 'Camera Comfort', 'Custom Volume Controls', 'Playable without Timed Input', 'Save Anytime', 'Stereo Sound', 'Surround Sound', 'Steam Cloud', 'Family Sharing']","Feb 24, 2022",5999.0,positive,positive
1182,1182,Lost Ark,1599340,"Tbh, it’s one of the games with the best combat feel I’ve ever played. Especially when Slayer came out the character’s skills and sword were so satisfying that I could’ve turned all my alts into Slayers. But after a certain point, the game became unplayable because of gatekeeping. I quit about two years ago, but I wanted to come back and take a look.

But what I saw was the same thing again. The game was full of bots. When I last quit, it was pay-to-win, but now it has basically become pay-to-play. You literally can’t move without spending money. And you’re still forced to do your dailies with every character like some kind of slave. I don’t understand how a company can ignore its players this much. Even putting that aside, why are the bosses still so punishing? With this much gatekeeping and such a solid foundation for a great game, why not just make the game actually playable?

I mean, you can’t even find a group for the bosses you need to fight every week to upgrade certain items, sometimes spending hours, days, or even weeks trying. Some people just quit in the later stages because they don’t want to bother. The old raid is meaningless, the gameplay feels pointless. The sense of progression drops so much after a certain gear score that I can’t even find a single reason to keep playing this game.

Honestly, it’s one of the rare games with really great level and combat design in my eyes, but I think it will shut down eventually like New World, so I’d say don’t bother at all. Especially expecting anything reasonable from these developers is more pointless than just sitting at home and waiting for your GPU to evolve itself.",1651,1136.3666666666666,2025-11-27 21:42:22,"50,000,000 .. 100,000,000",['Smilegate RPG'],['Amazon Game Studios'],"['Action', 'Adventure', 'Massively Multiplayer', 'RPG', 'Free To Play']",['windows'],"['Single-player', 'Multi-player', 'MMO', 'PvP', 'Online PvP', 'Co-op', 'Online Co-op', 'Steam Achievements', 'In-App Purchases', 'Adjustable Text Size', 'Camera Comfort', 'Color Alternatives', 'Custom Volume Controls', 'Keyboard Only Option', 'Playable without Timed Input', 'Save Anytime', 'Partial Controller Support']","Feb 11, 2022",,negative,positive
361,361,Palworld,1623730,pretty fun,10,93.86666666666666,2026-02-28 09:00:27,"50,000,000 .. 100,000,000",['Pocketpair'],['Pocketpair'],"['Action', 'Adventure', 'Indie', 'RPG', 'Early Access']",['windows'],"['Single-player', 'Multi-player', 'Co-op', 'Online Co-op', 'Cross-Platform Multiplayer', 'Steam Achievements', 'Full controller support', 'Steam Trading Cards', 'Steam Workshop', 'Steam Cloud', 'Family Sharing']","Jan 18, 2024",2999.0,positive,positive
1473,1473,HELLDIVERS 2,553850,FOR SUPER EARTH!!!!!!!!!,24,42.05,2026-03-01 19:19:42,"20,000,000 .. 50,000,000",['Arrowhead Game Studios'],['PlayStation Publishing LLC'],['Action'],['windows'],"['Multi-player', 'Co-op', 'Online Co-op', 'Steam Achievements', 'In-App Purchases', 'Adjustable Text Size', 'Camera Comfort', 'Chat Speech-to-text', 'Chat Text-to-speech', 'Color Alternatives', 'Custom Volume Controls', 'Adjustable Difficulty', 'Narrated Game Menus', 'Playable without Timed Input', 'Stereo Sound', 'Subtitle Options', 'Surround Sound', 'Partial Controller Support', 'Family Sharing']","Feb 8, 2024",3999.0,positive,positive
678,678,New World: Aeternum,1063730,Great game for both casual and hardcore players! Wish it wasn't coming to an end.,81,213.6,2026-02-12 05:27:08,"50,000,000 .. 100,000,000",['Amazon Game Studios'],['Amazon Game Studios'],"['Action', 'Adventure', 'Massively Multiplayer', 'RPG']",['windows'],"['Multi-player', 'MMO', 'PvP', 'Online PvP', 'Co-op', 'Online Co-op', 'Steam Achievements', 'In-App Purchases', 'Adjustable Text Size', 'Camera Comfort', 'Chat Speech-to-text', 'Chat Text-to-speech', 'Color Alternatives', 'Custom Volume Controls', 'Keyboard Only Option', 'Playable without Timed Input', 'Save Anytime', 'Stereo Sound', 'Subtitle Options', 'Surround Sound', 'Partial Controller Support']","Sep 28, 2021",,positive,positive
1621,1621,ELDEN RING,1245620,"try fingers, but hole",21,817.35,2026-03-01 20:34:22,"20,000,000 .. 50,000,000","['FromSoftware, Inc.']","['FromSoftware, Inc.', 'Bandai Namco Entertainment']","['Action', 'RPG']",['windows'],"['Single-player', 'Multi-player', 'PvP', 'Online PvP', 'Co-op', 'Online Co-op', 'Steam Achievements', 'Full controller support', 'Steam Trading Cards', 'Camera Comfort', 'Custom Volume Controls', 'Playable without Timed Input', 'Save Anytime', 'Stereo Sound', 'Surround Sound', 'Steam Cloud', 'Family Sharing']","Feb 24, 2022",5999.0,neutral,neutral
1089,1089,Unturned,304930,Great game but play on gravity semi RP (best server),52,1158.7166666666667,2023-01-10 23:15:55,"50,000,000 .. 100,000,000",['Smartly Dressed Games'],['Smartly Dressed Games'],"['Action', 'Adventure', 'Casual', 'Indie', 'Free To Play']","['windows', 'mac', 'linux']","['Single-player', 'Multi-player', 'PvP', 'Online PvP', 'LAN PvP', 'Co-op', 'Online Co-op', 'LAN Co-op', 'Steam Achievements', 'Steam Trading Cards', 'Steam Workshop', 'In-App Purchases', 'Camera Comfort', 'Custom Volume Controls', 'Adjustable Difficulty', 'Playable without Timed Input', 'Stereo Sound', 'Steam Cloud', 'Valve Anti-Cheat enabled', 'Stats', 'Includes level editor', 'Remote Play on Tablet']","Jul 7, 2017",,positive,positive
1987,1987,Wallpaper Engine,431960,Good free Static and Dynamic backgrounds. Works with little to no issue :thumbsup:,82,12.766666666666667,2026-03-01 01:41:49,"20,000,000 .. 50,000,000",['Wallpaper Engine Team'],['Wallpaper Engine Team'],"['Casual', 'Indie', 'Animation & Modeling', 'Design & Illustration', 'Photo Editing', 'Utilities']",['windows'],"['Steam Achievements', 'Steam Trading Cards', 'Steam Workshop', 'Steam Workshop', 'Includes level editor']","Nov 16, 2018",499.0,positive,positive
1847,1847,Path of Exile 2,2694490,Gotta love when the devs slowly remove everything fun about a game and just leave a meaningless incrimental number grind behind,127,375.45,2026-02-27 15:51:54,"20,000,000 .. 50,000,000",['Grinding Gear Games'],['Grinding Gear Games'],"['Action', 'Adventure', 'Massively Multiplayer', 'RPG', 'Early Access']",['windows'],"['Single-player', 'Multi-player', 'MMO', 'Co-op', 'Online Co-op', 'Full controller support', 'HDR available']","Dec 6, 2024",2999.0,negative,negative
987,987,Left 4 Dead 2,550,I love this game and it still is very good and fun after all these years,72,12.883333333333333,2026-02-28 11:26:37,"50,000,000 .. 100,000,000",['Valve'],['Valve'],['Action'],"['windows', 'linux']","['Single-player', 'Multi-player', 'PvP', 'Online PvP', 'Co-op', 'Online Co-op', 'Steam Achievements', 'Full controller support', 'Steam Trading Cards', 'Captions available', 'Steam Workshop', 'Camera Comfort', 'Color Alternatives', 'Custom Volume Controls', 'Adjustable Difficulty', 'Playable without Timed Input', 'Stereo Sound', 'Surround Sound', 'Steam Cloud', 'Valve Anti-Cheat enabled', 'Stats', 'Includes Source SDK', 'Commentary available', 'Remote Play on Phone', 'Remote Play on Tablet', 'Remote Play on TV', 'Remote Play Together', 'Family Sharing', 'Steam Timeline']","Nov 16, 2009",999.0,positive,positive
1512,1512,Warframe,230410,Its a good game with great scenarios and mission,48,46.48333333333333,2025-07-28 03:34:04,"20,000,000 .. 50,000,000",['Digital Extremes'],['Digital Extremes'],"['Action', 'RPG', 'Free To Play']",['windows'],"['Single-player', 'Multi-player', 'Co-op', 'Online Co-op', 'Cross-Platform Multiplayer', 'Steam Achievements', 'Full controller support', 'Steam Trading Cards', 'Steam Workshop', 'In-App Purchases', 'Camera Comfort', 'Color Alternatives', 'Custom Volume Controls', 'Playable without Timed Input', 'Stereo Sound', 'Surround Sound', 'Remote Play on Phone', 'Remote Play on Tablet', 'Remote Play on TV', 'HDR available']","Mar 25, 2013",,positive,positive
111,111,Apex Legends,1172470,jhhhghhhhhhhhhhh i hate reviews vsv rfvg zdsrfg        z               z z z z z z z z z z z z z z z z z z z z,110,122.13333333333334,2025-09-11 02:31:08,"100,000,000 .. 200,000,000",['Respawn'],['Electronic Arts'],"['Action', 'Adventure', 'Free To Play']",['windows'],"['Multi-player', 'PvP', 'Online PvP', 'Co-op', 'Online Co-op', 'Steam Achievements', 'Full controller support', 'Steam Trading Cards', 'In-App Purchases', 'Chat Speech-to-text', 'Playable without Timed Input']","Nov 4, 2020",,negative,negative
1487,1487,HELLDIVERS 2,553850,DEMOCRACY !!!,13,38.03333333333333,2026-03-01 18:13:00,"20,000,000 .. 50,000,000",['Arrowhead Game Studios'],['PlayStation Publishing LLC'],['Action'],['windows'],"['Multi-player', 'Co-op', 'Online Co-op', 'Steam Achievements', 'In-App Purchases', 'Adjustable Text Size', 'Camera Comfort', 'Chat Speech-to-text', 'Chat Text-to-speech', 'Color Alternatives', 'Custom Volume Controls', 'Adjustable Difficulty', 'Narrated Game Menus', 'Playable without Timed Input', 'Stereo Sound', 'Subtitle Options', 'Surround Sound', 'Partial Controller Support', 'Family Sharing']","Feb 8, 2024",3999.0,neutral,neutral
1453,1453,HELLDIVERS 2,553850,"Game is fun, mainly if you have friends, solo is kinda tough.",61,24.98333333333333,2026-03-01 20:45:37,"20,000,000 .. 50,000,000",['Arrowhead Game Studios'],['PlayStation Publishing LLC'],['Action'],['windows'],"['Multi-player', 'Co-op', 'Online Co-op', 'Steam Achievements', 'In-App Purchases', 'Adjustable Text Size', 'Camera Comfort', 'Chat Speech-to-text', 'Chat Text-to-speech', 'Color Alternatives', 'Custom Volume Controls', 'Adjustable Difficulty', 'Narrated Game Menus', 'Playable without Timed Input', 'Stereo Sound', 'Subtitle Options', 'Surround Sound', 'Partial Controller Support', 'Family Sharing']","Feb 8, 2024",3999.0,positive,positive
383,383,Palworld,1623730,Always something to do. Good for those who enjoy adventure and building,71,73.16666666666667,2026-02-27 20:48:55,"50,000,000 .. 100,000,000",['Pocketpair'],['Pocketpair'],"['Action', 'Adventure', 'Indie', 'RPG', 'Early Access']",['windows'],"['Single-player', 'Multi-player', 'Co-op', 'Online Co-op', 'Cross-Platform Multiplayer', 'Steam Achievements', 'Full controller support', 'Steam Trading Cards', 'Steam Workshop', 'Steam Cloud', 'Family Sharing']","Jan 18, 2024",2999.0,positive,positive
1395,1395,Monster Hunter Wilds,2246340,"I have played every Monster Hunter games since tri. I love Monster Hunter games, I love the challenge, I love seeing the monsters ""live"" in the enviroments, I love the weapons and the combat, the cooking, the online community. We had wholesome and hard hunts in mh4u, even when none of us could talk to eachother, cause no one in the lobby could speak english.

MH: Wilds is by far the worst and least enjoyable MH game I have ever played. MH: Online was better than this, And I can't read chinese. I didn't know what was happening half the time.

The combat is great. IMO the graphics are really nice. I think the Seikret is a good addition and the areas are great.

But this is not a true MH game. It feels like Final Fantasy, painted in MH colours. I don't want to disable items, I want to throw them out of the inventory! The story is incredibly annoying. We lost the MH language and the palico can SHUT UP for all I care.
And the worst of it is the Gogamizos fight. It's an easy battle, but the dps check is completely unnecessary. Yes, we had DPS checks in all games. Yes its an established thing in the MH games, but it was always something special. In mh4u, you could at least scale the walls during the ultimate attack, you got cannons and railways and it felt like something was at stake.

And worst of all, this game runs badly. If you want an MH game to play, go play World.",1386,141.41666666666666,2026-02-28 12:20:34,"20,000,000 .. 50,000,000","['CAPCOM Co., Ltd.']","['CAPCOM Co., Ltd.']","['Action', 'Adventure', 'RPG']",['windows'],"['Single-player', 'Multi-player', 'Co-op', 'Online Co-op', 'Cross-Platform Multiplayer', 'Steam Achievements', 'Full controller support', 'Steam Trading Cards', 'Adjustable Text Size', 'Camera Comfort', 'Color Alternatives', 'Custom Volume Controls', 'Keyboard Only Option', 'Stereo Sound', 'Subtitle Options', 'Surround Sound', 'Steam Cloud', 'HDR available', 'Family Sharing']","Feb 27, 2025",6999.0,negative,positive
1054,1054,Unturned,304930,amazing and now a nostalgic game to me! have played since the Alpha when there wasnt much in the game and only one map to play!,127,26.6,2023-11-21 22:51:22,"50,000,000 .. 100,000,000",['Smartly Dressed Games'],['Smartly Dressed Games'],"['Action', 'Adventure', 'Casual', 'Indie', 'Free To Play']","['windows', 'mac', 'linux']","['Single-player', 'Multi-player', 'PvP', 'Online PvP', 'LAN PvP', 'Co-op', 'Online Co-op', 'LAN Co-op', 'Steam Achievements', 'Steam Trading Cards', 'Steam Workshop', 'In-App Purchases', 'Camera Comfort', 'Custom Volume Controls', 'Adjustable Difficulty', 'Playable without Timed Input', 'Stereo Sound', 'Steam Cloud', 'Valve Anti-Cheat enabled', 'Stats', 'Includes level editor', 'Remote Play on Tablet']","Jul 7, 2017",,positive,positive
755,755,Black Myth: Wukong,2358720,"At first it is a really tough game but after you get through the first chapter, it is extremely rewarding and satisfying. The story is excellent as it follows Chinese mythology and the combat system is unlike any game I have personally played. I believe this game is one of the best games I have played in a really long time. Would 10/10 recommend.",348,49.3,2026-02-28 16:59:56,"50,000,000 .. 100,000,000",['Game Science'],['Game Science'],"['Action', 'Adventure', 'RPG']",['windows'],"['Single-player', 'Steam Achievements', 'Full controller support', 'Steam Trading Cards', 'Playable without Timed Input', 'Stereo Sound', 'Surround Sound', 'Steam Cloud', 'Family Sharing']","Aug 19, 2024",5999.0,positive,positive
324,324,Palworld,1623730,gud,3,93.5,2026-03-01 10:47:23,"50,000,000 .. 100,000,000",['Pocketpair'],['Pocketpair'],"['Action', 'Adventure', 'Indie', 'RPG', 'Early Access']",['windows'],"['Single-player', 'Multi-player', 'Co-op', 'Online Co-op', 'Cross-Platform Multiplayer', 'Steam Achievements', 'Full controller support', 'Steam Trading Cards', 'Steam Workshop', 'Steam Cloud', 'Family Sharing']","Jan 18, 2024",2999.0,neutral,positive
1623,1623,ELDEN RING,1245620,uhh this game makes me mad,26,3.7666666666666666,2026-03-01 20:01:42,"20,000,000 .. 50,000,000","['FromSoftware, Inc.']","['FromSoftware, Inc.', 'Bandai Namco Entertainment']","['Action', 'RPG']",['windows'],"['Single-player', 'Multi-player', 'PvP', 'Online PvP', 'Co-op', 'Online Co-op', 'Steam Achievements', 'Full controller support', 'Steam Trading Cards', 'Camera Comfort', 'Custom Volume Controls', 'Playable without Timed Input', 'Save Anytime', 'Stereo Sound', 'Surround Sound', 'Steam Cloud', 'Family Sharing']","Feb 24, 2022",5999.0,negative,negative
787,787,Black Myth: Wukong,2358720,One of best game I ever played.,31,78.51666666666667,2026-02-27 15:00:45,"50,000,000 .. 100,000,000",['Game Science'],['Game Science'],"['Action', 'Adventure', 'RPG']",['windows'],"['Single-player', 'Steam Achievements', 'Full controller support', 'Steam Trading Cards', 'Playable without Timed Input', 'Stereo Sound', 'Surround Sound', 'Steam Cloud', 'Family Sharing']","Aug 19, 2024",5999.0,positive,positive
368,368,Palworld,1623730,"hi
",4,87.01666666666667,2026-02-28 03:47:57,"50,000,000 .. 100,000,000",['Pocketpair'],['Pocketpair'],"['Action', 'Adventure', 'Indie', 'RPG', 'Early Access']",['windows'],"['Single-player', 'Multi-player', 'Co-op', 'Online Co-op', 'Cross-Platform Multiplayer', 'Steam Achievements', 'Full controller support', 'Steam Trading Cards', 'Steam Workshop', 'Steam Cloud', 'Family Sharing']","Jan 18, 2024",2999.0,neutral,neutral
1819,1819,Path of Exile 2,2694490,Johnathan,9,1132.4833333333331,2026-03-01 05:04:49,"20,000,000 .. 50,000,000",['Grinding Gear Games'],['Grinding Gear Games'],"['Action', 'Adventure', 'Massively Multiplayer', 'RPG', 'Early Access']",['windows'],"['Single-player', 'Multi-player', 'MMO', 'Co-op', 'Online Co-op', 'Full controller support', 'HDR available']","Dec 6, 2024",2999.0,neutral,neutral
69,69,Counter-Strike: Global Offensive,730,"I can't stop.

HELP.",22,1301.1166666666666,2026-03-01 23:01:47,"100,000,000 .. 200,000,000",['Valve'],['Valve'],"['Action', 'Free To Play']","['windows', 'linux']","['Multi-player', 'Cross-Platform Multiplayer', 'Steam Trading Cards', 'Steam Workshop', 'In-App Purchases', 'Adjustable Text Size', 'Camera Comfort', 'Color Alternatives', 'Custom Volume Controls', 'Playable without Timed Input', 'Stereo Sound', 'Surround Sound', 'Valve Anti-Cheat enabled', 'Stats', 'Remote Play on Phone', 'Remote Play on Tablet', 'Remote Play on TV', 'Steam Timeline']","Aug 21, 2012",,positive,neutral
857,857,Grand Theft Auto V Legacy,271590,.,1,86.85,2026-03-01 06:50:25,"50,000,000 .. 100,000,000",['Rockstar North'],['Rockstar Games'],"['Action', 'Adventure']",['windows'],"['Single-player', 'Multi-player', 'PvP', 'Online PvP', 'Co-op', 'Online Co-op', 'Steam Achievements', 'Full controller support', 'Remote Play on Phone', 'Remote Play on Tablet', 'Remote Play on TV']","Apr 13, 2015",,neutral,neutral
1483,1483,HELLDIVERS 2,553850,FOR SUPEREARTH!!,16,104.03333333333332,2026-03-01 18:42:16,"20,000,000 .. 50,000,000",['Arrowhead Game Studios'],['PlayStation Publishing LLC'],['Action'],['windows'],"['Multi-player', 'Co-op', 'Online Co-op', 'Steam Achievements', 'In-App Purchases', 'Adjustable Text Size', 'Camera Comfort', 'Chat Speech-to-text', 'Chat Text-to-speech', 'Color Alternatives', 'Custom Volume Controls', 'Adjustable Difficulty', 'Narrated Game Menus', 'Playable without Timed Input', 'Stereo Sound', 'Subtitle Options', 'Surround Sound', 'Partial Controller Support', 'Family Sharing']","Feb 8, 2024",3999.0,neutral,positive
1555,1555,Warframe,230410,Grinding constantly enjoyable,29,287.1333333333333,2023-08-27 18:57:33,"20,000,000 .. 50,000,000",['Digital Extremes'],['Digital Extremes'],"['Action', 'RPG', 'Free To Play']",['windows'],"['Single-player', 'Multi-player', 'Co-op', 'Online Co-op', 'Cross-Platform Multiplayer', 'Steam Achievements', 'Full controller support', 'Steam Trading Cards', 'Steam Workshop', 'In-App Purchases', 'Camera Comfort', 'Color Alternatives', 'Custom Volume Controls', 'Playable without Timed Input', 'Stereo Sound', 'Surround Sound', 'Remote Play on Phone', 'Remote Play on Tablet', 'Remote Play on TV', 'HDR available']","Mar 25, 2013",,positive,positive
1691,1691,ELDEN RING,1245620,"Malenia and Ranni are both so bad and they both get me rock hard
",66,38.03333333333333,2026-03-01 01:13:03,"20,000,000 .. 50,000,000","['FromSoftware, Inc.']","['FromSoftware, Inc.', 'Bandai Namco Entertainment']","['Action', 'RPG']",['windows'],"['Single-player', 'Multi-player', 'PvP', 'Online PvP', 'Co-op', 'Online Co-op', 'Steam Achievements', 'Full controller support', 'Steam Trading Cards', 'Camera Comfort', 'Custom Volume Controls', 'Playable without Timed Input', 'Save Anytime', 'Stereo Sound', 'Surround Sound', 'Steam Cloud', 'Family Sharing']","Feb 24, 2022",5999.0,negative,negative
1474,1474,HELLDIVERS 2,553850,Unironically the best video game I have ever played.,52,23.9,2026-03-01 19:18:09,"20,000,000 .. 50,000,000",['Arrowhead Game Studios'],['PlayStation Publishing LLC'],['Action'],['windows'],"['Multi-player', 'Co-op', 'Online Co-op', 'Steam Achievements', 'In-App Purchases', 'Adjustable Text Size', 'Camera Comfort', 'Chat Speech-to-text', 'Chat Text-to-speech', 'Color Alternatives', 'Custom Volume Controls', 'Adjustable Difficulty', 'Narrated Game Menus', 'Playable without Timed Input', 'Stereo Sound', 'Subtitle Options', 'Surround Sound', 'Partial Controller Support', 'Family Sharing']","Feb 8, 2024",3999.0,positive,positive
1798,1798,Terraria,105600,"a bit like minecraft, but better. when i started i got lucky and ran into loads of useful items but other people might be very confused because this game is not friendly for newbies. most bosses are ok but please make skeletron prime and skeletron less tanky i find them rlly hard. other than that the gameplay is fun. would definately reccomend",345,13.15,2026-03-01 13:12:11,"20,000,000 .. 50,000,000",['Re-Logic'],['Re-Logic'],"['Action', 'Adventure', 'Indie', 'RPG']","['windows', 'mac', 'linux']","['Single-player', 'Multi-player', 'PvP', 'Online PvP', 'Co-op', 'Online Co-op', 'Steam Achievements', 'Full controller support', 'Steam Trading Cards', 'Steam Cloud', 'Remote Play on Phone', 'Remote Play on Tablet', 'Remote Play on TV', 'Family Sharing']","May 16, 2011",999.0,positive,positive
478,478,Team Fortress 2,440,Great way to pass the time.,27,3355.5666666666666,2026-02-17 18:30:55,"50,000,000 .. 100,000,000",['Valve'],['Valve'],"['Action', 'Free To Play']","['windows', 'linux']","['Multi-player', 'Cross-Platform Multiplayer', 'Steam Achievements', 'Steam Trading Cards', 'Captions available', 'Steam Workshop', 'In-App Purchases', 'Camera Comfort', 'Color Alternatives', 'Custom Volume Controls', 'Stereo Sound', 'Surround Sound', 'Partial Controller Support', 'Valve Anti-Cheat enabled', 'Stats', 'Includes level editor', 'Commentary available', 'Remote Play on Phone', 'Remote Play on Tablet']","Oct 10, 2007",,positive,positive
281,281,PUBG: BATTLEGROUNDS,578080,"STUFF
",7,2138.4,2026-02-19 02:11:49,"100,000,000 .. 200,000,000",['PUBG Corporation'],"['KRAFTON, Inc.']","['Action', 'Adventure', 'Massively Multiplayer', 'Free To Play']",['windows'],"['Multi-player', 'PvP', 'Online PvP', 'Stats', 'Remote Play on Phone', 'Remote Play on Tablet']","Dec 21, 2017",,neutral,neutral
1647,1647,ELDEN RING,1245620,best game ever made,19,115.68333333333334,2026-03-01 13:44:34,"20,000,000 .. 50,000,000","['FromSoftware, Inc.']","['FromSoftware, Inc.', 'Bandai Namco Entertainment']","['Action', 'RPG']",['windows'],"['Single-player', 'Multi-player', 'PvP', 'Online PvP', 'Co-op', 'Online Co-op', 'Steam Achievements', 'Full controller support', 'Steam Trading Cards', 'Camera Comfort', 'Custom Volume Controls', 'Playable without Timed Input', 'Save Anytime', 'Stereo Sound', 'Surround Sound', 'Steam Cloud', 'Family Sharing']","Feb 24, 2022",5999.0,positive,positive
1556,1556,Warframe,230410,"I've been playing Warframe since Gauss update, which is around 2019 or so. Awesome fast paced looter shooter game.

I don't usually play third person shooter games with photo-realistic design like these, but this one is an exception. The Warframe designs which are like bio mechas are amazing, the gameplay is really fun, and it's not just about the guns, it also have melees and warframes abilities, which combines into unique builds. You can also change your warframes functionalities like strength, durations and range with mods and such. The cinematic stories are phenomenal and I still praise them till this day. The game also has a lot of game modes, which we will also come to this later. The game also has amazingly friendly comunity as well. This game is FREE TO PLAY while having AAA game level of designs, and you can grind premium currency ingame pretty easily.

HOWEVER the game is quite grindy, which is the least worst thing on the list.
You want to play with new stuffs NOW, but you have to wait 3 days for it to finish crafting, which kills off the hype.
Every content updates brings you new game modes, which is another content island that has barely anything to do with the rest of the game, with materials that once you have everything you can craft with that materials will, with no doubt, never want to have anything to do with that game mode ever again. Although a lot of content updates adds a lot of refreshing new game modes and well, contents, they all feel so different that it feels like another game entirely. Every time.
The game also lacks a form of ""endgame content"". By that I don't mean sitting in Survival for 2 hours killing level 9999 foot soldiers. By that I mean actual hard bosses. Assassinate missions are a joke, the bosses are forgettable, save for Eidolons, Orbs and Ropalolyst, which are not available for majority of the player unless they grind really hard to unlock them, not to mention actually be able to beat them. Railjacks are fun for the first hour or so, but it's also another content island which you don't want to have anything to do with. Asides from those, Liches and Sisters hunts are actually quite fun, challenging and memorable as a boss, and does give some nice uses or Raijacks as their dramatic final confrontation. The new Orowyrm in Duviri Paradox is also quite something too, but wayy too easy.
I stopped playing Warframe around The New War, but it's still fun enough to keep me coming back to the game occasionally because of the fun gameplay, the mechanics deep under it keeps pushing me away, and every updates with new game modes keep getting me dumbfounded of what is going on and what to do every time I return.

TLDR: very fun game with fun gameplay, but once you look deeper, you will see a mess behind the mechanics.",2795,2193.016666666667,2023-07-24 18:34:55,"20,000,000 .. 50,000,000",['Digital Extremes'],['Digital Extremes'],"['Action', 'RPG', 'Free To Play']",['windows'],"['Single-player', 'Multi-player', 'Co-op', 'Online Co-op', 'Cross-Platform Multiplayer', 'Steam Achievements', 'Full controller support', 'Steam Trading Cards', 'Steam Workshop', 'In-App Purchases', 'Camera Comfort', 'Color Alternatives', 'Custom Volume Controls', 'Playable without Timed Input', 'Stereo Sound', 'Surround Sound', 'Remote Play on Phone', 'Remote Play on Tablet', 'Remote Play on TV', 'HDR available']","Mar 25, 2013",,positive,positive
1729,1729,Terraria,105600,"i see the boulders and chest underneath them, easy i think, then i die becuase i didnt know it would explode.",109,81.05,2026-03-01 21:58:42,"20,000,000 .. 50,000,000",['Re-Logic'],['Re-Logic'],"['Action', 'Adventure', 'Indie', 'RPG']","['windows', 'mac', 'linux']","['Single-player', 'Multi-player', 'PvP', 'Online PvP', 'Co-op', 'Online Co-op', 'Steam Achievements', 'Full controller support', 'Steam Trading Cards', 'Steam Cloud', 'Remote Play on Phone', 'Remote Play on Tablet', 'Remote Play on TV', 'Family Sharing']","May 16, 2011",999.0,negative,negative
210,210,PUBG: BATTLEGROUNDS,578080,"Still a ♥♥♥♥♥♥ game with ♥♥♥♥♥♥ mechanics with ♥♥♥♥♥♥ cheaters with ♥♥♥♥♥♥ slow asf movment and wayyyy to small/fast zones for map size, literally the game is all about getting into zone and nothing else. Shame, was so much fun when it first came out.",251,348.56666666666666,2026-02-28 10:59:18,"100,000,000 .. 200,000,000",['PUBG Corporation'],"['KRAFTON, Inc.']","['Action', 'Adventure', 'Massively Multiplayer', 'Free To Play']",['windows'],"['Multi-player', 'PvP', 'Online PvP', 'Stats', 'Remote Play on Phone', 'Remote Play on Tablet']","Dec 21, 2017",,negative,negative
297,297,PUBG: BATTLEGROUNDS,578080,nice,4,362.2,2026-02-17 11:52:08,"100,000,000 .. 200,000,000",['PUBG Corporation'],"['KRAFTON, Inc.']","['Action', 'Adventure', 'Massively Multiplayer', 'Free To Play']",['windows'],"['Multi-player', 'PvP', 'Online PvP', 'Stats', 'Remote Play on Phone', 'Remote Play on Tablet']","Dec 21, 2017",,positive,positive
1884,1884,Path of Exile 2,2694490,"Flawed, broken in places, but worth the price of the Early Access Supporter Pack. There's plenty to do to keep you busy for a hundred hours or more.",148,100.41666666666669,2026-02-26 17:03:06,"20,000,000 .. 50,000,000",['Grinding Gear Games'],['Grinding Gear Games'],"['Action', 'Adventure', 'Massively Multiplayer', 'RPG', 'Early Access']",['windows'],"['Single-player', 'Multi-player', 'MMO', 'Co-op', 'Online Co-op', 'Full controller support', 'HDR available']","Dec 6, 2024",2999.0,positive,positive
1833,1833,Path of Exile 2,2694490,HMM,3,114.55,2026-02-28 05:20:21,"20,000,000 .. 50,000,000",['Grinding Gear Games'],['Grinding Gear Games'],"['Action', 'Adventure', 'Massively Multiplayer', 'RPG', 'Early Access']",['windows'],"['Single-player', 'Multi-player', 'MMO', 'Co-op', 'Online Co-op', 'Full controller support', 'HDR available']","Dec 6, 2024",2999.0,neutral,neutral
651,651,New World: Aeternum,1063730,"Game is fun to play. used to play in Hype days and release but now it's just hard to start it again. along with the servers marging and pvp amazon did a good job creating a game like this, gathering and pve are super fun! pvp requires discord calls and a balanced team with bomb squad to win. will try it again soon!",316,329.56666666666666,2026-02-19 08:45:29,"50,000,000 .. 100,000,000",['Amazon Game Studios'],['Amazon Game Studios'],"['Action', 'Adventure', 'Massively Multiplayer', 'RPG']",['windows'],"['Multi-player', 'MMO', 'PvP', 'Online PvP', 'Co-op', 'Online Co-op', 'Steam Achievements', 'In-App Purchases', 'Adjustable Text Size', 'Camera Comfort', 'Chat Speech-to-text', 'Chat Text-to-speech', 'Color Alternatives', 'Custom Volume Controls', 'Keyboard Only Option', 'Playable without Timed Input', 'Save Anytime', 'Stereo Sound', 'Subtitle Options', 'Surround Sound', 'Partial Controller Support']","Sep 28, 2021",,positive,positive
1233,1233,War Thunder,236390,"shoot plane plane go boom
",27,734.1,2025-06-04 17:36:53,"20,000,000 .. 50,000,000",['Gaijin Entertainment'],['Gaijin Network Ltd'],"['Action', 'Massively Multiplayer', 'Simulation', 'Free To Play']","['windows', 'mac', 'linux']","['Single-player', 'Multi-player', 'MMO', 'PvP', 'Online PvP', 'Co-op', 'Online Co-op', 'Cross-Platform Multiplayer', 'Steam Achievements', 'Full controller support', 'VR Supported', 'Steam Trading Cards', 'In-App Purchases', 'Adjustable Text Size', 'Camera Comfort', 'Color Alternatives', 'Custom Volume Controls', 'Playable without Timed Input', 'Stereo Sound', 'Surround Sound', 'Remote Play on Phone', 'Remote Play on Tablet']","Aug 15, 2013",,negative,neutral
1502,1502,Warframe,230410,:^),3,47.25,2025-12-15 23:15:13,"20,000,000 .. 50,000,000",['Digital Extremes'],['Digital Extremes'],"['Action', 'RPG', 'Free To Play']",['windows'],"['Single-player', 'Multi-player', 'Co-op', 'Online Co-op', 'Cross-Platform Multiplayer', 'Steam Achievements', 'Full controller support', 'Steam Trading Cards', 'Steam Workshop', 'In-App Purchases', 'Camera Comfort', 'Color Alternatives', 'Custom Volume Controls', 'Playable without Timed Input', 'Stereo Sound', 'Surround Sound', 'Remote Play on Phone', 'Remote Play on Tablet', 'Remote Play on TV', 'HDR available']","Mar 25, 2013",,positive,positive
1931,1931,Wallpaper Engine,431960,"No Linux compatibility.

Shame.",33,14.383333333333333,2026-03-01 20:12:02,"20,000,000 .. 50,000,000",['Wallpaper Engine Team'],['Wallpaper Engine Team'],"['Casual', 'Indie', 'Animation & Modeling', 'Design & Illustration', 'Photo Editing', 'Utilities']",['windows'],"['Steam Achievements', 'Steam Trading Cards', 'Steam Workshop', 'Steam Workshop', 'Includes level editor']","Nov 16, 2018",499.0,negative,negative
916,916,Left 4 Dead 2,550,LwD,3,11.45,2026-03-01 19:25:21,"50,000,000 .. 100,000,000",['Valve'],['Valve'],['Action'],"['windows', 'linux']","['Single-player', 'Multi-player', 'PvP', 'Online PvP', 'Co-op', 'Online Co-op', 'Steam Achievements', 'Full controller support', 'Steam Trading Cards', 'Captions available', 'Steam Workshop', 'Camera Comfort', 'Color Alternatives', 'Custom Volume Controls', 'Adjustable Difficulty', 'Playable without Timed Input', 'Stereo Sound', 'Surround Sound', 'Steam Cloud', 'Valve Anti-Cheat enabled', 'Stats', 'Includes Source SDK', 'Commentary available', 'Remote Play on Phone', 'Remote Play on Tablet', 'Remote Play on TV', 'Remote Play Together', 'Family Sharing', 'Steam Timeline']","Nov 16, 2009",999.0,neutral,neutral
993,993,Left 4 Dead 2,550,"this game is old but really fun 
and its fun to play with friends",66,58.41666666666666,2026-02-28 08:58:24,"50,000,000 .. 100,000,000",['Valve'],['Valve'],['Action'],"['windows', 'linux']","['Single-player', 'Multi-player', 'PvP', 'Online PvP', 'Co-op', 'Online Co-op', 'Steam Achievements', 'Full controller support', 'Steam Trading Cards', 'Captions available', 'Steam Workshop', 'Camera Comfort', 'Color Alternatives', 'Custom Volume Controls', 'Adjustable Difficulty', 'Playable without Timed Input', 'Stereo Sound', 'Surround Sound', 'Steam Cloud', 'Valve Anti-Cheat enabled', 'Stats', 'Includes Source SDK', 'Commentary available', 'Remote Play on Phone', 'Remote Play on Tablet', 'Remote Play on TV', 'Remote Play Together', 'Family Sharing', 'Steam Timeline']","Nov 16, 2009",999.0,positive,positive
429,429,Team Fortress 2,440,this game is peak if you find the community server you like,59,43.583333333333336,2026-02-26 14:25:11,"50,000,000 .. 100,000,000",['Valve'],['Valve'],"['Action', 'Free To Play']","['windows', 'linux']","['Multi-player', 'Cross-Platform Multiplayer', 'Steam Achievements', 'Steam Trading Cards', 'Captions available', 'Steam Workshop', 'In-App Purchases', 'Camera Comfort', 'Color Alternatives', 'Custom Volume Controls', 'Stereo Sound', 'Surround Sound', 'Partial Controller Support', 'Valve Anti-Cheat enabled', 'Stats', 'Includes level editor', 'Commentary available', 'Remote Play on Phone', 'Remote Play on Tablet']","Oct 10, 2007",,positive,positive
1370,1370,Monster Hunter Wilds,2246340,c:,2,74.63333333333334,2026-02-28 20:53:45,"20,000,000 .. 50,000,000","['CAPCOM Co., Ltd.']","['CAPCOM Co., Ltd.']","['Action', 'Adventure', 'RPG']",['windows'],"['Single-player', 'Multi-player', 'Co-op', 'Online Co-op', 'Cross-Platform Multiplayer', 'Steam Achievements', 'Full controller support', 'Steam Trading Cards', 'Adjustable Text Size', 'Camera Comfort', 'Color Alternatives', 'Custom Volume Controls', 'Keyboard Only Option', 'Stereo Sound', 'Subtitle Options', 'Surround Sound', 'Steam Cloud', 'HDR available', 'Family Sharing']","Feb 27, 2025",6999.0,neutral,neutral
239,239,PUBG: BATTLEGROUNDS,578080,Bubba G or fortnite bubba geeeeeeee,35,9.583333333333334,2026-02-23 12:30:13,"100,000,000 .. 200,000,000",['PUBG Corporation'],"['KRAFTON, Inc.']","['Action', 'Adventure', 'Massively Multiplayer', 'Free To Play']",['windows'],"['Multi-player', 'PvP', 'Online PvP', 'Stats', 'Remote Play on Phone', 'Remote Play on Tablet']","Dec 21, 2017",,neutral,neutral
879,879,Grand Theft Auto V Legacy,271590,sick game cuz,13,289.5833333333333,2026-02-28 20:35:12,"50,000,000 .. 100,000,000",['Rockstar North'],['Rockstar Games'],"['Action', 'Adventure']",['windows'],"['Single-player', 'Multi-player', 'PvP', 'Online PvP', 'Co-op', 'Online Co-op', 'Steam Achievements', 'Full controller support', 'Remote Play on Phone', 'Remote Play on Tablet', 'Remote Play on TV']","Apr 13, 2015",,negative,negative
620,620,New World: Aeternum,1063730,окончание,9,373.4333333333333,2026-02-26 06:39:21,"50,000,000 .. 100,000,000",['Amazon Game Studios'],['Amazon Game Studios'],"['Action', 'Adventure', 'Massively Multiplayer', 'RPG']",['windows'],"['Multi-player', 'MMO', 'PvP', 'Online PvP', 'Co-op', 'Online Co-op', 'Steam Achievements', 'In-App Purchases', 'Adjustable Text Size', 'Camera Comfort', 'Chat Speech-to-text', 'Chat Text-to-speech', 'Color Alternatives', 'Custom Volume Controls', 'Keyboard Only Option', 'Playable without Timed Input', 'Save Anytime', 'Stereo Sound', 'Subtitle Options', 'Surround Sound', 'Partial Controller Support']","Sep 28, 2021",,neutral,neutral
256,256,PUBG: BATTLEGROUNDS,578080,"You can hardly find a bigger dumpster fire on the internet. Apparently the developers were dropped on their heads as kids, just like the target audience of this game - except the latter grind it 24/7 with no personal life, while the former are just clumsy and talentless. Ranked mode is locked until you reach level 80, even though there’s absolutely no point in it - even in bronze it’s full of unemployed tryhards who are already level 500, along with an extra chromosome. I wouldn’t recommend this to anyone, unless you’re a masochist",537,132.03333333333333,2026-02-21 19:30:16,"100,000,000 .. 200,000,000",['PUBG Corporation'],"['KRAFTON, Inc.']","['Action', 'Adventure', 'Massively Multiplayer', 'Free To Play']",['windows'],"['Multi-player', 'PvP', 'Online PvP', 'Stats', 'Remote Play on Phone', 'Remote Play on Tablet']","Dec 21, 2017",,negative,negative
611,611,New World: Aeternum,1063730,sad :),6,1029.9666666666667,2026-02-28 12:22:04,"50,000,000 .. 100,000,000",['Amazon Game Studios'],['Amazon Game Studios'],"['Action', 'Adventure', 'Massively Multiplayer', 'RPG']",['windows'],"['Multi-player', 'MMO', 'PvP', 'Online PvP', 'Co-op', 'Online Co-op', 'Steam Achievements', 'In-App Purchases', 'Adjustable Text Size', 'Camera Comfort', 'Chat Speech-to-text', 'Chat Text-to-speech', 'Color Alternatives', 'Custom Volume Controls', 'Keyboard Only Option', 'Playable without Timed Input', 'Save Anytime', 'Stereo Sound', 'Subtitle Options', 'Surround Sound', 'Partial Controller Support']","Sep 28, 2021",,neutral,neutral
544,544,Call of Duty: Modern Warfare II,1938090,Boooooo BO7 boooooooo,21,839.5,2026-02-28 19:24:14,"50,000,000 .. 100,000,000","['Treyarch', 'Raven Software', 'Beenox', 'High Moon Studios', 'Sledgehammer Games', 'Infinity Ward', 'Activision Shanghai', 'Demonware']",['Activision'],['Action'],['windows'],"['Single-player', 'Multi-player', 'PvP', 'Online PvP', 'Co-op', 'Online Co-op', 'Cross-Platform Multiplayer', 'Steam Achievements', 'Captions available', 'In-App Purchases', 'Adjustable Text Size', 'Camera Comfort', 'Color Alternatives', 'Custom Volume Controls', 'Playable without Timed Input', 'Stereo Sound', 'Subtitle Options', 'Surround Sound', 'Partial Controller Support', 'HDR available']","Oct 27, 2022",,neutral,neutral
771,771,Black Myth: Wukong,2358720,جامده,5,7.1,2026-02-28 03:19:44,"50,000,000 .. 100,000,000",['Game Science'],['Game Science'],"['Action', 'Adventure', 'RPG']",['windows'],"['Single-player', 'Steam Achievements', 'Full controller support', 'Steam Trading Cards', 'Playable without Timed Input', 'Stereo Sound', 'Surround Sound', 'Steam Cloud', 'Family Sharing']","Aug 19, 2024",5999.0,neutral,neutral
1419,1419,HELLDIVERS 2,553850,"Anyone wants a 4 player team game that is fun I cant recommend this game enough.
At the time of writing i have 81.7 hours on the game, all on the stem deck oled.
I am writing this after the machinery of oppression came out and after the (failed) battle for cyberstan.
Yes, the game is not perfect.
The AR-2 coyote is quite op,
The explosive crossbow is definetly op,
The quasar cannon basically one shots most things on the bot front.
However, the community is one of the best game communities of all time, there are basically no toxic players, And the game is very fun.
On the downside, if a toxic player hasn't connected a psn account the report button LITERALLY does nothing. And I mean NOTHING. It literally says that we you try report a player with no psn account connected. The best you can do is block them and move on. Also PLEASE FOR THE LOVE OF GOD IF YOU HAVE A MIC USE PUSH-TO-TALK. Its somewhere in settings. push button is caps lock.

P.S. If anyone tells you ""you NEED to get the democratic detonation warbond first"", no you dont. I have over 80 hours in the game and numerous other warbonds but I dont have democratic detonation yet and I'm doing just fine without it. 

P.P.S. DEMOCACY",1202,82.01666666666667,2026-03-01 22:54:29,"20,000,000 .. 50,000,000",['Arrowhead Game Studios'],['PlayStation Publishing LLC'],['Action'],['windows'],"['Multi-player', 'Co-op', 'Online Co-op', 'Steam Achievements', 'In-App Purchases', 'Adjustable Text Size', 'Camera Comfort', 'Chat Speech-to-text', 'Chat Text-to-speech', 'Color Alternatives', 'Custom Volume Controls', 'Adjustable Difficulty', 'Narrated Game Menus', 'Playable without Timed Input', 'Stereo Sound', 'Subtitle Options', 'Surround Sound', 'Partial Controller Support', 'Family Sharing']","Feb 8, 2024",3999.0,positive,positive
1041,1041,Unturned,304930,"Unturned is a sleeper hit that really pulls you in. The crafting system is way deeper than it looks at first, and the open world? Packed with places to explore, loot to snag, and weird little surprises around every corner.

There’s a ton of stuff to gather and build with, so you can totally make your playstyle your own, whether you're going full survivalist, base-builder, or just roaming and causing chaos.

Multiplayer takes it to another level. You can team up with your buddies or go full rogue and mess with other players - either way, it keeps things fresh and wild.

With its super addictive loop and a community that’s always doing cool stuff, Unturned easily earns its spot as a must-try if you’re into survival games.",729,1053.8666666666666,2024-04-02 14:03:10,"50,000,000 .. 100,000,000",['Smartly Dressed Games'],['Smartly Dressed Games'],"['Action', 'Adventure', 'Casual', 'Indie', 'Free To Play']","['windows', 'mac', 'linux']","['Single-player', 'Multi-player', 'PvP', 'Online PvP', 'LAN PvP', 'Co-op', 'Online Co-op', 'LAN Co-op', 'Steam Achievements', 'Steam Trading Cards', 'Steam Workshop', 'In-App Purchases', 'Camera Comfort', 'Custom Volume Controls', 'Adjustable Difficulty', 'Playable without Timed Input', 'Stereo Sound', 'Steam Cloud', 'Valve Anti-Cheat enabled', 'Stats', 'Includes level editor', 'Remote Play on Tablet']","Jul 7, 2017",,positive,positive
1789,1789,Terraria,105600,Classic staple to own on every device.,38,173.76666666666668,2026-03-01 15:35:33,"20,000,000 .. 50,000,000",['Re-Logic'],['Re-Logic'],"['Action', 'Adventure', 'Indie', 'RPG']","['windows', 'mac', 'linux']","['Single-player', 'Multi-player', 'PvP', 'Online PvP', 'Co-op', 'Online Co-op', 'Steam Achievements', 'Full controller support', 'Steam Trading Cards', 'Steam Cloud', 'Remote Play on Phone', 'Remote Play on Tablet', 'Remote Play on TV', 'Family Sharing']","May 16, 2011",999.0,positive,positive
759,759,Black Myth: Wukong,2358720,One of the best games ever made without a DOUBT!!!!!!,53,130.46666666666667,2026-02-28 14:28:31,"50,000,000 .. 100,000,000",['Game Science'],['Game Science'],"['Action', 'Adventure', 'RPG']",['windows'],"['Single-player', 'Steam Achievements', 'Full controller support', 'Steam Trading Cards', 'Playable without Timed Input', 'Stereo Sound', 'Surround Sound', 'Steam Cloud', 'Family Sharing']","Aug 19, 2024",5999.0,positive,positive
382,382,Palworld,1623730,Just a feel good game,21,525.2666666666667,2026-02-27 21:11:58,"50,000,000 .. 100,000,000",['Pocketpair'],['Pocketpair'],"['Action', 'Adventure', 'Indie', 'RPG', 'Early Access']",['windows'],"['Single-player', 'Multi-player', 'Co-op', 'Online Co-op', 'Cross-Platform Multiplayer', 'Steam Achievements', 'Full controller support', 'Steam Trading Cards', 'Steam Workshop', 'Steam Cloud', 'Family Sharing']","Jan 18, 2024",2999.0,positive,positive
1103,1103,Lost Ark,1599340,Very bad experience if u want to return or start new.,53,181.63333333333333,2026-02-22 18:23:28,"50,000,000 .. 100,000,000",['Smilegate RPG'],['Amazon Game Studios'],"['Action', 'Adventure', 'Massively Multiplayer', 'RPG', 'Free To Play']",['windows'],"['Single-player', 'Multi-player', 'MMO', 'PvP', 'Online PvP', 'Co-op', 'Online Co-op', 'Steam Achievements', 'In-App Purchases', 'Adjustable Text Size', 'Camera Comfort', 'Color Alternatives', 'Custom Volume Controls', 'Keyboard Only Option', 'Playable without Timed Input', 'Save Anytime', 'Partial Controller Support']","Feb 11, 2022",,negative,negative
973,973,Left 4 Dead 2,550,YES,3,6.033333333333333,2026-02-28 19:58:41,"50,000,000 .. 100,000,000",['Valve'],['Valve'],['Action'],"['windows', 'linux']","['Single-player', 'Multi-player', 'PvP', 'Online PvP', 'Co-op', 'Online Co-op', 'Steam Achievements', 'Full controller support', 'Steam Trading Cards', 'Captions available', 'Steam Workshop', 'Camera Comfort', 'Color Alternatives', 'Custom Volume Controls', 'Adjustable Difficulty', 'Playable without Timed Input', 'Stereo Sound', 'Surround Sound', 'Steam Cloud', 'Valve Anti-Cheat enabled', 'Stats', 'Includes Source SDK', 'Commentary available', 'Remote Play on Phone', 'Remote Play on Tablet', 'Remote Play on TV', 'Remote Play Together', 'Family Sharing', 'Steam Timeline']","Nov 16, 2009",999.0,neutral,positive
352,352,Palworld,1623730,i play this game all the time its so amazing you have got to play this more,75,98.55,2026-02-28 14:39:43,"50,000,000 .. 100,000,000",['Pocketpair'],['Pocketpair'],"['Action', 'Adventure', 'Indie', 'RPG', 'Early Access']",['windows'],"['Single-player', 'Multi-player', 'Co-op', 'Online Co-op', 'Cross-Platform Multiplayer', 'Steam Achievements', 'Full controller support', 'Steam Trading Cards', 'Steam Workshop', 'Steam Cloud', 'Family Sharing']","Jan 18, 2024",2999.0,positive,positive
1605,1605,ELDEN RING,1245620,Elden Ring completely captivated me from the moment I stepped into the Lands Between its a once-in-a-lifetime experience.,121,112.1,2026-03-01 23:54:34,"20,000,000 .. 50,000,000","['FromSoftware, Inc.']","['FromSoftware, Inc.', 'Bandai Namco Entertainment']","['Action', 'RPG']",['windows'],"['Single-player', 'Multi-player', 'PvP', 'Online PvP', 'Co-op', 'Online Co-op', 'Steam Achievements', 'Full controller support', 'Steam Trading Cards', 'Camera Comfort', 'Custom Volume Controls', 'Playable without Timed Input', 'Save Anytime', 'Stereo Sound', 'Surround Sound', 'Steam Cloud', 'Family Sharing']","Feb 24, 2022",5999.0,positive,positive
1825,1825,Path of Exile 2,2694490,The one ARPG to rule them all!,30,302.7333333333333,2026-02-28 17:48:10,"20,000,000 .. 50,000,000",['Grinding Gear Games'],['Grinding Gear Games'],"['Action', 'Adventure', 'Massively Multiplayer', 'RPG', 'Early Access']",['windows'],"['Single-player', 'Multi-player', 'MMO', 'Co-op', 'Online Co-op', 'Full controller support', 'HDR available']","Dec 6, 2024",2999.0,neutral,positive
1036,1036,Unturned,304930,"great grahics
",15,103.75,2024-05-12 05:44:09,"50,000,000 .. 100,000,000",['Smartly Dressed Games'],['Smartly Dressed Games'],"['Action', 'Adventure', 'Casual', 'Indie', 'Free To Play']","['windows', 'mac', 'linux']","['Single-player', 'Multi-player', 'PvP', 'Online PvP', 'LAN PvP', 'Co-op', 'Online Co-op', 'LAN Co-op', 'Steam Achievements', 'Steam Trading Cards', 'Steam Workshop', 'In-App Purchases', 'Camera Comfort', 'Custom Volume Controls', 'Adjustable Difficulty', 'Playable without Timed Input', 'Stereo Sound', 'Steam Cloud', 'Valve Anti-Cheat enabled', 'Stats', 'Includes level editor', 'Remote Play on Tablet']","Jul 7, 2017",,positive,positive
1107,1107,Lost Ark,1599340,"The combat was immaculate, the atmosphere phenomenal, control over the character great, end-game difficulty ranging from acceptable to demanding, the world jaw-dropping. The original Korean devs were praised and glorified - we were lied to, wanted to believe. And no matter how great a South Korean developer might be, unfortunately they are irreformable in their philosophy of pay2win and bloated design, just like the Japanese developers are. They are AMAZING at pretty much everything else, but being so stuck in their ways in those two aspects, unfortunately, trumps whatever amazingness they did, do and will deliver in the future.

People blame Amazon but the outcome was set from the start; they were merely a handler, unable to alter the most vital decisions of the South Koreans. It. Was. Inevitable.

Now it's a dream long dead...",840,927.4666666666668,2026-02-21 12:13:43,"50,000,000 .. 100,000,000",['Smilegate RPG'],['Amazon Game Studios'],"['Action', 'Adventure', 'Massively Multiplayer', 'RPG', 'Free To Play']",['windows'],"['Single-player', 'Multi-player', 'MMO', 'PvP', 'Online PvP', 'Co-op', 'Online Co-op', 'Steam Achievements', 'In-App Purchases', 'Adjustable Text Size', 'Camera Comfort', 'Color Alternatives', 'Custom Volume Controls', 'Keyboard Only Option', 'Playable without Timed Input', 'Save Anytime', 'Partial Controller Support']","Feb 11, 2022",,negative,positive
494,494,Team Fortress 2,440,"I quit tf2 2 years ago because of cheaters and I'm quitting until people stop cheating.
Get me theropy I need it.",114,64.68333333333334,2026-02-14 06:15:44,"50,000,000 .. 100,000,000",['Valve'],['Valve'],"['Action', 'Free To Play']","['windows', 'linux']","['Multi-player', 'Cross-Platform Multiplayer', 'Steam Achievements', 'Steam Trading Cards', 'Captions available', 'Steam Workshop', 'In-App Purchases', 'Camera Comfort', 'Color Alternatives', 'Custom Volume Controls', 'Stereo Sound', 'Surround Sound', 'Partial Controller Support', 'Valve Anti-Cheat enabled', 'Stats', 'Includes level editor', 'Commentary available', 'Remote Play on Phone', 'Remote Play on Tablet']","Oct 10, 2007",,negative,negative
393,393,Palworld,1623730,one of best game,16,875.6833333333333,2026-02-27 11:07:44,"50,000,000 .. 100,000,000",['Pocketpair'],['Pocketpair'],"['Action', 'Adventure', 'Indie', 'RPG', 'Early Access']",['windows'],"['Single-player', 'Multi-player', 'Co-op', 'Online Co-op', 'Cross-Platform Multiplayer', 'Steam Achievements', 'Full controller support', 'Steam Trading Cards', 'Steam Workshop', 'Steam Cloud', 'Family Sharing']","Jan 18, 2024",2999.0,positive,positive
1546,1546,Warframe,230410,great game worth the time I spent on it.,40,1249.65,2024-02-06 22:00:40,"20,000,000 .. 50,000,000",['Digital Extremes'],['Digital Extremes'],"['Action', 'RPG', 'Free To Play']",['windows'],"['Single-player', 'Multi-player', 'Co-op', 'Online Co-op', 'Cross-Platform Multiplayer', 'Steam Achievements', 'Full controller support', 'Steam Trading Cards', 'Steam Workshop', 'In-App Purchases', 'Camera Comfort', 'Color Alternatives', 'Custom Volume Controls', 'Playable without Timed Input', 'Stereo Sound', 'Surround Sound', 'Remote Play on Phone', 'Remote Play on Tablet', 'Remote Play on TV', 'HDR available']","Mar 25, 2013",,positive,positive
464,464,Team Fortress 2,440,best game ever.,15,271.1333333333333,2026-02-20 00:58:18,"50,000,000 .. 100,000,000",['Valve'],['Valve'],"['Action', 'Free To Play']","['windows', 'linux']","['Multi-player', 'Cross-Platform Multiplayer', 'Steam Achievements', 'Steam Trading Cards', 'Captions available', 'Steam Workshop', 'In-App Purchases', 'Camera Comfort', 'Color Alternatives', 'Custom Volume Controls', 'Stereo Sound', 'Surround Sound', 'Partial Controller Support', 'Valve Anti-Cheat enabled', 'Stats', 'Includes level editor', 'Commentary available', 'Remote Play on Phone', 'Remote Play on Tablet']","Oct 10, 2007",,positive,positive
886,886,Grand Theft Auto V Legacy,271590,very good game,14,65.4,2026-02-28 19:42:18,"50,000,000 .. 100,000,000",['Rockstar North'],['Rockstar Games'],"['Action', 'Adventure']",['windows'],"['Single-player', 'Multi-player', 'PvP', 'Online PvP', 'Co-op', 'Online Co-op', 'Steam Achievements', 'Full controller support', 'Remote Play on Phone', 'Remote Play on Tablet', 'Remote Play on TV']","Apr 13, 2015",,positive,positive
1193,1193,Lost Ark,1599340,mid,3,7907.5,2025-11-20 00:50:22,"50,000,000 .. 100,000,000",['Smilegate RPG'],['Amazon Game Studios'],"['Action', 'Adventure', 'Massively Multiplayer', 'RPG', 'Free To Play']",['windows'],"['Single-player', 'Multi-player', 'MMO', 'PvP', 'Online PvP', 'Co-op', 'Online Co-op', 'Steam Achievements', 'In-App Purchases', 'Adjustable Text Size', 'Camera Comfort', 'Color Alternatives', 'Custom Volume Controls', 'Keyboard Only Option', 'Playable without Timed Input', 'Save Anytime', 'Partial Controller Support']","Feb 11, 2022",,neutral,neutral
366,366,Palworld,1623730,everything,10,82.05,2026-02-28 05:34:21,"50,000,000 .. 100,000,000",['Pocketpair'],['Pocketpair'],"['Action', 'Adventure', 'Indie', 'RPG', 'Early Access']",['windows'],"['Single-player', 'Multi-player', 'Co-op', 'Online Co-op', 'Cross-Platform Multiplayer', 'Steam Achievements', 'Full controller support', 'Steam Trading Cards', 'Steam Workshop', 'Steam Cloud', 'Family Sharing']","Jan 18, 2024",2999.0,neutral,neutral
1893,1893,Path of Exile 2,2694490,I'm very early into it but the game is so addicting,51,8.116666666666667,2026-02-26 01:41:04,"20,000,000 .. 50,000,000",['Grinding Gear Games'],['Grinding Gear Games'],"['Action', 'Adventure', 'Massively Multiplayer', 'RPG', 'Early Access']",['windows'],"['Single-player', 'Multi-player', 'MMO', 'Co-op', 'Online Co-op', 'Full controller support', 'HDR available']","Dec 6, 2024",2999.0,positive,positive
1873,1873,Path of Exile 2,2694490,Tis Very Good Yes!,18,1292.8,2026-02-26 20:25:18,"20,000,000 .. 50,000,000",['Grinding Gear Games'],['Grinding Gear Games'],"['Action', 'Adventure', 'Massively Multiplayer', 'RPG', 'Early Access']",['windows'],"['Single-player', 'Multi-player', 'MMO', 'Co-op', 'Online Co-op', 'Full controller support', 'HDR available']","Dec 6, 2024",2999.0,positive,positive
744,744,Black Myth: Wukong,2358720,beautiful,9,21.616666666666667,2026-03-01 00:57:47,"50,000,000 .. 100,000,000",['Game Science'],['Game Science'],"['Action', 'Adventure', 'RPG']",['windows'],"['Single-player', 'Steam Achievements', 'Full controller support', 'Steam Trading Cards', 'Playable without Timed Input', 'Stereo Sound', 'Surround Sound', 'Steam Cloud', 'Family Sharing']","Aug 19, 2024",5999.0,positive,positive
529,529,Call of Duty: Modern Warfare II,1938090,"Extremely pissed that activision used dark magic to transmute my roughly 600 hours on mw2 into this cod hq garbage. Every game since that one has been downgrading to straight ♥♥♥♥. Not trying bo7 or anything onwards, this company is greed incarnate making utter slop. I did try mw3 (which also got removed from codhq but left its hours behind) and bo6. They had minor redeeming qualities but were really not worth it.",417,804.85,2026-03-01 04:45:02,"50,000,000 .. 100,000,000","['Treyarch', 'Raven Software', 'Beenox', 'High Moon Studios', 'Sledgehammer Games', 'Infinity Ward', 'Activision Shanghai', 'Demonware']",['Activision'],['Action'],['windows'],"['Single-player', 'Multi-player', 'PvP', 'Online PvP', 'Co-op', 'Online Co-op', 'Cross-Platform Multiplayer', 'Steam Achievements', 'Captions available', 'In-App Purchases', 'Adjustable Text Size', 'Camera Comfort', 'Color Alternatives', 'Custom Volume Controls', 'Playable without Timed Input', 'Stereo Sound', 'Subtitle Options', 'Surround Sound', 'Partial Controller Support', 'HDR available']","Oct 27, 2022",,negative,negative
802,802,Grand Theft Auto V Legacy,271590,"THE GOLDEN GAME 
",18,355.1,2026-03-01 23:57:37,"50,000,000 .. 100,000,000",['Rockstar North'],['Rockstar Games'],"['Action', 'Adventure']",['windows'],"['Single-player', 'Multi-player', 'PvP', 'Online PvP', 'Co-op', 'Online Co-op', 'Steam Achievements', 'Full controller support', 'Remote Play on Phone', 'Remote Play on Tablet', 'Remote Play on TV']","Apr 13, 2015",,neutral,positive
1223,1223,War Thunder,236390,"i only play warthunder because i cant stop. i go away dont play it then the next day im playing it again. i dont want this, this is against my own will please send help D:",171,134.63333333333333,2025-08-05 23:43:11,"20,000,000 .. 50,000,000",['Gaijin Entertainment'],['Gaijin Network Ltd'],"['Action', 'Massively Multiplayer', 'Simulation', 'Free To Play']","['windows', 'mac', 'linux']","['Single-player', 'Multi-player', 'MMO', 'PvP', 'Online PvP', 'Co-op', 'Online Co-op', 'Cross-Platform Multiplayer', 'Steam Achievements', 'Full controller support', 'VR Supported', 'Steam Trading Cards', 'In-App Purchases', 'Adjustable Text Size', 'Camera Comfort', 'Color Alternatives', 'Custom Volume Controls', 'Playable without Timed Input', 'Stereo Sound', 'Surround Sound', 'Remote Play on Phone', 'Remote Play on Tablet']","Aug 15, 2013",,positive,negative
1978,1978,Wallpaper Engine,431960,"if my walls dont move, then they shouldn't be walls",51,5.15,2026-03-01 04:13:45,"20,000,000 .. 50,000,000",['Wallpaper Engine Team'],['Wallpaper Engine Team'],"['Casual', 'Indie', 'Animation & Modeling', 'Design & Illustration', 'Photo Editing', 'Utilities']",['windows'],"['Steam Achievements', 'Steam Trading Cards', 'Steam Workshop', 'Steam Workshop', 'Includes level editor']","Nov 16, 2018",499.0,neutral,negative
1905,1905,Wallpaper Engine,431960,4er,3,9.55,2026-03-02 01:14:34,"20,000,000 .. 50,000,000",['Wallpaper Engine Team'],['Wallpaper Engine Team'],"['Casual', 'Indie', 'Animation & Modeling', 'Design & Illustration', 'Photo Editing', 'Utilities']",['windows'],"['Steam Achievements', 'Steam Trading Cards', 'Steam Workshop', 'Steam Workshop', 'Includes level editor']","Nov 16, 2018",499.0,neutral,neutral
1699,1699,ELDEN RING,1245620,"Negative goes due to:
1. Intermittent freezing. Game still suffers from intermittent freezing, google easily brings you down to 2022 when people were complaining and suffering (2-20 s freezes are NOT OK).
2. Camera: auto-centering. Again, same as before, came out broken in 2022, stayed like that. Went over posts of some past years, it seems there was an attempt to fix it - did not manage (albeit there is a toggle now that helps a tiny bit).
3. Optimization. For the love of god, at least put DLSS if you cannot manage. DLSS came out in 2019, i.e. 3 years before the original game launch. There is no excuse for occasional FPS tanking to 30 fps (most of the time it sticks at a cap of 60 though) on RTX 5070 Ti. Not to mention that the GPU ``chills'' at ~55% utilization during a tank, even less loaded otherwise.",819,10.866666666666667,2026-02-28 23:50:48,"20,000,000 .. 50,000,000","['FromSoftware, Inc.']","['FromSoftware, Inc.', 'Bandai Namco Entertainment']","['Action', 'RPG']",['windows'],"['Single-player', 'Multi-player', 'PvP', 'Online PvP', 'Co-op', 'Online Co-op', 'Steam Achievements', 'Full controller support', 'Steam Trading Cards', 'Camera Comfort', 'Custom Volume Controls', 'Playable without Timed Input', 'Save Anytime', 'Stereo Sound', 'Surround Sound', 'Steam Cloud', 'Family Sharing']","Feb 24, 2022",5999.0,negative,negative
1544,1544,Warframe,230410,addictive and keep coming back even after burnout,49,1715.1333333333334,2024-03-27 13:49:39,"20,000,000 .. 50,000,000",['Digital Extremes'],['Digital Extremes'],"['Action', 'RPG', 'Free To Play']",['windows'],"['Single-player', 'Multi-player', 'Co-op', 'Online Co-op', 'Cross-Platform Multiplayer', 'Steam Achievements', 'Full controller support', 'Steam Trading Cards', 'Steam Workshop', 'In-App Purchases', 'Camera Comfort', 'Color Alternatives', 'Custom Volume Controls', 'Playable without Timed Input', 'Stereo Sound', 'Surround Sound', 'Remote Play on Phone', 'Remote Play on Tablet', 'Remote Play on TV', 'HDR available']","Mar 25, 2013",,neutral,neutral
1313,1313,Monster Hunter Wilds,2246340,"If you like hunting monsters I would get this game, if your pc is good I would get this game",92,163.5,2026-03-01 18:19:03,"20,000,000 .. 50,000,000","['CAPCOM Co., Ltd.']","['CAPCOM Co., Ltd.']","['Action', 'Adventure', 'RPG']",['windows'],"['Single-player', 'Multi-player', 'Co-op', 'Online Co-op', 'Cross-Platform Multiplayer', 'Steam Achievements', 'Full controller support', 'Steam Trading Cards', 'Adjustable Text Size', 'Camera Comfort', 'Color Alternatives', 'Custom Volume Controls', 'Keyboard Only Option', 'Stereo Sound', 'Subtitle Options', 'Surround Sound', 'Steam Cloud', 'HDR available', 'Family Sharing']","Feb 27, 2025",6999.0,positive,positive
306,306,Palworld,1623730,"I love this game, I truly do but the bugs and glitches seriously need to be fixed. The game will crash several times if you're playing online with friends. There is a horrible bug that will take you to the character creation screen and attempt to delete your saved file and all progress... forcing you restore from old backups (wont always work). I know the game is still in development but these are serious issues impacting gameplay.",435,460.2166666666666,2026-03-01 22:28:29,"50,000,000 .. 100,000,000",['Pocketpair'],['Pocketpair'],"['Action', 'Adventure', 'Indie', 'RPG', 'Early Access']",['windows'],"['Single-player', 'Multi-player', 'Co-op', 'Online Co-op', 'Cross-Platform Multiplayer', 'Steam Achievements', 'Full controller support', 'Steam Trading Cards', 'Steam Workshop', 'Steam Cloud', 'Family Sharing']","Jan 18, 2024",2999.0,negative,negative
1666,1666,ELDEN RING,1245620,"Fantastic Game, can get a little difficult at times",51,152.91666666666666,2026-03-01 09:04:41,"20,000,000 .. 50,000,000","['FromSoftware, Inc.']","['FromSoftware, Inc.', 'Bandai Namco Entertainment']","['Action', 'RPG']",['windows'],"['Single-player', 'Multi-player', 'PvP', 'Online PvP', 'Co-op', 'Online Co-op', 'Steam Achievements', 'Full controller support', 'Steam Trading Cards', 'Camera Comfort', 'Custom Volume Controls', 'Playable without Timed Input', 'Save Anytime', 'Stereo Sound', 'Surround Sound', 'Steam Cloud', 'Family Sharing']","Feb 24, 2022",5999.0,positive,positive
862,862,Grand Theft Auto V Legacy,271590,"Online portion of the game previously worked via Proton but online feature is now inaccessible due to anti-cheat compatibility decisions, with no confirmed plan to restore Linux access.",185,154.65,2026-03-01 03:58:34,"50,000,000 .. 100,000,000",['Rockstar North'],['Rockstar Games'],"['Action', 'Adventure']",['windows'],"['Single-player', 'Multi-player', 'PvP', 'Online PvP', 'Co-op', 'Online Co-op', 'Steam Achievements', 'Full controller support', 'Remote Play on Phone', 'Remote Play on Tablet', 'Remote Play on TV']","Apr 13, 2015",,negative,negative
1566,1566,Warframe,230410,"Damn! i got this game back during the Golden Age (2014) i had it on ps4 it was free and Rhino prime just came out! The black and gold rhino prime. So i bought the pack and sunk deeper and deeper into the game i Eventually lvl'd up high maybe 15 or so and i had then purchased nearly every warframe in the game. Now then then -- *deep immersive story* -*Loads of customisation options from weapons to skins, warframes and color pallets, ships, resources and more...HUGE shop*- Warframes are like action figures, each comes with a few ""powers"" u activate using simple button combos. *best 3rd person SPEED RUNNER space game i can think of. *great community and community chat support, *clans dojo's faction's and guilds. Fun alone or with multiplayer I consider warframe one of my daily's and my 2ND favourite video game. * constantly being worked on and updated, I give this game a full recommendation for anyone! *****",918,656.0166666666667,2022-10-30 07:29:16,"20,000,000 .. 50,000,000",['Digital Extremes'],['Digital Extremes'],"['Action', 'RPG', 'Free To Play']",['windows'],"['Single-player', 'Multi-player', 'Co-op', 'Online Co-op', 'Cross-Platform Multiplayer', 'Steam Achievements', 'Full controller support', 'Steam Trading Cards', 'Steam Workshop', 'In-App Purchases', 'Camera Comfort', 'Color Alternatives', 'Custom Volume Controls', 'Playable without Timed Input', 'Stereo Sound', 'Surround Sound', 'Remote Play on Phone', 'Remote Play on Tablet', 'Remote Play on TV', 'HDR available']","Mar 25, 2013",,positive,positive
530,530,Call of Duty: Modern Warfare II,1938090,great gameplay,14,12.65,2026-03-01 04:21:50,"50,000,000 .. 100,000,000","['Treyarch', 'Raven Software', 'Beenox', 'High Moon Studios', 'Sledgehammer Games', 'Infinity Ward', 'Activision Shanghai', 'Demonware']",['Activision'],['Action'],['windows'],"['Single-player', 'Multi-player', 'PvP', 'Online PvP', 'Co-op', 'Online Co-op', 'Cross-Platform Multiplayer', 'Steam Achievements', 'Captions available', 'In-App Purchases', 'Adjustable Text Size', 'Camera Comfort', 'Color Alternatives', 'Custom Volume Controls', 'Playable without Timed Input', 'Stereo Sound', 'Subtitle Options', 'Surround Sound', 'Partial Controller Support', 'HDR available']","Oct 27, 2022",,positive,positive
654,654,New World: Aeternum,1063730,give me my money back!,22,72.71666666666667,2026-02-18 19:00:43,"50,000,000 .. 100,000,000",['Amazon Game Studios'],['Amazon Game Studios'],"['Action', 'Adventure', 'Massively Multiplayer', 'RPG']",['windows'],"['Multi-player', 'MMO', 'PvP', 'Online PvP', 'Co-op', 'Online Co-op', 'Steam Achievements', 'In-App Purchases', 'Adjustable Text Size', 'Camera Comfort', 'Chat Speech-to-text', 'Chat Text-to-speech', 'Color Alternatives', 'Custom Volume Controls', 'Keyboard Only Option', 'Playable without Timed Input', 'Save Anytime', 'Stereo Sound', 'Subtitle Options', 'Surround Sound', 'Partial Controller Support']","Sep 28, 2021",,neutral,neutral
1259,1259,War Thunder,236390,I loaded up my first match only to get killed when a pixel of my tank pokes out from the side of the building. 10/10 would get sniped again.,140,533.7333333333333,2024-10-09 05:43:41,"20,000,000 .. 50,000,000",['Gaijin Entertainment'],['Gaijin Network Ltd'],"['Action', 'Massively Multiplayer', 'Simulation', 'Free To Play']","['windows', 'mac', 'linux']","['Single-player', 'Multi-player', 'MMO', 'PvP', 'Online PvP', 'Co-op', 'Online Co-op', 'Cross-Platform Multiplayer', 'Steam Achievements', 'Full controller support', 'VR Supported', 'Steam Trading Cards', 'In-App Purchases', 'Adjustable Text Size', 'Camera Comfort', 'Color Alternatives', 'Custom Volume Controls', 'Playable without Timed Input', 'Stereo Sound', 'Surround Sound', 'Remote Play on Phone', 'Remote Play on Tablet']","Aug 15, 2013",,negative,negative
233,233,PUBG: BATTLEGROUNDS,578080,cool,4,214.8333333333333,2026-02-24 05:15:38,"100,000,000 .. 200,000,000",['PUBG Corporation'],"['KRAFTON, Inc.']","['Action', 'Adventure', 'Massively Multiplayer', 'Free To Play']",['windows'],"['Multi-player', 'PvP', 'Online PvP', 'Stats', 'Remote Play on Phone', 'Remote Play on Tablet']","Dec 21, 2017",,positive,positive
120,120,Apex Legends,1172470,this game sucks and i love it,29,1194.1166666666666,2025-07-16 19:51:27,"100,000,000 .. 200,000,000",['Respawn'],['Electronic Arts'],"['Action', 'Adventure', 'Free To Play']",['windows'],"['Multi-player', 'PvP', 'Online PvP', 'Co-op', 'Online Co-op', 'Steam Achievements', 'Full controller support', 'Steam Trading Cards', 'In-App Purchases', 'Chat Speech-to-text', 'Playable without Timed Input']","Nov 4, 2020",,negative,negative
1697,1697,ELDEN RING,1245620,"Has to be one of the worst games i have ever played, if we talking gamplay.

Only good thing about this game are the graphics and the Story.",142,47.1,2026-03-01 00:04:14,"20,000,000 .. 50,000,000","['FromSoftware, Inc.']","['FromSoftware, Inc.', 'Bandai Namco Entertainment']","['Action', 'RPG']",['windows'],"['Single-player', 'Multi-player', 'PvP', 'Online PvP', 'Co-op', 'Online Co-op', 'Steam Achievements', 'Full controller support', 'Steam Trading Cards', 'Camera Comfort', 'Custom Volume Controls', 'Playable without Timed Input', 'Save Anytime', 'Stereo Sound', 'Surround Sound', 'Steam Cloud', 'Family Sharing']","Feb 24, 2022",5999.0,negative,negative
949,949,Left 4 Dead 2,550,got 9/11 hours (jk its a good game),35,911.8666666666668,2026-03-01 05:22:57,"50,000,000 .. 100,000,000",['Valve'],['Valve'],['Action'],"['windows', 'linux']","['Single-player', 'Multi-player', 'PvP', 'Online PvP', 'Co-op', 'Online Co-op', 'Steam Achievements', 'Full controller support', 'Steam Trading Cards', 'Captions available', 'Steam Workshop', 'Camera Comfort', 'Color Alternatives', 'Custom Volume Controls', 'Adjustable Difficulty', 'Playable without Timed Input', 'Stereo Sound', 'Surround Sound', 'Steam Cloud', 'Valve Anti-Cheat enabled', 'Stats', 'Includes Source SDK', 'Commentary available', 'Remote Play on Phone', 'Remote Play on Tablet', 'Remote Play on TV', 'Remote Play Together', 'Family Sharing', 'Steam Timeline']","Nov 16, 2009",999.0,positive,positive
617,617,New World: Aeternum,1063730,Class action incoming. This will be referenced.,47,8.033333333333333,2026-02-26 15:30:51,"50,000,000 .. 100,000,000",['Amazon Game Studios'],['Amazon Game Studios'],"['Action', 'Adventure', 'Massively Multiplayer', 'RPG']",['windows'],"['Multi-player', 'MMO', 'PvP', 'Online PvP', 'Co-op', 'Online Co-op', 'Steam Achievements', 'In-App Purchases', 'Adjustable Text Size', 'Camera Comfort', 'Chat Speech-to-text', 'Chat Text-to-speech', 'Color Alternatives', 'Custom Volume Controls', 'Keyboard Only Option', 'Playable without Timed Input', 'Save Anytime', 'Stereo Sound', 'Subtitle Options', 'Surround Sound', 'Partial Controller Support']","Sep 28, 2021",,neutral,neutral
1178,1178,Lost Ark,1599340,"I will leave you my few cents regarding lostark, as someone with over 9k hours in the game for the past 3 years, think i can pretty much tell you the reason why you SHOULD and SHOULDN'T play this game at all.

So for the SHOULD:

Are you unemployed or rich? then definitely this might be the game for you, as it currently stands for a ready to raid player, you will be needing either a lot of time to catch up, or spend more than 5K USD on RMT to have your basic stuff ready for it.
Do you enjoy combat with great feel design? then again this game is definitely for you, LostArk biggest strength lies on it's combat feel.

Now for the SHOULDN'T:
If you are someone who is not prepared to be put through long playing time because either there is someone who is messing up a lot with late raids, then yeah expect to lose a lot of time in pulls
If you are someone who gets frustated because the class you picked up is doing poorly, then again you are out of luck, smilegate(the developer) has been pretty bad at balancing older classes vs newly released ones
Are you familiar with WOW fomo systems? then be prepared that every new raid might introduce a new GOLD SINK and a NEW PROGRESSION system
Are you someone who enjoys having to get your feedback ignored? Then be prepared, while AMAZON does a good job at compiling a lot of the feedback, the sad reality is that it gets ignored by SMILEGATE.
Are you someone who wants to min-max? Well that's too bad because SMILEGATE doesn't like it that you can min max your build or char, there is always a need to keep you running on the wheel
You like raiding a lot? Well good news, currently you can do up to 18 raids a week between 6 CHARACTERS
Oh also i forgot, unless you are putting some $$$ into the game, then you must be mindful on your investment into your characters too, hence those 18 raids a week done might be done for you to funnel a character into a hard raid status raid ready while the rest rots in the bottom.

While Lostark has creative raid and combat designs, it is constantly constrained and weighted down by many of the system designs that Smilegate wants to push forward, there is no denying in the potential that the game could have, is still there, locked behind an incompetent developer that listens to whales first rather than the casual player
Yes there are still express events that will let you raise 1 character to a playable status but this won't be enough for you to feel at an okay pace to play the game, my honest opinion is that really there are better things to do, learn a language, workout more, or other useful things, LOSTARK is not a game you want to currently play unless you can ignore all the SHOULDN'T and can be okay with the SHOULD to play it.

So yeah that's it folks, if you play and don't want to stress, make 6 valkyries and go full support or 6 bards too, then you have boobs and not so rough time.

So yeah imma go keep playing more WH40k Rogue trader
Cheers",2955,9396.616666666669,2025-12-03 04:54:39,"50,000,000 .. 100,000,000",['Smilegate RPG'],['Amazon Game Studios'],"['Action', 'Adventure', 'Massively Multiplayer', 'RPG', 'Free To Play']",['windows'],"['Single-player', 'Multi-player', 'MMO', 'PvP', 'Online PvP', 'Co-op', 'Online Co-op', 'Steam Achievements', 'In-App Purchases', 'Adjustable Text Size', 'Camera Comfort', 'Color Alternatives', 'Custom Volume Controls', 'Keyboard Only Option', 'Playable without Timed Input', 'Save Anytime', 'Partial Controller Support']","Feb 11, 2022",,negative,neutral
307,307,Palworld,1623730,Great Beta. Keep adding decorating items and new pals and it's a winner!,72,154.01666666666668,2026-03-01 21:33:36,"50,000,000 .. 100,000,000",['Pocketpair'],['Pocketpair'],"['Action', 'Adventure', 'Indie', 'RPG', 'Early Access']",['windows'],"['Single-player', 'Multi-player', 'Co-op', 'Online Co-op', 'Cross-Platform Multiplayer', 'Steam Achievements', 'Full controller support', 'Steam Trading Cards', 'Steam Workshop', 'Steam Cloud', 'Family Sharing']","Jan 18, 2024",2999.0,positive,positive
135,135,Apex Legends,1172470,"why is Ash still alive, im sure Cooper turned her Into Ash",58,9.0,2025-03-07 22:18:17,"100,000,000 .. 200,000,000",['Respawn'],['Electronic Arts'],"['Action', 'Adventure', 'Free To Play']",['windows'],"['Multi-player', 'PvP', 'Online PvP', 'Co-op', 'Online Co-op', 'Steam Achievements', 'Full controller support', 'Steam Trading Cards', 'In-App Purchases', 'Chat Speech-to-text', 'Playable without Timed Input']","Nov 4, 2020",,positive,neutral
554,554,Call of Duty: Modern Warfare II,1938090,"I have been play call of duty for a long time now i don't like bo7 its really bad and warzone 5 is bad to the maps from mw19 on warzone 5 is not bad the gameplay is ♥♥♥♥♥♥♥ ♥♥♥♥ i hate it so much i wish they made a game really like modern warfare 19 and like warzone 1 one we need a game for fans not a crappy for ♥♥♥♥♥♥ money hungry company that only cares for money, Activision I'm giving you real feed back learn from COD mobile that was a really good game it almost had all the maps from that past games even new ones All of the fan base wants a free to play multiplayer game and a good warzone like warzone 1 build of the Modern Warfare engine don't say its not possible it is modder's are able to bring back that engine if you really want money listen to this please Activision we all want this.

PS, Also from me i really enjoyed mw3 and mw19 i want to play a game that's has fast movement and smooth buttery game play for warzone and multiplayer and Maybe (Zombies) i don't really mind not having zombies but like i said i enjoy stuff like that it makes me feel like really good to play please again listen thank you for reading this Activision and fans of Call of duty !",1181,291.1333333333333,2026-02-28 10:36:04,"50,000,000 .. 100,000,000","['Treyarch', 'Raven Software', 'Beenox', 'High Moon Studios', 'Sledgehammer Games', 'Infinity Ward', 'Activision Shanghai', 'Demonware']",['Activision'],['Action'],['windows'],"['Single-player', 'Multi-player', 'PvP', 'Online PvP', 'Co-op', 'Online Co-op', 'Cross-Platform Multiplayer', 'Steam Achievements', 'Captions available', 'In-App Purchases', 'Adjustable Text Size', 'Camera Comfort', 'Color Alternatives', 'Custom Volume Controls', 'Playable without Timed Input', 'Stereo Sound', 'Subtitle Options', 'Surround Sound', 'Partial Controller Support', 'HDR available']","Oct 27, 2022",,negative,negative
1673,1673,ELDEN RING,1245620,Perfect game no notes,21,233.31666666666663,2026-03-01 06:55:06,"20,000,000 .. 50,000,000","['FromSoftware, Inc.']","['FromSoftware, Inc.', 'Bandai Namco Entertainment']","['Action', 'RPG']",['windows'],"['Single-player', 'Multi-player', 'PvP', 'Online PvP', 'Co-op', 'Online Co-op', 'Steam Achievements', 'Full controller support', 'Steam Trading Cards', 'Camera Comfort', 'Custom Volume Controls', 'Playable without Timed Input', 'Save Anytime', 'Stereo Sound', 'Surround Sound', 'Steam Cloud', 'Family Sharing']","Feb 24, 2022",5999.0,positive,positive
583,583,Call of Duty: Modern Warfare II,1938090,Good Game Play,14,625.1833333333333,2026-02-27 05:13:42,"50,000,000 .. 100,000,000","['Treyarch', 'Raven Software', 'Beenox', 'High Moon Studios', 'Sledgehammer Games', 'Infinity Ward', 'Activision Shanghai', 'Demonware']",['Activision'],['Action'],['windows'],"['Single-player', 'Multi-player', 'PvP', 'Online PvP', 'Co-op', 'Online Co-op', 'Cross-Platform Multiplayer', 'Steam Achievements', 'Captions available', 'In-App Purchases', 'Adjustable Text Size', 'Camera Comfort', 'Color Alternatives', 'Custom Volume Controls', 'Playable without Timed Input', 'Stereo Sound', 'Subtitle Options', 'Surround Sound', 'Partial Controller Support', 'HDR available']","Oct 27, 2022",,positive,positive
1640,1640,ELDEN RING,1245620,goated.,7,25.33333333333333,2026-03-01 16:18:47,"20,000,000 .. 50,000,000","['FromSoftware, Inc.']","['FromSoftware, Inc.', 'Bandai Namco Entertainment']","['Action', 'RPG']",['windows'],"['Single-player', 'Multi-player', 'PvP', 'Online PvP', 'Co-op', 'Online Co-op', 'Steam Achievements', 'Full controller support', 'Steam Trading Cards', 'Camera Comfort', 'Custom Volume Controls', 'Playable without Timed Input', 'Save Anytime', 'Stereo Sound', 'Surround Sound', 'Steam Cloud', 'Family Sharing']","Feb 24, 2022",5999.0,neutral,positive
670,670,New World: Aeternum,1063730,Another MMO joins the graveyard. I don't know when we'll get a truly great MMO like we did in the 2000s.,104,60.9,2026-02-14 14:49:12,"50,000,000 .. 100,000,000",['Amazon Game Studios'],['Amazon Game Studios'],"['Action', 'Adventure', 'Massively Multiplayer', 'RPG']",['windows'],"['Multi-player', 'MMO', 'PvP', 'Online PvP', 'Co-op', 'Online Co-op', 'Steam Achievements', 'In-App Purchases', 'Adjustable Text Size', 'Camera Comfort', 'Chat Speech-to-text', 'Chat Text-to-speech', 'Color Alternatives', 'Custom Volume Controls', 'Keyboard Only Option', 'Playable without Timed Input', 'Save Anytime', 'Stereo Sound', 'Subtitle Options', 'Surround Sound', 'Partial Controller Support']","Sep 28, 2021",,positive,negative
834,834,Grand Theft Auto V Legacy,271590,"Absolute Cinema of a Game, 676767 :P",36,58.91666666666666,2026-03-01 14:56:07,"50,000,000 .. 100,000,000",['Rockstar North'],['Rockstar Games'],"['Action', 'Adventure']",['windows'],"['Single-player', 'Multi-player', 'PvP', 'Online PvP', 'Co-op', 'Online Co-op', 'Steam Achievements', 'Full controller support', 'Remote Play on Phone', 'Remote Play on Tablet', 'Remote Play on TV']","Apr 13, 2015",,positive,positive
109,109,Apex Legends,1172470,"used to be good, garbage now. they should have just made Titanfall 3.",69,3.45,2025-10-12 20:47:56,"100,000,000 .. 200,000,000",['Respawn'],['Electronic Arts'],"['Action', 'Adventure', 'Free To Play']",['windows'],"['Multi-player', 'PvP', 'Online PvP', 'Co-op', 'Online Co-op', 'Steam Achievements', 'Full controller support', 'Steam Trading Cards', 'In-App Purchases', 'Chat Speech-to-text', 'Playable without Timed Input']","Nov 4, 2020",,positive,negative
1164,1164,Lost Ark,1599340,4 Balance updates being delayed for 4-5 months is beyond absurd at this point.,78,8420.55,2025-12-23 23:58:17,"50,000,000 .. 100,000,000",['Smilegate RPG'],['Amazon Game Studios'],"['Action', 'Adventure', 'Massively Multiplayer', 'RPG', 'Free To Play']",['windows'],"['Single-player', 'Multi-player', 'MMO', 'PvP', 'Online PvP', 'Co-op', 'Online Co-op', 'Steam Achievements', 'In-App Purchases', 'Adjustable Text Size', 'Camera Comfort', 'Color Alternatives', 'Custom Volume Controls', 'Keyboard Only Option', 'Playable without Timed Input', 'Save Anytime', 'Partial Controller Support']","Feb 11, 2022",,negative,negative
1959,1959,Wallpaper Engine,431960,i get to put a cat on my screen while selecting my main applications and i think that's awesome,95,55.55,2026-03-01 08:57:19,"20,000,000 .. 50,000,000",['Wallpaper Engine Team'],['Wallpaper Engine Team'],"['Casual', 'Indie', 'Animation & Modeling', 'Design & Illustration', 'Photo Editing', 'Utilities']",['windows'],"['Steam Achievements', 'Steam Trading Cards', 'Steam Workshop', 'Steam Workshop', 'Includes level editor']","Nov 16, 2018",499.0,positive,positive
1464,1464,HELLDIVERS 2,553850,this is game is wonderful,25,25.8,2026-03-01 19:58:03,"20,000,000 .. 50,000,000",['Arrowhead Game Studios'],['PlayStation Publishing LLC'],['Action'],['windows'],"['Multi-player', 'Co-op', 'Online Co-op', 'Steam Achievements', 'In-App Purchases', 'Adjustable Text Size', 'Camera Comfort', 'Chat Speech-to-text', 'Chat Text-to-speech', 'Color Alternatives', 'Custom Volume Controls', 'Adjustable Difficulty', 'Narrated Game Menus', 'Playable without Timed Input', 'Stereo Sound', 'Subtitle Options', 'Surround Sound', 'Partial Controller Support', 'Family Sharing']","Feb 8, 2024",3999.0,positive,positive
1728,1728,Terraria,105600,"i spent on this game 100+ hours like nothing, and for people who think its 2D minecraft you're just wrong. The amount of content in this game is crazy + mods",157,108.91666666666669,2026-03-01 21:59:41,"20,000,000 .. 50,000,000",['Re-Logic'],['Re-Logic'],"['Action', 'Adventure', 'Indie', 'RPG']","['windows', 'mac', 'linux']","['Single-player', 'Multi-player', 'PvP', 'Online PvP', 'Co-op', 'Online Co-op', 'Steam Achievements', 'Full controller support', 'Steam Trading Cards', 'Steam Cloud', 'Remote Play on Phone', 'Remote Play on Tablet', 'Remote Play on TV', 'Family Sharing']","May 16, 2011",999.0,negative,positive
1242,1242,War Thunder,236390,its fun when its fun haha,25,2531.233333333333,2025-03-02 17:15:59,"20,000,000 .. 50,000,000",['Gaijin Entertainment'],['Gaijin Network Ltd'],"['Action', 'Massively Multiplayer', 'Simulation', 'Free To Play']","['windows', 'mac', 'linux']","['Single-player', 'Multi-player', 'MMO', 'PvP', 'Online PvP', 'Co-op', 'Online Co-op', 'Cross-Platform Multiplayer', 'Steam Achievements', 'Full controller support', 'VR Supported', 'Steam Trading Cards', 'In-App Purchases', 'Adjustable Text Size', 'Camera Comfort', 'Color Alternatives', 'Custom Volume Controls', 'Playable without Timed Input', 'Stereo Sound', 'Surround Sound', 'Remote Play on Phone', 'Remote Play on Tablet']","Aug 15, 2013",,positive,positive
211,211,PUBG: BATTLEGROUNDS,578080,Best Rage Bait Game,19,67.45,2026-02-28 06:29:59,"100,000,000 .. 200,000,000",['PUBG Corporation'],"['KRAFTON, Inc.']","['Action', 'Adventure', 'Massively Multiplayer', 'Free To Play']",['windows'],"['Multi-player', 'PvP', 'Online PvP', 'Stats', 'Remote Play on Phone', 'Remote Play on Tablet']","Dec 21, 2017",,positive,positive
1767,1767,Terraria,105600,goated,6,133.75,2026-03-01 18:01:18,"20,000,000 .. 50,000,000",['Re-Logic'],['Re-Logic'],"['Action', 'Adventure', 'Indie', 'RPG']","['windows', 'mac', 'linux']","['Single-player', 'Multi-player', 'PvP', 'Online PvP', 'Co-op', 'Online Co-op', 'Steam Achievements', 'Full controller support', 'Steam Trading Cards', 'Steam Cloud', 'Remote Play on Phone', 'Remote Play on Tablet', 'Remote Play on TV', 'Family Sharing']","May 16, 2011",999.0,neutral,positive
1120,1120,Lost Ark,1599340,cool raids,10,2421.616666666667,2026-02-05 23:14:04,"50,000,000 .. 100,000,000",['Smilegate RPG'],['Amazon Game Studios'],"['Action', 'Adventure', 'Massively Multiplayer', 'RPG', 'Free To Play']",['windows'],"['Single-player', 'Multi-player', 'MMO', 'PvP', 'Online PvP', 'Co-op', 'Online Co-op', 'Steam Achievements', 'In-App Purchases', 'Adjustable Text Size', 'Camera Comfort', 'Color Alternatives', 'Custom Volume Controls', 'Keyboard Only Option', 'Playable without Timed Input', 'Save Anytime', 'Partial Controller Support']","Feb 11, 2022",,positive,positive
679,679,New World: Aeternum,1063730,RIP,3,383.1,2026-02-12 03:02:07,"50,000,000 .. 100,000,000",['Amazon Game Studios'],['Amazon Game Studios'],"['Action', 'Adventure', 'Massively Multiplayer', 'RPG']",['windows'],"['Multi-player', 'MMO', 'PvP', 'Online PvP', 'Co-op', 'Online Co-op', 'Steam Achievements', 'In-App Purchases', 'Adjustable Text Size', 'Camera Comfort', 'Chat Speech-to-text', 'Chat Text-to-speech', 'Color Alternatives', 'Custom Volume Controls', 'Keyboard Only Option', 'Playable without Timed Input', 'Save Anytime', 'Stereo Sound', 'Subtitle Options', 'Surround Sound', 'Partial Controller Support']","Sep 28, 2021",,neutral,neutral
1950,1950,Wallpaper Engine,431960,cool wallpapers,15,30.55,2026-03-01 14:32:49,"20,000,000 .. 50,000,000",['Wallpaper Engine Team'],['Wallpaper Engine Team'],"['Casual', 'Indie', 'Animation & Modeling', 'Design & Illustration', 'Photo Editing', 'Utilities']",['windows'],"['Steam Achievements', 'Steam Trading Cards', 'Steam Workshop', 'Steam Workshop', 'Includes level editor']","Nov 16, 2018",499.0,positive,positive
1838,1838,Path of Exile 2,2694490,yeah not bad,12,1701.95,2026-02-27 20:24:42,"20,000,000 .. 50,000,000",['Grinding Gear Games'],['Grinding Gear Games'],"['Action', 'Adventure', 'Massively Multiplayer', 'RPG', 'Early Access']",['windows'],"['Single-player', 'Multi-player', 'MMO', 'Co-op', 'Online Co-op', 'Full controller support', 'HDR available']","Dec 6, 2024",2999.0,positive,positive
411,411,Team Fortress 2,440,bruh its tf2... overwatch is temporary tf2 is forever,53,249.03333333333333,2026-03-01 02:29:57,"50,000,000 .. 100,000,000",['Valve'],['Valve'],"['Action', 'Free To Play']","['windows', 'linux']","['Multi-player', 'Cross-Platform Multiplayer', 'Steam Achievements', 'Steam Trading Cards', 'Captions available', 'Steam Workshop', 'In-App Purchases', 'Camera Comfort', 'Color Alternatives', 'Custom Volume Controls', 'Stereo Sound', 'Surround Sound', 'Partial Controller Support', 'Valve Anti-Cheat enabled', 'Stats', 'Includes level editor', 'Commentary available', 'Remote Play on Phone', 'Remote Play on Tablet']","Oct 10, 2007",,neutral,neutral
1324,1324,Monster Hunter Wilds,2246340,Focus attacks brighten my days :),33,41.48333333333333,2026-03-01 13:47:33,"20,000,000 .. 50,000,000","['CAPCOM Co., Ltd.']","['CAPCOM Co., Ltd.']","['Action', 'Adventure', 'RPG']",['windows'],"['Single-player', 'Multi-player', 'Co-op', 'Online Co-op', 'Cross-Platform Multiplayer', 'Steam Achievements', 'Full controller support', 'Steam Trading Cards', 'Adjustable Text Size', 'Camera Comfort', 'Color Alternatives', 'Custom Volume Controls', 'Keyboard Only Option', 'Stereo Sound', 'Subtitle Options', 'Surround Sound', 'Steam Cloud', 'HDR available', 'Family Sharing']","Feb 27, 2025",6999.0,positive,positive
782,782,Black Myth: Wukong,2358720,good,4,8.1,2026-02-27 17:27:20,"50,000,000 .. 100,000,000",['Game Science'],['Game Science'],"['Action', 'Adventure', 'RPG']",['windows'],"['Single-player', 'Steam Achievements', 'Full controller support', 'Steam Trading Cards', 'Playable without Timed Input', 'Stereo Sound', 'Surround Sound', 'Steam Cloud', 'Family Sharing']","Aug 19, 2024",5999.0,positive,positive
1345,1345,Monster Hunter Wilds,2246340,"One year later, here what I have to say:
Game is really good. 
Even better if you play with friends. 
Give it a try.",119,602.6166666666667,2026-03-01 05:59:28,"20,000,000 .. 50,000,000","['CAPCOM Co., Ltd.']","['CAPCOM Co., Ltd.']","['Action', 'Adventure', 'RPG']",['windows'],"['Single-player', 'Multi-player', 'Co-op', 'Online Co-op', 'Cross-Platform Multiplayer', 'Steam Achievements', 'Full controller support', 'Steam Trading Cards', 'Adjustable Text Size', 'Camera Comfort', 'Color Alternatives', 'Custom Volume Controls', 'Keyboard Only Option', 'Stereo Sound', 'Subtitle Options', 'Surround Sound', 'Steam Cloud', 'HDR available', 'Family Sharing']","Feb 27, 2025",6999.0,positive,positive
874,874,Grand Theft Auto V Legacy,271590,Its a great game but i never received my Great white shark card or a code for it so im pretty annoyed at that,109,61.95,2026-02-28 22:39:41,"50,000,000 .. 100,000,000",['Rockstar North'],['Rockstar Games'],"['Action', 'Adventure']",['windows'],"['Single-player', 'Multi-player', 'PvP', 'Online PvP', 'Co-op', 'Online Co-op', 'Steam Achievements', 'Full controller support', 'Remote Play on Phone', 'Remote Play on Tablet', 'Remote Play on TV']","Apr 13, 2015",,negative,negative
1652,1652,ELDEN RING,1245620,"Just a masterpiece, nothing more I need to say. If you like video games you must play Elden Ring.",97,397.78333333333336,2026-03-01 11:49:14,"20,000,000 .. 50,000,000","['FromSoftware, Inc.']","['FromSoftware, Inc.', 'Bandai Namco Entertainment']","['Action', 'RPG']",['windows'],"['Single-player', 'Multi-player', 'PvP', 'Online PvP', 'Co-op', 'Online Co-op', 'Steam Achievements', 'Full controller support', 'Steam Trading Cards', 'Camera Comfort', 'Custom Volume Controls', 'Playable without Timed Input', 'Save Anytime', 'Stereo Sound', 'Surround Sound', 'Steam Cloud', 'Family Sharing']","Feb 24, 2022",5999.0,positive,positive
1278,1278,War Thunder,236390,10/10 snail,11,392.3666666666667,2024-04-02 05:27:13,"20,000,000 .. 50,000,000",['Gaijin Entertainment'],['Gaijin Network Ltd'],"['Action', 'Massively Multiplayer', 'Simulation', 'Free To Play']","['windows', 'mac', 'linux']","['Single-player', 'Multi-player', 'MMO', 'PvP', 'Online PvP', 'Co-op', 'Online Co-op', 'Cross-Platform Multiplayer', 'Steam Achievements', 'Full controller support', 'VR Supported', 'Steam Trading Cards', 'In-App Purchases', 'Adjustable Text Size', 'Camera Comfort', 'Color Alternatives', 'Custom Volume Controls', 'Playable without Timed Input', 'Stereo Sound', 'Surround Sound', 'Remote Play on Phone', 'Remote Play on Tablet']","Aug 15, 2013",,neutral,positive
785,785,Black Myth: Wukong,2358720,W game W game,13,59.11666666666667,2026-02-27 16:09:21,"50,000,000 .. 100,000,000",['Game Science'],['Game Science'],"['Action', 'Adventure', 'RPG']",['windows'],"['Single-player', 'Steam Achievements', 'Full controller support', 'Steam Trading Cards', 'Playable without Timed Input', 'Stereo Sound', 'Surround Sound', 'Steam Cloud', 'Family Sharing']","Aug 19, 2024",5999.0,negative,neutral
1818,1818,Path of Exile 2,2694490,Mid game boring asf,19,230.91666666666663,2026-03-01 10:50:54,"20,000,000 .. 50,000,000",['Grinding Gear Games'],['Grinding Gear Games'],"['Action', 'Adventure', 'Massively Multiplayer', 'RPG', 'Early Access']",['windows'],"['Single-player', 'Multi-player', 'MMO', 'Co-op', 'Online Co-op', 'Full controller support', 'HDR available']","Dec 6, 2024",2999.0,negative,negative
1198,1198,Lost Ark,1599340,Satisfying combat ruined by boring endgame gameplay loop,56,1146.45,2025-11-16 17:18:33,"50,000,000 .. 100,000,000",['Smilegate RPG'],['Amazon Game Studios'],"['Action', 'Adventure', 'Massively Multiplayer', 'RPG', 'Free To Play']",['windows'],"['Single-player', 'Multi-player', 'MMO', 'PvP', 'Online PvP', 'Co-op', 'Online Co-op', 'Steam Achievements', 'In-App Purchases', 'Adjustable Text Size', 'Camera Comfort', 'Color Alternatives', 'Custom Volume Controls', 'Keyboard Only Option', 'Playable without Timed Input', 'Save Anytime', 'Partial Controller Support']","Feb 11, 2022",,negative,negative
807,807,Grand Theft Auto V Legacy,271590,might be the best game ever made!!,34,57.266666666666666,2026-03-01 22:30:32,"50,000,000 .. 100,000,000",['Rockstar North'],['Rockstar Games'],"['Action', 'Adventure']",['windows'],"['Single-player', 'Multi-player', 'PvP', 'Online PvP', 'Co-op', 'Online Co-op', 'Steam Achievements', 'Full controller support', 'Remote Play on Phone', 'Remote Play on Tablet', 'Remote Play on TV']","Apr 13, 2015",,positive,positive
712,712,Black Myth: Wukong,2358720,"just beat the game, and i all i can say is it the most beautiful game ever, with some of the if not the best boss fights. 
but i wil also say that it can be a pain in ahh to beat.",180,43.18333333333333,2026-03-01 20:39:22,"50,000,000 .. 100,000,000",['Game Science'],['Game Science'],"['Action', 'Adventure', 'RPG']",['windows'],"['Single-player', 'Steam Achievements', 'Full controller support', 'Steam Trading Cards', 'Playable without Timed Input', 'Stereo Sound', 'Surround Sound', 'Steam Cloud', 'Family Sharing']","Aug 19, 2024",5999.0,positive,positive
1990,1990,Wallpaper Engine,431960,i dont like men,15,6.0,2026-03-01 00:01:57,"20,000,000 .. 50,000,000",['Wallpaper Engine Team'],['Wallpaper Engine Team'],"['Casual', 'Indie', 'Animation & Modeling', 'Design & Illustration', 'Photo Editing', 'Utilities']",['windows'],"['Steam Achievements', 'Steam Trading Cards', 'Steam Workshop', 'Steam Workshop', 'Includes level editor']","Nov 16, 2018",499.0,negative,negative
1659,1659,ELDEN RING,1245620,"It's already been said that Elden Ring is one of the best games of all time. I can't argue that the visuals of the game are some of the best ever. Every region looks like a painting come to life. The world is dreadful and sometimes horrific, but there are spots of wonder and pure fantasy.
The gameplay loop is quite addictive. After creating your character and opting in or out of the tutorial, the game throws you in the deep end to explore the world but always nudging you where to go to further the main quest. There's plenty of loot to find and challenging bosses to fight.

Elden Ring is not without it's faults. Some inputs can feel delayed, and there is pop in and other very minimal graphical nitpicks I have. But my complaints are very minor. Overall, this game is peak.",780,10.916666666666666,2026-03-01 10:37:07,"20,000,000 .. 50,000,000","['FromSoftware, Inc.']","['FromSoftware, Inc.', 'Bandai Namco Entertainment']","['Action', 'RPG']",['windows'],"['Single-player', 'Multi-player', 'PvP', 'Online PvP', 'Co-op', 'Online Co-op', 'Steam Achievements', 'Full controller support', 'Steam Trading Cards', 'Camera Comfort', 'Custom Volume Controls', 'Playable without Timed Input', 'Save Anytime', 'Stereo Sound', 'Surround Sound', 'Steam Cloud', 'Family Sharing']","Feb 24, 2022",5999.0,positive,positive
1190,1190,Lost Ark,1599340,amazon sucks for man reason including this cesspool,51,362.48333333333335,2025-11-22 07:16:03,"50,000,000 .. 100,000,000",['Smilegate RPG'],['Amazon Game Studios'],"['Action', 'Adventure', 'Massively Multiplayer', 'RPG', 'Free To Play']",['windows'],"['Single-player', 'Multi-player', 'MMO', 'PvP', 'Online PvP', 'Co-op', 'Online Co-op', 'Steam Achievements', 'In-App Purchases', 'Adjustable Text Size', 'Camera Comfort', 'Color Alternatives', 'Custom Volume Controls', 'Keyboard Only Option', 'Playable without Timed Input', 'Save Anytime', 'Partial Controller Support']","Feb 11, 2022",,negative,negative
1225,1225,War Thunder,236390,Leaking documents is fun 10000/10 would do again,48,54.43333333333333,2025-07-30 00:50:34,"20,000,000 .. 50,000,000",['Gaijin Entertainment'],['Gaijin Network Ltd'],"['Action', 'Massively Multiplayer', 'Simulation', 'Free To Play']","['windows', 'mac', 'linux']","['Single-player', 'Multi-player', 'MMO', 'PvP', 'Online PvP', 'Co-op', 'Online Co-op', 'Cross-Platform Multiplayer', 'Steam Achievements', 'Full controller support', 'VR Supported', 'Steam Trading Cards', 'In-App Purchases', 'Adjustable Text Size', 'Camera Comfort', 'Color Alternatives', 'Custom Volume Controls', 'Playable without Timed Input', 'Stereo Sound', 'Surround Sound', 'Remote Play on Phone', 'Remote Play on Tablet']","Aug 15, 2013",,positive,positive
602,602,New World: Aeternum,1063730,"Game is dead now, but the leveling felt good, just very slow...",63,77.86666666666666,2026-03-01 15:39:15,"50,000,000 .. 100,000,000",['Amazon Game Studios'],['Amazon Game Studios'],"['Action', 'Adventure', 'Massively Multiplayer', 'RPG']",['windows'],"['Multi-player', 'MMO', 'PvP', 'Online PvP', 'Co-op', 'Online Co-op', 'Steam Achievements', 'In-App Purchases', 'Adjustable Text Size', 'Camera Comfort', 'Chat Speech-to-text', 'Chat Text-to-speech', 'Color Alternatives', 'Custom Volume Controls', 'Keyboard Only Option', 'Playable without Timed Input', 'Save Anytime', 'Stereo Sound', 'Subtitle Options', 'Surround Sound', 'Partial Controller Support']","Sep 28, 2021",,negative,negative
270,270,PUBG: BATTLEGROUNDS,578080,+,1,673.0833333333334,2026-02-19 15:09:18,"100,000,000 .. 200,000,000",['PUBG Corporation'],"['KRAFTON, Inc.']","['Action', 'Adventure', 'Massively Multiplayer', 'Free To Play']",['windows'],"['Multi-player', 'PvP', 'Online PvP', 'Stats', 'Remote Play on Phone', 'Remote Play on Tablet']","Dec 21, 2017",,neutral,neutral
1384,1384,Monster Hunter Wilds,2246340,"So far the best Monster Hunter Experience for me since launch date. It's so cinematic and best immersive gameplay I've ever play in this new gen Monster Hunter. It was also a nostalgic seeing old characters from MH4U :D 

All I'm gonna say, just enjoy this game until very moment, no need to rush everything. 

10/10 for me.",324,191.26666666666668,2026-02-28 16:09:56,"20,000,000 .. 50,000,000","['CAPCOM Co., Ltd.']","['CAPCOM Co., Ltd.']","['Action', 'Adventure', 'RPG']",['windows'],"['Single-player', 'Multi-player', 'Co-op', 'Online Co-op', 'Cross-Platform Multiplayer', 'Steam Achievements', 'Full controller support', 'Steam Trading Cards', 'Adjustable Text Size', 'Camera Comfort', 'Color Alternatives', 'Custom Volume Controls', 'Keyboard Only Option', 'Stereo Sound', 'Subtitle Options', 'Surround Sound', 'Steam Cloud', 'HDR available', 'Family Sharing']","Feb 27, 2025",6999.0,positive,positive
231,231,PUBG: BATTLEGROUNDS,578080,-,1,75.51666666666667,2026-02-24 15:37:24,"100,000,000 .. 200,000,000",['PUBG Corporation'],"['KRAFTON, Inc.']","['Action', 'Adventure', 'Massively Multiplayer', 'Free To Play']",['windows'],"['Multi-player', 'PvP', 'Online PvP', 'Stats', 'Remote Play on Phone', 'Remote Play on Tablet']","Dec 21, 2017",,neutral,neutral
49,49,Counter-Strike: Global Offensive,730,bedil bedilan,13,17.966666666666665,2026-03-01 23:54:27,"100,000,000 .. 200,000,000",['Valve'],['Valve'],"['Action', 'Free To Play']","['windows', 'linux']","['Multi-player', 'Cross-Platform Multiplayer', 'Steam Trading Cards', 'Steam Workshop', 'In-App Purchases', 'Adjustable Text Size', 'Camera Comfort', 'Color Alternatives', 'Custom Volume Controls', 'Playable without Timed Input', 'Stereo Sound', 'Surround Sound', 'Valve Anti-Cheat enabled', 'Stats', 'Remote Play on Phone', 'Remote Play on Tablet', 'Remote Play on TV', 'Steam Timeline']","Aug 21, 2012",,neutral,neutral
462,462,Team Fortress 2,440,"the OG. The big chunga. This was one of the big ones, to me. still is. valve nailed it. again.",94,103.88333333333334,2026-02-20 16:00:58,"50,000,000 .. 100,000,000",['Valve'],['Valve'],"['Action', 'Free To Play']","['windows', 'linux']","['Multi-player', 'Cross-Platform Multiplayer', 'Steam Achievements', 'Steam Trading Cards', 'Captions available', 'Steam Workshop', 'In-App Purchases', 'Camera Comfort', 'Color Alternatives', 'Custom Volume Controls', 'Stereo Sound', 'Surround Sound', 'Partial Controller Support', 'Valve Anti-Cheat enabled', 'Stats', 'Includes level editor', 'Commentary available', 'Remote Play on Phone', 'Remote Play on Tablet']","Oct 10, 2007",,neutral,positive
1105,1105,Lost Ark,1599340,"I'm so grateful I quit playing in June of 2022.  It is a truly fun game with great systems and combat, but the RL Money required to push difficult content absolutely ruins the game. I knew this going in, and I got 900 wonderful hours out of it, but eventually, I was spending more than I wanted and shelved it for good.",319,924.1166666666668,2026-02-22 04:17:29,"50,000,000 .. 100,000,000",['Smilegate RPG'],['Amazon Game Studios'],"['Action', 'Adventure', 'Massively Multiplayer', 'RPG', 'Free To Play']",['windows'],"['Single-player', 'Multi-player', 'MMO', 'PvP', 'Online PvP', 'Co-op', 'Online Co-op', 'Steam Achievements', 'In-App Purchases', 'Adjustable Text Size', 'Camera Comfort', 'Color Alternatives', 'Custom Volume Controls', 'Keyboard Only Option', 'Playable without Timed Input', 'Save Anytime', 'Partial Controller Support']","Feb 11, 2022",,positive,negative
855,855,Grand Theft Auto V Legacy,271590,best game,9,31.683333333333337,2026-03-01 07:10:12,"50,000,000 .. 100,000,000",['Rockstar North'],['Rockstar Games'],"['Action', 'Adventure']",['windows'],"['Single-player', 'Multi-player', 'PvP', 'Online PvP', 'Co-op', 'Online Co-op', 'Steam Achievements', 'Full controller support', 'Remote Play on Phone', 'Remote Play on Tablet', 'Remote Play on TV']","Apr 13, 2015",,positive,positive
693,693,New World: Aeternum,1063730,"I started a few times over since the story changed from first release and rerelease. The story was ""meh"" both times.
Lots of racists, hateful, political chatter on world chat.
If you correct a MAGAT with verified true statements to counter their hate propaganda, you get a temp ban.
They are discontinuing support for this game, Amazon Gaming Studios made the announcement right after releasing a ton of new skins which of course everyone bought, and now they'll be gone and the game wont be accessible at the end of the year.
I won't be buying anything from Amazon Gaming Studios ever again.",592,1342.7833333333333,2026-02-08 09:09:30,"50,000,000 .. 100,000,000",['Amazon Game Studios'],['Amazon Game Studios'],"['Action', 'Adventure', 'Massively Multiplayer', 'RPG']",['windows'],"['Multi-player', 'MMO', 'PvP', 'Online PvP', 'Co-op', 'Online Co-op', 'Steam Achievements', 'In-App Purchases', 'Adjustable Text Size', 'Camera Comfort', 'Chat Speech-to-text', 'Chat Text-to-speech', 'Color Alternatives', 'Custom Volume Controls', 'Keyboard Only Option', 'Playable without Timed Input', 'Save Anytime', 'Stereo Sound', 'Subtitle Options', 'Surround Sound', 'Partial Controller Support']","Sep 28, 2021",,negative,negative
1551,1551,Warframe,230410,"at the very end, when i stop playing any and all games, i'll still keep coming back to warframe.",96,2656.0666666666666,2023-12-03 17:33:24,"20,000,000 .. 50,000,000",['Digital Extremes'],['Digital Extremes'],"['Action', 'RPG', 'Free To Play']",['windows'],"['Single-player', 'Multi-player', 'Co-op', 'Online Co-op', 'Cross-Platform Multiplayer', 'Steam Achievements', 'Full controller support', 'Steam Trading Cards', 'Steam Workshop', 'In-App Purchases', 'Camera Comfort', 'Color Alternatives', 'Custom Volume Controls', 'Playable without Timed Input', 'Stereo Sound', 'Surround Sound', 'Remote Play on Phone', 'Remote Play on Tablet', 'Remote Play on TV', 'HDR available']","Mar 25, 2013",,positive,neutral
